SEASON_ID,TEAM_ID,TEAM_ABBREVIATION,TEAM_NAME,GAME_ID,GAME_DATE,MATCHUP,WL,MIN,PTS,FGM,FGA,FG_PCT,FG3M,FG3A,FG3_PCT,FTM,FTA,FT_PCT,OREB,DREB,REB,AST,STL,BLK,TOV,PF,PLUS_MINUS,POSSESSIONS
22023,1610612750,MIN,Minnesota Timberwolves,0022301194,2024-04-14,MIN vs. PHX,L,241,106,36,70,0.514,9,26,0.346,25,31,0.806,12,24,36,22,7,5,24,20,-19.0,93.30000000000001
22023,1610612742,DAL,Dallas Mavericks,0022301196,2024-04-14,DAL @ OKC,L,241,86,32,97,0.33,8,39,0.205,14,17,0.824,12,29,41,19,8,2,14,15,-49.0,106.1
22023,1610612739,CLE,Cleveland Cavaliers,0022301187,2024-04-14,CLE vs. CHA,L,241,110,44,93,0.473,16,33,0.485,6,9,0.667,12,31,43,30,4,1,14,8,-10.0,96.5
22023,1610612753,ORL,Orlando Magic,0022301191,2024-04-14,ORL vs. MIL,W,240,113,42,85,0.494,11,35,0.314,18,19,0.947,7,36,43,27,11,5,11,18,25.0,95.4
22023,1610612740,NOP,New Orleans Pelicans,0022301195,2024-04-14,NOP vs. LAL,L,240,108,41,86,0.477,15,37,0.405,11,14,0.786,10,29,39,26,8,1,19,17,-16.0,100.9
22023,1610612764,WAS,Washington Wizards,0022301186,2024-04-14,WAS @ BOS,L,240,122,49,103,0.476,14,38,0.368,10,10,1.0,8,28,36,33,9,4,11,16,-10.0,105.7
22023,1610612755,PHI,Philadelphia 76ers,0022301192,2024-04-14,PHI vs. BKN,W,240,107,41,96,0.427,14,44,0.318,11,15,0.733,13,44,57,30,8,6,12,16,21.0,99.4
22023,1610612745,HOU,Houston Rockets,0022301199,2024-04-14,HOU @ LAC,W,240,116,50,103,0.485,11,38,0.289,5,14,0.357,17,42,59,31,7,8,18,13,11.0,108.19999999999999
22023,1610612762,UTA,Utah Jazz,0022301198,2024-04-14,UTA @ GSW,L,240,116,46,89,0.517,14,34,0.412,10,16,0.625,14,34,48,22,6,5,19,20,-7.0,100.30000000000001
22023,1610612757,POR,Portland Trail Blazers,0022301200,2024-04-14,POR @ SAC,L,240,82,31,98,0.316,7,45,0.156,13,17,0.765,23,31,54,18,11,2,17,19,-39.0,98.8
22023,1610612752,NYK,New York Knicks,0022301190,2024-04-14,NYK vs. CHI,W,265,120,46,91,0.505,12,32,0.375,16,21,0.762,16,37,53,27,7,6,21,17,1.0,104.4
22023,1610612761,TOR,Toronto Raptors,0022301189,2024-04-14,TOR @ MIA,L,240,103,38,90,0.422,9,34,0.265,18,21,0.857,13,28,41,23,6,3,19,21,-15.0,102.5
22023,1610612765,DET,Detroit Pistons,0022301197,2024-04-14,DET @ SAS,L,239,95,36,92,0.391,8,33,0.242,15,20,0.75,11,29,40,17,7,3,14,9,-28.0,100.3
22023,1610612754,IND,Indiana Pacers,0022301188,2024-04-14,IND vs. ATL,W,239,157,65,100,0.65,19,36,0.528,8,10,0.8,12,36,48,41,10,6,14,24,42.0,105.9
22023,1610612763,MEM,Memphis Grizzlies,0022301193,2024-04-14,MEM vs. DEN,L,240,111,45,100,0.45,8,33,0.242,13,18,0.722,16,27,43,22,9,2,13,18,-15.0,102.30000000000001
22023,1610612756,PHX,Phoenix Suns,0022301185,2024-04-12,PHX @ SAC,W,240,108,40,76,0.526,12,32,0.375,16,17,0.941,6,35,41,25,4,4,18,16,1.0,94.69999999999999
22023,1610612744,GSW,Golden State Warriors,0022301182,2024-04-12,GSW vs. NOP,L,240,109,40,86,0.465,13,34,0.382,16,21,0.762,11,42,53,27,6,5,16,15,-5.0,99.4
22023,1610612754,IND,Indiana Pacers,0022301174,2024-04-12,IND @ CLE,L,239,120,46,89,0.517,9,32,0.281,19,22,0.864,7,32,39,37,7,2,13,17,-9.0,103.0
22023,1610612759,SAS,San Antonio Spurs,0022301180,2024-04-12,SAS vs. DEN,W,240,121,45,85,0.529,15,33,0.455,16,23,0.696,11,38,49,31,2,4,18,13,1.0,101.6
22023,1610612745,HOU,Houston Rockets,0022301183,2024-04-12,HOU @ POR,W,240,116,44,92,0.478,11,39,0.282,17,20,0.85,10,38,48,25,3,5,8,20,9.0,97.8
22023,1610612741,CHI,Chicago Bulls,0022301172,2024-04-12,CHI @ WAS,W,241,129,48,98,0.49,14,35,0.4,19,28,0.679,17,39,56,28,9,6,13,25,2.0,105.4
22023,1610612766,CHA,Charlotte Hornets,0022301173,2024-04-12,CHA @ BOS,L,240,98,32,76,0.421,15,35,0.429,19,22,0.864,4,29,33,20,3,7,19,15,-33.0,99.5
22023,1610612755,PHI,Philadelphia 76ers,0022301171,2024-04-12,PHI vs. ORL,W,239,125,42,88,0.477,18,37,0.486,23,28,0.821,8,36,44,22,6,6,11,20,12.0,104.1
22023,1610612761,TOR,Toronto Raptors,0022301176,2024-04-12,TOR @ MIA,L,241,103,37,77,0.481,10,31,0.323,19,22,0.864,7,34,41,23,1,1,17,21,-22.0,94.5
22023,1610612742,DAL,Dallas Mavericks,0022301181,2024-04-12,DAL vs. DET,L,242,89,36,83,0.434,8,29,0.276,9,12,0.75,9,40,49,20,5,5,20,9,-18.0,98.69999999999999
22023,1610612747,LAL,Los Angeles Lakers,0022301177,2024-04-12,LAL @ MEM,W,241,123,42,81,0.519,13,37,0.351,26,34,0.765,10,29,39,25,5,6,19,17,3.0,102.0
22023,1610612737,ATL,Atlanta Hawks,0022301178,2024-04-12,ATL @ MIN,L,240,106,40,90,0.444,9,30,0.3,17,25,0.68,9,31,40,23,4,1,14,25,-3.0,101.3
22023,1610612751,BKN,Brooklyn Nets,0022301175,2024-04-12,BKN @ NYK,L,241,107,41,82,0.5,11,32,0.344,14,19,0.737,16,29,45,22,3,4,12,19,-4.0,87.8
22023,1610612749,MIL,Milwaukee Bucks,0022301179,2024-04-12,MIL @ OKC,L,240,107,42,85,0.494,11,30,0.367,12,13,0.923,8,34,42,27,7,3,17,15,-18.0,99.1
22023,1610612762,UTA,Utah Jazz,0022301184,2024-04-12,UTA @ LAC,W,241,110,41,88,0.466,6,35,0.171,22,25,0.88,14,32,46,26,7,4,16,14,1.0,98.3
22023,1610612757,POR,Portland Trail Blazers,0022301169,2024-04-11,POR vs. GSW,L,241,92,35,97,0.361,8,34,0.235,14,17,0.824,20,29,49,22,9,3,12,18,-8.0,93.4
22023,1610612741,CHI,Chicago Bulls,0022301166,2024-04-11,CHI @ DET,W,239,127,51,96,0.531,14,36,0.389,11,15,0.733,11,31,42,28,14,5,8,15,22.0,99.1
22023,1610612740,NOP,New Orleans Pelicans,0022301170,2024-04-11,NOP @ SAC,W,240,135,49,86,0.57,22,40,0.55,15,18,0.833,5,35,40,35,7,2,13,16,12.0,101.1
22023,1610612738,BOS,Boston Celtics,0022301167,2024-04-11,BOS vs. NYK,L,242,109,40,86,0.465,16,42,0.381,13,16,0.813,10,26,36,25,7,12,12,16,-9.0,96.2
22023,1610612762,UTA,Utah Jazz,0022301168,2024-04-11,UTA vs. HOU,W,240,124,44,87,0.506,14,39,0.359,22,27,0.815,15,34,49,27,8,7,14,20,3.0,97.3
22023,1610612750,MIN,Minnesota Timberwolves,0022301164,2024-04-10,MIN @ DEN,L,241,107,41,82,0.5,13,30,0.433,12,21,0.571,9,26,35,23,9,5,9,21,-9.0,92.30000000000001
22023,1610612761,TOR,Toronto Raptors,0022301160,2024-04-10,TOR @ BKN,L,241,102,35,94,0.372,16,40,0.4,16,18,0.889,15,30,45,19,8,5,9,22,-4.0,94.9
22023,1610612742,DAL,Dallas Mavericks,0022301161,2024-04-10,DAL @ MIA,W,241,111,43,87,0.494,15,44,0.341,10,13,0.769,8,31,39,27,8,8,7,13,19.0,90.2
22023,1610612759,SAS,San Antonio Spurs,0022301163,2024-04-10,SAS @ OKC,L,241,89,32,96,0.333,9,40,0.225,16,20,0.8,4,43,47,24,8,4,15,14,-38.0,114.7
22023,1610612737,ATL,Atlanta Hawks,0022301159,2024-04-10,ATL vs. CHA,L,240,114,43,82,0.524,18,40,0.45,10,16,0.625,7,31,38,35,7,2,16,20,-1.0,96.6
22023,1610612753,ORL,Orlando Magic,0022301162,2024-04-10,ORL @ MIL,L,239,99,36,78,0.462,11,30,0.367,16,23,0.696,5,29,34,19,6,1,15,15,-18.0,95.6
22023,1610612746,LAC,LA Clippers,0022301165,2024-04-10,LAC vs. PHX,L,240,108,44,95,0.463,12,36,0.333,8,10,0.8,9,35,44,23,9,3,12,13,-16.0,103.5
22023,1610612763,MEM,Memphis Grizzlies,0022301158,2024-04-10,MEM @ CLE,L,240,98,33,84,0.393,14,32,0.438,18,19,0.947,10,34,44,21,10,10,13,21,-12.0,94.6
22023,1610612737,ATL,Atlanta Hawks,0022301147,2024-04-09,ATL vs. MIA,L,292,111,45,113,0.398,10,46,0.217,11,14,0.786,17,42,59,28,13,2,15,23,-6.0,113.0
22023,1610612757,POR,Portland Trail Blazers,0022301157,2024-04-09,POR vs. NOP,L,240,100,40,85,0.471,13,38,0.342,7,8,0.875,13,34,47,28,3,3,21,19,-10.0,95.4
22023,1610612764,WAS,Washington Wizards,0022301152,2024-04-09,WAS @ MIN,L,240,121,44,89,0.494,20,43,0.465,13,17,0.765,7,34,41,26,5,4,13,22,-9.0,101.3
22023,1610612747,LAL,Los Angeles Lakers,0022301155,2024-04-09,LAL vs. GSW,L,241,120,44,96,0.458,12,35,0.343,20,24,0.833,10,30,40,31,8,3,7,14,-14.0,101.0
22023,1610612766,CHA,Charlotte Hornets,0022301144,2024-04-09,CHA vs. DAL,L,240,104,39,89,0.438,10,32,0.313,16,21,0.762,8,31,39,24,8,3,11,16,-26.0,99.7
22023,1610612752,NYK,New York Knicks,0022301149,2024-04-09,NYK @ CHI,W,240,128,46,83,0.554,17,36,0.472,19,20,0.95,6,25,31,31,6,4,10,15,11.0,93.8
22023,1610612758,SAC,Sacramento Kings,0022301153,2024-04-09,SAC @ OKC,L,241,105,33,96,0.344,20,58,0.345,19,26,0.731,21,35,56,23,8,4,17,22,-7.0,100.9
22023,1610612743,DEN,Denver Nuggets,0022301154,2024-04-09,DEN @ UTA,W,239,111,46,94,0.489,14,37,0.378,5,11,0.455,13,30,43,30,12,12,9,10,16.0,96.80000000000001
22023,1610612753,ORL,Orlando Magic,0022301150,2024-04-09,ORL @ HOU,L,243,106,39,86,0.453,7,24,0.292,21,23,0.913,10,32,42,23,9,6,14,15,-12.0,99.2
22023,1610612755,PHI,Philadelphia 76ers,0022301145,2024-04-09,PHI vs. DET,W,239,120,44,98,0.449,13,37,0.351,19,23,0.826,16,35,51,29,11,8,7,18,18.0,99.4
22023,1610612756,PHX,Phoenix Suns,0022301156,2024-04-09,PHX vs. LAC,L,239,92,30,89,0.337,8,35,0.229,24,28,0.857,8,30,38,17,16,7,8,13,-13.0,99.80000000000001
22023,1610612763,MEM,Memphis Grizzlies,0022301151,2024-04-09,MEM vs. SAS,L,241,87,36,104,0.346,6,30,0.2,9,11,0.818,17,32,49,21,10,5,7,13,-15.0,97.30000000000001
22023,1610612754,IND,Indiana Pacers,0022301146,2024-04-09,IND @ TOR,W,240,140,54,99,0.545,16,45,0.356,16,23,0.696,15,29,44,33,9,8,13,23,17.0,106.2
22023,1610612749,MIL,Milwaukee Bucks,0022301148,2024-04-09,MIL vs. BOS,W,239,104,43,81,0.531,17,36,0.472,1,2,0.5,10,39,49,29,6,5,16,4,13.0,90.4
22023,1610612739,CLE,Cleveland Cavaliers,0022301132,2024-04-07,CLE @ LAC,L,240,118,42,88,0.477,11,30,0.367,23,27,0.852,7,29,36,27,10,2,11,16,-2.0,100.19999999999999
22023,1610612766,CHA,Charlotte Hornets,0022301135,2024-04-07,CHA vs. OKC,L,241,118,45,83,0.542,17,40,0.425,11,14,0.786,7,29,36,29,12,9,18,14,-3.0,99.69999999999999
22023,1610612741,CHI,Chicago Bulls,0022301136,2024-04-07,CHI @ ORL,L,240,98,38,75,0.507,6,20,0.3,16,22,0.727,8,29,37,20,7,5,21,17,-15.0,97.19999999999999
22023,1610612755,PHI,Philadelphia 76ers,0022301140,2024-04-07,PHI @ SAS,W,290,133,52,114,0.456,12,39,0.308,17,19,0.895,8,38,46,31,15,3,10,20,7.0,121.5
22023,1610612738,BOS,Boston Celtics,0022301134,2024-04-07,BOS vs. POR,W,241,124,49,87,0.563,16,38,0.421,10,13,0.769,5,35,40,34,11,8,12,12,17.0,99.2
22023,1610612756,PHX,Phoenix Suns,0022301138,2024-04-07,PHX vs. NOP,L,240,105,39,87,0.448,14,39,0.359,13,14,0.929,9,29,38,30,7,8,15,17,-8.0,97.6
22023,1610612758,SAC,Sacramento Kings,0022301141,2024-04-07,SAC @ BKN,W,241,107,40,94,0.426,15,48,0.313,12,16,0.75,11,43,54,31,8,12,9,17,30.0,99.30000000000001
22023,1610612752,NYK,New York Knicks,0022301139,2024-04-07,NYK @ MIL,W,239,122,45,92,0.489,14,29,0.483,18,22,0.818,13,28,41,25,9,6,5,22,13.0,92.8
22023,1610612750,MIN,Minnesota Timberwolves,0022301143,2024-04-07,MIN @ LAL,W,240,127,50,97,0.515,15,39,0.385,12,14,0.857,13,33,46,29,12,3,14,20,10.0,102.69999999999999
22023,1610612764,WAS,Washington Wizards,0022301137,2024-04-07,WAS @ TOR,L,239,122,42,89,0.472,16,40,0.4,22,30,0.733,8,35,43,29,9,11,15,25,-8.0,110.1
22023,1610612754,IND,Indiana Pacers,0022301133,2024-04-07,IND vs. MIA,W,241,117,44,86,0.512,9,32,0.281,20,21,0.952,4,33,37,27,4,6,6,24,2.0,96.1
22023,1610612745,HOU,Houston Rockets,0022301131,2024-04-07,HOU @ DAL,L,264,136,46,93,0.495,17,41,0.415,27,35,0.771,4,28,32,31,11,6,10,34,-11.0,113.5
22023,1610612744,GSW,Golden State Warriors,0022301142,2024-04-07,GSW vs. UTA,W,241,118,49,92,0.533,14,35,0.4,6,6,1.0,11,36,47,32,9,8,13,19,8.0,96.4
22023,1610612737,ATL,Atlanta Hawks,0022301130,2024-04-06,ATL @ DEN,L,240,110,37,87,0.425,12,37,0.324,24,29,0.828,11,27,38,30,8,2,16,18,-32.0,103.5
22023,1610612763,MEM,Memphis Grizzlies,0022301129,2024-04-06,MEM vs. PHI,L,238,96,36,87,0.414,9,26,0.346,15,21,0.714,15,29,44,21,9,2,18,18,-20.0,98.30000000000001
22023,1610612739,CLE,Cleveland Cavaliers,0022301127,2024-04-06,CLE @ LAL,L,243,97,39,90,0.433,11,35,0.314,8,12,0.667,11,29,40,24,11,3,18,11,-19.0,99.6
22023,1610612765,DET,Detroit Pistons,0022301128,2024-04-06,DET @ BKN,L,241,103,42,92,0.457,17,39,0.436,2,4,0.5,5,23,28,25,9,2,7,24,-10.0,94.4
22023,1610612761,TOR,Toronto Raptors,0022301122,2024-04-05,TOR @ MIL,W,240,117,36,79,0.456,14,36,0.389,31,36,0.861,9,38,47,24,9,3,16,18,6.0,101.9
22023,1610612763,MEM,Memphis Grizzlies,0022301121,2024-04-05,MEM vs. DET,W,240,108,42,90,0.467,10,31,0.323,14,16,0.875,15,34,49,24,13,7,20,14,18.0,98.5
22023,1610612766,CHA,Charlotte Hornets,0022301115,2024-04-05,CHA vs. ORL,W,240,124,43,72,0.597,15,30,0.5,23,23,1.0,4,32,36,29,6,4,18,22,9.0,97.30000000000001
22023,1610612757,POR,Portland Trail Blazers,0022301117,2024-04-05,POR @ WAS,W,239,108,41,94,0.436,9,29,0.31,17,24,0.708,16,39,55,29,7,5,12,23,6.0,98.3
22023,1610612758,SAC,Sacramento Kings,0022301118,2024-04-05,SAC @ BOS,L,240,100,38,99,0.384,17,51,0.333,7,13,0.538,15,39,54,21,4,3,7,15,-1.0,93.7
22023,1610612740,NOP,New Orleans Pelicans,0022301123,2024-04-05,NOP vs. SAS,L,240,109,44,86,0.512,9,29,0.31,12,12,1.0,11,30,41,28,11,2,17,17,-2.0,97.5
22023,1610612746,LAC,LA Clippers,0022301126,2024-04-05,LAC vs. UTA,W,240,131,51,91,0.56,13,35,0.371,16,18,0.889,8,43,51,32,9,4,14,22,29.0,103.9
22023,1610612744,GSW,Golden State Warriors,0022301097,2024-04-05,GSW @ DAL,L,239,106,41,93,0.441,12,35,0.343,12,18,0.667,11,33,44,27,12,5,15,19,-2.0,102.80000000000001
22023,1610612756,PHX,Phoenix Suns,0022301125,2024-04-05,PHX vs. MIN,W,240,97,33,76,0.434,9,26,0.346,22,29,0.759,7,42,49,29,12,3,18,19,10.0,99.6
22023,1610612741,CHI,Chicago Bulls,0022301119,2024-04-05,CHI vs. NYK,W,239,108,44,93,0.473,7,23,0.304,13,16,0.813,19,38,57,27,11,5,16,19,8.0,98.5
22023,1610612745,HOU,Houston Rockets,0022301120,2024-04-05,HOU vs. MIA,L,239,104,34,90,0.378,14,44,0.318,22,25,0.88,12,33,45,25,7,2,9,13,-15.0,97.7
22023,1610612760,OKC,Oklahoma City Thunder,0022301116,2024-04-05,OKC @ IND,L,240,112,42,86,0.488,8,30,0.267,20,24,0.833,9,30,39,24,8,6,15,17,-14.0,101.5
22023,1610612758,SAC,Sacramento Kings,0022301112,2024-04-04,SAC @ NYK,L,241,109,42,86,0.488,18,42,0.429,7,12,0.583,9,26,35,26,6,3,16,23,-11.0,95.69999999999999
22023,1610612742,DAL,Dallas Mavericks,0022301124,2024-04-04,DAL vs. ATL,W,241,109,38,94,0.404,18,49,0.367,15,17,0.882,11,42,53,20,7,7,14,17,14.0,103.6
22023,1610612745,HOU,Houston Rockets,0022301113,2024-04-04,HOU vs. GSW,L,241,110,36,86,0.419,12,40,0.3,26,30,0.867,12,17,29,23,11,1,12,19,-23.0,97.0
22023,1610612748,MIA,Miami Heat,0022301111,2024-04-04,MIA vs. PHI,L,241,105,39,94,0.415,13,43,0.302,14,16,0.875,16,35,51,24,8,4,15,10,-4.0,99.4
22023,1610612743,DEN,Denver Nuggets,0022301114,2024-04-04,DEN @ LAC,L,242,100,36,83,0.434,11,35,0.314,17,25,0.68,6,45,51,27,3,4,13,19,-2.0,100.9
22023,1610612753,ORL,Orlando Magic,0022301109,2024-04-03,ORL @ NOP,W,240,117,41,80,0.513,13,32,0.406,22,30,0.733,7,32,39,27,9,2,13,20,9.0,96.1
22023,1610612747,LAL,Los Angeles Lakers,0022301103,2024-04-03,LAL @ WAS,W,239,125,46,91,0.505,8,28,0.286,25,29,0.862,11,38,49,21,10,4,16,10,5.0,107.9
22023,1610612737,ATL,Atlanta Hawks,0022301104,2024-04-03,ATL vs. DET,W,240,121,49,90,0.544,13,38,0.342,10,15,0.667,6,42,48,36,9,8,16,13,8.0,105.2
22023,1610612738,BOS,Boston Celtics,0022301105,2024-04-03,BOS vs. OKC,W,242,135,50,92,0.543,17,40,0.425,18,19,0.947,11,35,46,33,7,10,10,18,35.0,99.4
22023,1610612757,POR,Portland Trail Blazers,0022301102,2024-04-03,POR @ CHA,W,241,89,37,93,0.398,7,26,0.269,8,12,0.667,14,41,55,19,4,2,15,19,3.0,96.3
22023,1610612749,MIL,Milwaukee Bucks,0022301107,2024-04-03,MIL vs. MEM,L,240,101,38,95,0.4,18,44,0.409,7,12,0.583,13,31,44,26,5,10,11,14,-10.0,95.3
22023,1610612751,BKN,Brooklyn Nets,0022301106,2024-04-03,BKN vs. IND,W,240,115,42,87,0.483,12,32,0.375,19,27,0.704,15,35,50,22,4,8,13,16,4.0,96.6
22023,1610612739,CLE,Cleveland Cavaliers,0022301110,2024-04-03,CLE @ PHX,L,237,101,39,83,0.47,7,26,0.269,16,19,0.842,7,30,37,28,9,4,15,14,-21.0,99.69999999999999
22023,1610612761,TOR,Toronto Raptors,0022301108,2024-04-03,TOR @ MIN,L,241,85,33,90,0.367,7,30,0.233,12,14,0.857,10,38,48,19,4,6,20,15,-48.0,105.19999999999999
22023,1610612739,CLE,Cleveland Cavaliers,0022301100,2024-04-02,CLE @ UTA,W,240,129,46,85,0.541,16,39,0.41,21,24,0.875,9,32,41,38,10,6,13,14,16.0,101.4
22023,1610612755,PHI,Philadelphia 76ers,0022301093,2024-04-02,PHI vs. OKC,W,241,109,36,78,0.462,14,30,0.467,23,25,0.92,9,33,42,27,8,4,16,20,4.0,96.4
22023,1610612759,SAS,San Antonio Spurs,0022301099,2024-04-02,SAS @ DEN,L,239,105,42,105,0.4,13,44,0.295,8,16,0.5,15,44,59,33,4,12,7,19,-5.0,102.4
22023,1610612748,MIA,Miami Heat,0022301096,2024-04-02,MIA vs. NYK,W,241,109,36,74,0.486,17,38,0.447,20,21,0.952,7,32,39,24,5,4,17,17,10.0,91.9
22023,1610612761,TOR,Toronto Raptors,0022301094,2024-04-02,TOR vs. LAL,L,239,111,43,89,0.483,10,32,0.313,15,21,0.714,5,35,40,25,11,6,17,19,-17.0,108.1
22023,1610612764,WAS,Washington Wizards,0022301095,2024-04-02,WAS vs. MIL,W,239,117,47,93,0.505,9,38,0.237,14,17,0.824,5,39,44,26,9,2,10,20,4.0,104.5
22023,1610612742,DAL,Dallas Mavericks,0022300589,2024-04-02,DAL @ GSW,L,240,100,39,89,0.438,15,40,0.375,7,11,0.636,8,34,42,27,8,7,15,14,-4.0,99.6
22023,1610612746,LAC,LA Clippers,0022301101,2024-04-02,LAC @ SAC,L,241,95,31,76,0.408,11,27,0.407,22,27,0.815,9,29,38,18,6,1,15,21,-14.0,92.4
22023,1610612750,MIN,Minnesota Timberwolves,0022301098,2024-04-02,MIN vs. HOU,W,239,113,41,77,0.532,11,26,0.423,20,22,0.909,6,33,39,29,12,5,17,17,7.0,98.19999999999999
22023,1610612753,ORL,Orlando Magic,0022301090,2024-04-01,ORL vs. POR,W,240,104,36,76,0.474,11,32,0.344,21,27,0.778,9,34,43,26,4,6,15,17,1.0,93.4
22023,1610612765,DET,Detroit Pistons,0022301088,2024-04-01,DET vs. MEM,L,239,108,40,79,0.506,11,28,0.393,17,22,0.773,9,32,41,22,7,9,14,16,-2.0,95.0
22023,1610612766,CHA,Charlotte Hornets,0022301087,2024-04-01,CHA vs. BOS,L,240,104,41,91,0.451,13,37,0.351,9,11,0.818,8,32,40,28,3,2,6,15,-14.0,93.9
22023,1610612741,CHI,Chicago Bulls,0022301091,2024-04-01,CHI vs. ATL,L,240,101,37,94,0.394,7,28,0.25,20,24,0.833,16,35,51,17,8,2,8,17,-12.0,95.4
22023,1610612756,PHX,Phoenix Suns,0022301092,2024-04-01,PHX @ NOP,W,239,124,43,87,0.494,18,47,0.383,20,25,0.8,16,33,49,29,7,6,12,21,13.0,94.3
22023,1610612751,BKN,Brooklyn Nets,0022301089,2024-04-01,BKN @ IND,L,241,111,41,87,0.471,10,26,0.385,19,28,0.679,12,31,43,20,3,4,15,19,-22.0,103.0
22023,1610612761,TOR,Toronto Raptors,0022301080,2024-03-31,TOR vs. PHI,L,240,120,47,90,0.522,11,30,0.367,15,20,0.75,7,23,30,31,10,2,12,14,-15.0,99.2
22023,1610612739,CLE,Cleveland Cavaliers,0022301077,2024-03-31,CLE @ DEN,L,241,101,38,82,0.463,8,25,0.32,17,21,0.81,6,22,28,26,10,4,15,12,-29.0,98.30000000000001
22023,1610612752,NYK,New York Knicks,0022301082,2024-03-31,NYK vs. OKC,L,240,112,38,92,0.413,13,43,0.302,23,34,0.676,15,31,46,24,8,3,10,19,-1.0,97.6
22023,1610612748,MIA,Miami Heat,0022301081,2024-03-31,MIA @ WAS,W,240,119,40,81,0.494,14,36,0.389,25,29,0.862,6,36,42,22,11,8,13,19,12.0,102.0
22023,1610612751,BKN,Brooklyn Nets,0022301078,2024-03-31,BKN vs. LAL,L,240,104,39,92,0.424,12,36,0.333,14,19,0.737,9,29,38,19,12,3,12,17,-12.0,100.69999999999999
22023,1610612746,LAC,LA Clippers,0022301079,2024-03-31,LAC @ CHA,W,240,130,43,75,0.573,14,29,0.483,30,34,0.882,7,34,41,28,4,5,8,16,12.0,93.0
22023,1610612759,SAS,San Antonio Spurs,0022301085,2024-03-31,SAS vs. GSW,L,239,113,40,89,0.449,17,43,0.395,16,18,0.889,16,29,45,31,7,5,19,12,-4.0,99.7
22023,1610612762,UTA,Utah Jazz,0022301086,2024-03-31,UTA @ SAC,L,240,106,34,83,0.41,16,41,0.39,22,28,0.786,11,22,33,22,6,4,12,18,-21.0,95.2
22023,1610612742,DAL,Dallas Mavericks,0022301083,2024-03-31,DAL @ HOU,W,239,125,48,93,0.516,24,47,0.511,5,9,0.556,10,37,47,24,7,8,13,17,18.0,98.6
22023,1610612750,MIN,Minnesota Timberwolves,0022301084,2024-03-31,MIN vs. CHI,L,240,101,38,81,0.469,11,37,0.297,14,21,0.667,8,29,37,28,12,5,13,10,-8.0,93.6
22023,1610612737,ATL,Atlanta Hawks,0022301076,2024-03-30,ATL vs. MIL,L,239,113,42,92,0.457,14,35,0.4,15,18,0.833,9,30,39,24,5,3,11,26,-9.0,98.6
22023,1610612763,MEM,Memphis Grizzlies,0022301075,2024-03-30,MEM @ ORL,L,241,88,31,86,0.36,12,36,0.333,14,17,0.824,13,32,45,25,11,7,19,19,-30.0,98.0
22023,1610612738,BOS,Boston Celtics,0022301074,2024-03-30,BOS @ NOP,W,240,104,39,82,0.476,15,37,0.405,11,12,0.917,8,43,51,27,7,7,12,13,12.0,91.5
22023,1610612758,SAC,Sacramento Kings,0022301073,2024-03-29,SAC vs. DAL,L,239,103,40,92,0.435,15,32,0.469,8,12,0.667,10,35,45,24,9,1,10,22,-4.0,94.0
22023,1610612741,CHI,Chicago Bulls,0022301066,2024-03-29,CHI @ BKN,L,240,108,38,75,0.507,9,30,0.3,23,29,0.793,5,39,44,24,3,6,12,18,-17.0,93.69999999999999
22023,1610612744,GSW,Golden State Warriors,0022301062,2024-03-29,GSW @ CHA,W,240,115,48,89,0.539,11,32,0.344,8,9,0.889,11,39,50,35,7,5,12,19,18.0,93.1
22023,1610612760,OKC,Oklahoma City Thunder,0022301069,2024-03-29,OKC vs. PHX,W,240,128,49,87,0.563,16,30,0.533,14,14,1.0,7,31,38,33,7,7,10,13,25.0,94.8
22023,1610612764,WAS,Washington Wizards,0022301065,2024-03-29,WAS vs. DET,L,240,87,36,88,0.409,9,33,0.273,6,8,0.75,9,38,47,22,2,4,18,18,-9.0,101.1
22023,1610612762,UTA,Utah Jazz,0022301072,2024-03-29,UTA vs. HOU,L,240,100,37,80,0.463,8,31,0.258,18,19,0.947,11,40,51,23,4,9,20,23,-1.0,96.9
22023,1610612753,ORL,Orlando Magic,0022301064,2024-03-29,ORL vs. LAC,L,241,97,38,86,0.442,10,29,0.345,11,15,0.733,13,25,38,20,10,8,14,11,-3.0,93.4
22023,1610612739,CLE,Cleveland Cavaliers,0022301067,2024-03-29,CLE vs. PHI,W,241,117,45,82,0.549,16,37,0.432,11,13,0.846,5,32,37,34,4,3,13,17,3.0,94.5
22023,1610612754,IND,Indiana Pacers,0022301063,2024-03-29,IND vs. LAL,W,239,109,43,89,0.483,10,31,0.323,13,14,0.929,6,40,46,27,8,6,8,14,19.0,97.9
22023,1610612757,POR,Portland Trail Blazers,0022301068,2024-03-29,POR @ MIA,L,240,82,35,87,0.402,5,30,0.167,7,11,0.636,10,33,43,20,4,2,23,19,-60.0,102.80000000000001
22023,1610612759,SAS,San Antonio Spurs,0022301070,2024-03-29,SAS vs. NYK,W,265,130,44,82,0.537,16,40,0.4,26,32,0.813,8,38,46,34,3,2,15,16,4.0,104.8
22023,1610612743,DEN,Denver Nuggets,0022301071,2024-03-29,DEN vs. MIN,L,242,98,35,88,0.398,8,28,0.286,20,27,0.741,13,33,46,29,6,1,12,24,-13.0,93.8
22023,1610612738,BOS,Boston Celtics,0022301060,2024-03-28,BOS @ ATL,L,267,122,45,94,0.479,14,36,0.389,18,21,0.857,9,34,43,28,7,6,12,15,-1.0,103.7
22023,1610612749,MIL,Milwaukee Bucks,0022301061,2024-03-28,MIL @ NOP,L,240,100,38,82,0.463,14,39,0.359,10,19,0.526,5,41,46,21,1,4,14,25,-7.0,99.1
22023,1610612762,UTA,Utah Jazz,0022301058,2024-03-27,UTA vs. SAS,L,240,111,39,83,0.47,13,35,0.371,20,22,0.909,6,30,36,25,8,4,21,16,-7.0,106.6
22023,1610612757,POR,Portland Trail Blazers,0022301051,2024-03-27,POR @ ATL,L,241,106,43,85,0.506,14,31,0.452,6,10,0.6,6,27,33,35,8,2,18,18,-14.0,101.0
22023,1610612743,DEN,Denver Nuggets,0022301059,2024-03-27,DEN vs. PHX,L,240,97,38,88,0.432,10,40,0.25,11,12,0.917,9,29,38,24,9,4,8,13,-7.0,91.6
22023,1610612766,CHA,Charlotte Hornets,0022301048,2024-03-27,CHA vs. CLE,W,239,118,44,76,0.579,13,33,0.394,17,22,0.773,8,30,38,30,8,2,15,14,7.0,93.19999999999999
22023,1610612754,IND,Indiana Pacers,0022301054,2024-03-27,IND @ CHI,L,238,99,34,85,0.4,13,42,0.31,18,23,0.783,12,28,40,25,3,4,13,23,-26.0,97.2
22023,1610612745,HOU,Houston Rockets,0022301057,2024-03-27,HOU @ OKC,W,265,132,50,104,0.481,15,43,0.349,17,23,0.739,16,34,50,25,10,3,16,24,6.0,112.4
22023,1610612761,TOR,Toronto Raptors,0022301053,2024-03-27,TOR vs. NYK,L,238,101,39,84,0.464,11,31,0.355,12,13,0.923,11,17,28,31,7,4,18,17,-44.0,96.30000000000001
22023,1610612747,LAL,Los Angeles Lakers,0022301055,2024-03-27,LAL @ MEM,W,239,136,45,81,0.556,18,33,0.545,28,35,0.8,4,39,43,31,5,4,15,19,12.0,105.8
22023,1610612755,PHI,Philadelphia 76ers,0022301052,2024-03-27,PHI vs. LAC,L,240,107,39,82,0.476,13,33,0.394,16,19,0.842,10,41,51,17,3,11,12,18,-1.0,92.3
22023,1610612765,DET,Detroit Pistons,0022301056,2024-03-27,DET @ MIN,L,239,91,31,81,0.383,9,32,0.281,20,25,0.8,10,31,41,15,9,1,12,14,-15.0,92.2
22023,1610612744,GSW,Golden State Warriors,0022301049,2024-03-27,GSW @ ORL,W,241,101,40,90,0.444,10,34,0.294,11,13,0.846,12,40,52,26,5,5,12,18,8.0,94.30000000000001
22023,1610612764,WAS,Washington Wizards,0022301050,2024-03-27,WAS vs. BKN,L,266,119,46,91,0.505,14,34,0.412,13,17,0.765,5,39,44,26,4,4,13,21,-3.0,105.5
22023,1610612740,NOP,New Orleans Pelicans,0022301046,2024-03-26,NOP vs. OKC,L,241,112,39,86,0.453,14,38,0.368,20,23,0.87,5,32,37,26,7,2,9,18,-7.0,97.9
22023,1610612742,DAL,Dallas Mavericks,0022301047,2024-03-26,DAL @ SAC,W,239,132,51,92,0.554,22,39,0.564,8,13,0.615,5,44,49,34,10,4,9,18,36.0,100.4
22023,1610612748,MIA,Miami Heat,0022301044,2024-03-26,MIA vs. GSW,L,243,92,37,92,0.402,8,33,0.242,10,13,0.769,11,28,39,24,3,2,8,9,-21.0,93.1
22023,1610612749,MIL,Milwaukee Bucks,0022301045,2024-03-26,MIL vs. LAL,L,289,124,49,119,0.412,15,51,0.294,11,17,0.647,15,46,61,37,9,5,14,26,-4.0,123.8
22023,1610612751,BKN,Brooklyn Nets,0022301036,2024-03-25,BKN @ TOR,W,239,96,37,81,0.457,9,39,0.231,13,18,0.722,16,34,50,20,3,4,18,16,8.0,91.0
22023,1610612756,PHX,Phoenix Suns,0022301039,2024-03-25,PHX @ SAS,L,239,102,42,83,0.506,10,28,0.357,8,14,0.571,5,42,47,28,5,7,14,14,-2.0,99.1
22023,1610612762,UTA,Utah Jazz,0022301041,2024-03-25,UTA vs. DAL,L,241,105,37,87,0.425,13,39,0.333,18,22,0.818,11,35,46,28,6,3,12,15,-10.0,96.0
22023,1610612741,CHI,Chicago Bulls,0022301037,2024-03-25,CHI vs. WAS,L,240,105,36,87,0.414,10,35,0.286,23,28,0.821,9,37,46,27,9,8,11,14,-2.0,101.7
22023,1610612743,DEN,Denver Nuggets,0022301040,2024-03-25,DEN vs. MEM,W,240,128,48,90,0.533,15,32,0.469,17,18,0.944,15,35,50,38,10,7,15,23,25.0,99.5
22023,1610612765,DET,Detroit Pistons,0022301035,2024-03-25,DET @ NYK,L,241,99,34,88,0.386,10,34,0.294,21,22,0.955,7,30,37,22,8,5,12,22,-25.0,100.3
22023,1610612758,SAC,Sacramento Kings,0022301042,2024-03-25,SAC vs. PHI,W,239,108,38,86,0.442,10,38,0.263,22,28,0.786,11,29,40,25,6,6,7,18,12.0,91.6
22023,1610612766,CHA,Charlotte Hornets,0022301033,2024-03-25,CHA @ CLE,L,240,92,34,80,0.425,9,28,0.321,15,18,0.833,6,27,33,22,5,4,11,13,-23.0,92.6
22023,1610612754,IND,Indiana Pacers,0022301043,2024-03-25,IND @ LAC,W,240,133,50,86,0.581,17,28,0.607,16,22,0.727,7,27,34,28,7,3,8,21,17.0,93.3
22023,1610612757,POR,Portland Trail Blazers,0022301038,2024-03-25,POR @ HOU,L,240,92,36,87,0.414,7,33,0.212,13,15,0.867,10,34,44,14,5,6,16,25,-18.0,98.5
22023,1610612738,BOS,Boston Celtics,0022301034,2024-03-25,BOS @ ATL,L,241,118,47,95,0.495,11,38,0.289,13,19,0.684,12,26,38,21,7,8,7,16,-2.0,94.69999999999999
22023,1610612746,LAC,LA Clippers,0022301028,2024-03-24,LAC vs. PHI,L,239,107,40,83,0.482,10,28,0.357,17,18,0.944,10,27,37,27,2,9,13,11,-14.0,91.4
22023,1610612748,MIA,Miami Heat,0022301029,2024-03-24,MIA vs. CLE,W,239,121,43,83,0.518,15,38,0.395,20,23,0.87,9,35,44,29,13,0,9,17,37.0,92.6
22023,1610612749,MIL,Milwaukee Bucks,0022301030,2024-03-24,MIL vs. OKC,W,240,118,49,92,0.533,11,34,0.324,9,14,0.643,15,42,57,33,7,5,16,21,25.0,99.19999999999999
22023,1610612765,DET,Detroit Pistons,0022301027,2024-03-24,DET vs. NOP,L,240,101,32,79,0.405,11,41,0.268,26,32,0.813,10,36,46,20,4,5,16,25,-13.0,97.6
22023,1610612744,GSW,Golden State Warriors,0022301031,2024-03-24,GSW @ MIN,L,241,110,38,85,0.447,14,36,0.389,20,26,0.769,7,34,41,23,8,3,12,19,-4.0,99.80000000000001
22023,1610612747,LAL,Los Angeles Lakers,0022301032,2024-03-24,LAL vs. IND,W,239,150,50,89,0.562,12,25,0.48,38,43,0.884,8,33,41,28,6,7,10,14,5.0,111.30000000000001
22023,1610612737,ATL,Atlanta Hawks,0022301021,2024-03-23,ATL vs. CHA,W,240,132,50,90,0.556,20,42,0.476,12,14,0.857,11,32,43,40,9,5,8,14,41.0,92.1
22023,1610612745,HOU,Houston Rockets,0022301024,2024-03-23,HOU vs. UTA,W,241,147,54,97,0.557,27,49,0.551,12,14,0.857,12,32,44,31,7,3,9,26,28.0,99.9
22023,1610612756,PHX,Phoenix Suns,0022301025,2024-03-23,PHX @ SAS,W,242,131,56,94,0.596,11,24,0.458,8,10,0.8,7,32,39,38,11,5,8,18,25.0,99.7
22023,1610612753,ORL,Orlando Magic,0022301020,2024-03-23,ORL vs. SAC,L,241,107,42,88,0.477,10,35,0.286,13,18,0.722,12,37,49,27,5,3,13,20,-2.0,96.30000000000001
22023,1610612738,BOS,Boston Celtics,0022301023,2024-03-23,BOS @ CHI,W,240,124,44,86,0.512,21,48,0.438,15,17,0.882,12,29,41,28,5,3,12,9,11.0,91.6
22023,1610612764,WAS,Washington Wizards,0022301022,2024-03-23,WAS vs. TOR,W,239,112,44,92,0.478,11,35,0.314,13,19,0.684,16,39,55,28,7,8,17,18,3.0,102.0
22023,1610612757,POR,Portland Trail Blazers,0022301026,2024-03-23,POR vs. DEN,L,239,111,43,93,0.462,10,28,0.357,15,17,0.882,14,31,45,27,8,8,15,24,-3.0,99.5
22023,1610612751,BKN,Brooklyn Nets,0022301019,2024-03-23,BKN @ NYK,L,240,93,34,76,0.447,12,34,0.353,13,15,0.867,8,33,41,26,5,6,15,15,-12.0,91.9
22023,1610612761,TOR,Toronto Raptors,0022301012,2024-03-22,TOR vs. OKC,L,239,103,40,76,0.526,11,30,0.367,12,17,0.706,5,31,36,34,12,3,27,18,-20.0,104.69999999999999
22023,1610612744,GSW,Golden State Warriors,0022301016,2024-03-22,GSW vs. IND,L,240,111,43,106,0.406,14,48,0.292,11,16,0.688,24,40,64,24,6,6,14,15,-12.0,103.4
22023,1610612746,LAC,LA Clippers,0022301017,2024-03-22,LAC @ POR,W,240,125,44,77,0.571,14,33,0.424,23,27,0.852,7,33,40,26,8,8,17,21,8.0,97.9
22023,1610612763,MEM,Memphis Grizzlies,0022301015,2024-03-22,MEM @ SAS,W,241,99,33,82,0.402,12,34,0.353,21,31,0.677,9,42,51,18,10,4,17,17,2.0,103.80000000000001
22023,1610612738,BOS,Boston Celtics,0022301011,2024-03-22,BOS @ DET,W,241,129,47,89,0.528,16,45,0.356,19,27,0.704,8,27,35,31,9,5,7,15,27.0,98.5
22023,1610612740,NOP,New Orleans Pelicans,0022301013,2024-03-22,NOP @ MIA,W,240,111,42,82,0.512,18,36,0.5,9,12,0.75,12,44,56,25,3,2,12,13,23.0,87.9
22023,1610612750,MIN,Minnesota Timberwolves,0022301014,2024-03-22,MIN vs. CLE,W,240,104,41,85,0.482,14,27,0.519,8,16,0.5,13,33,46,27,9,5,11,12,13.0,90.0
22023,1610612755,PHI,Philadelphia 76ers,0022301018,2024-03-22,PHI @ LAL,L,240,94,33,96,0.344,8,37,0.216,20,24,0.833,13,29,42,20,13,7,8,23,-7.0,98.4
22023,1610612758,SAC,Sacramento Kings,0022301005,2024-03-21,SAC @ WAS,L,240,102,37,86,0.43,11,39,0.282,17,19,0.895,10,27,37,21,12,7,15,20,-7.0,98.9
22023,1610612743,DEN,Denver Nuggets,0022301009,2024-03-21,DEN vs. NYK,W,240,113,45,84,0.536,6,20,0.3,17,20,0.85,9,33,42,31,5,4,9,14,13.0,91.4
22023,1610612751,BKN,Brooklyn Nets,0022301007,2024-03-21,BKN @ MIL,L,239,108,41,92,0.446,13,44,0.295,13,16,0.813,15,34,49,29,7,1,14,12,-7.0,96.7
22023,1610612762,UTA,Utah Jazz,0022301008,2024-03-21,UTA @ DAL,L,241,97,38,83,0.458,4,30,0.133,17,19,0.895,5,33,38,29,6,3,18,23,-16.0,101.4
22023,1610612745,HOU,Houston Rockets,0022301006,2024-03-21,HOU vs. CHI,W,238,127,47,93,0.505,17,45,0.378,16,20,0.8,13,36,49,27,7,6,14,21,10.0,102.0
22023,1610612756,PHX,Phoenix Suns,0022301010,2024-03-21,PHX vs. ATL,W,240,128,41,74,0.554,22,41,0.537,24,27,0.889,7,31,38,28,4,11,17,19,13.0,96.69999999999999
22023,1610612753,ORL,Orlando Magic,0022301004,2024-03-21,ORL vs. NOP,W,241,121,47,86,0.547,14,36,0.389,13,19,0.684,10,30,40,33,12,4,14,16,15.0,99.5
22023,1610612761,TOR,Toronto Raptors,0022300999,2024-03-20,TOR vs. SAC,L,239,89,33,80,0.413,10,31,0.323,13,18,0.722,11,20,31,21,11,3,21,15,-34.0,97.2
22023,1610612748,MIA,Miami Heat,0022300996,2024-03-20,MIA @ CLE,W,239,107,38,83,0.458,13,36,0.361,18,19,0.947,7,30,37,19,7,2,7,20,3.0,89.69999999999999
22023,1610612763,MEM,Memphis Grizzlies,0022301001,2024-03-20,MEM @ GSW,L,240,116,42,96,0.438,18,49,0.367,14,18,0.778,16,29,45,29,4,3,10,15,-21.0,96.30000000000001
22023,1610612760,OKC,Oklahoma City Thunder,0022301000,2024-03-20,OKC vs. UTA,W,240,119,43,88,0.489,10,34,0.294,23,29,0.793,10,35,45,29,10,7,10,16,12.0,100.4
22023,1610612755,PHI,Philadelphia 76ers,0022301002,2024-03-20,PHI @ PHX,L,240,102,41,95,0.432,13,37,0.351,7,18,0.389,13,27,40,33,12,7,9,12,-13.0,100.2
22023,1610612754,IND,Indiana Pacers,0022300997,2024-03-20,IND @ DET,W,240,122,50,88,0.568,11,29,0.379,11,18,0.611,5,35,40,38,13,6,12,16,19.0,103.6
22023,1610612746,LAC,LA Clippers,0022301003,2024-03-20,LAC @ POR,W,241,116,45,86,0.523,13,31,0.419,13,15,0.867,8,34,42,29,15,7,11,13,13.0,95.5
22023,1610612749,MIL,Milwaukee Bucks,0022300998,2024-03-20,MIL @ BOS,L,239,119,45,84,0.536,17,35,0.486,12,14,0.857,9,32,41,20,3,6,14,25,-3.0,94.6
22023,1610612742,DAL,Dallas Mavericks,0022300994,2024-03-19,DAL @ SAS,W,239,113,44,91,0.484,10,30,0.333,15,17,0.882,3,37,40,31,6,3,9,18,6.0,103.6
22023,1610612751,BKN,Brooklyn Nets,0022300993,2024-03-19,BKN vs. NOP,L,242,91,31,84,0.369,12,40,0.3,17,22,0.773,14,28,42,19,6,4,13,13,-13.0,91.0
22023,1610612753,ORL,Orlando Magic,0022300991,2024-03-19,ORL vs. CHA,W,240,112,44,81,0.543,12,34,0.353,12,13,0.923,10,31,41,32,10,6,16,10,20.0,93.9
22023,1610612743,DEN,Denver Nuggets,0022300995,2024-03-19,DEN @ MIN,W,241,115,42,81,0.519,14,27,0.519,17,22,0.773,11,38,49,26,5,1,17,19,3.0,96.0
22023,1610612745,HOU,Houston Rockets,0022300992,2024-03-19,HOU @ WAS,W,240,137,47,91,0.516,13,39,0.333,30,36,0.833,12,35,47,25,6,11,7,15,23.0,99.7
22023,1610612748,MIA,Miami Heat,0022300985,2024-03-18,MIA @ PHI,L,240,91,35,89,0.393,12,33,0.364,9,14,0.643,11,38,49,23,8,3,15,13,-7.0,96.69999999999999
22023,1610612737,ATL,Atlanta Hawks,0022300990,2024-03-18,ATL @ LAL,L,240,105,42,98,0.429,9,41,0.22,12,15,0.8,12,30,42,32,8,5,9,14,-31.0,101.5
22023,1610612739,CLE,Cleveland Cavaliers,0022300983,2024-03-18,CLE @ IND,W,240,108,38,80,0.475,12,32,0.375,20,28,0.714,9,30,39,27,8,4,14,18,5.0,95.30000000000001
22023,1610612741,CHI,Chicago Bulls,0022300986,2024-03-18,CHI vs. POR,W,241,110,41,93,0.441,11,33,0.333,17,21,0.81,13,27,40,26,9,5,9,21,3.0,97.7
22023,1610612763,MEM,Memphis Grizzlies,0022300989,2024-03-18,MEM @ SAC,L,265,111,37,98,0.378,13,38,0.342,24,30,0.8,15,34,49,22,13,7,12,23,-10.0,107.9
22023,1610612752,NYK,New York Knicks,0022300988,2024-03-18,NYK @ GSW,W,240,119,44,91,0.484,14,37,0.378,17,20,0.85,14,30,44,29,6,1,10,17,7.0,95.6
22023,1610612750,MIN,Minnesota Timberwolves,0022300987,2024-03-18,MIN @ UTA,W,240,114,44,91,0.484,16,41,0.39,10,12,0.833,12,23,35,27,9,9,9,15,10.0,92.69999999999999
22023,1610612738,BOS,Boston Celtics,0022300984,2024-03-18,BOS vs. DET,W,240,119,43,95,0.453,22,49,0.449,11,13,0.846,15,38,53,30,8,8,9,9,25.0,94.1
22023,1610612749,MIL,Milwaukee Bucks,0022300976,2024-03-17,MIL vs. PHX,W,239,140,51,94,0.543,24,41,0.585,14,14,1.0,10,25,35,35,11,2,10,12,11.0,98.8
22023,1610612742,DAL,Dallas Mavericks,0022300978,2024-03-17,DAL vs. DEN,W,240,107,42,100,0.42,9,35,0.257,14,21,0.667,22,38,60,22,5,5,11,21,2.0,95.6
22023,1610612738,BOS,Boston Celtics,0022300980,2024-03-17,BOS @ WAS,W,241,130,43,87,0.494,24,50,0.48,20,24,0.833,12,31,43,30,9,6,14,17,26.0,99.6
22023,1610612748,MIA,Miami Heat,0022300977,2024-03-17,MIA @ DET,W,241,104,40,89,0.449,12,35,0.343,12,16,0.75,11,36,47,24,7,2,9,11,3.0,93.5
22023,1610612751,BKN,Brooklyn Nets,0022300981,2024-03-17,BKN @ SAS,L,265,115,47,102,0.461,8,31,0.258,13,19,0.684,11,37,48,29,13,5,12,20,-7.0,111.4
22023,1610612737,ATL,Atlanta Hawks,0022300982,2024-03-17,ATL @ LAC,W,240,110,41,84,0.488,17,34,0.5,11,12,0.917,10,35,45,32,10,7,14,22,17.0,91.69999999999999
22023,1610612761,TOR,Toronto Raptors,0022300979,2024-03-17,TOR @ ORL,L,241,96,37,84,0.44,8,31,0.258,14,15,0.933,11,26,37,23,7,3,18,18,-15.0,96.5
22023,1610612745,HOU,Houston Rockets,0022300967,2024-03-16,HOU vs. CLE,W,240,117,47,98,0.48,15,42,0.357,8,12,0.667,11,37,48,28,9,7,9,19,14.0,99.4
22023,1610612762,UTA,Utah Jazz,0022300974,2024-03-16,UTA vs. MIN,L,241,100,38,83,0.458,6,26,0.231,18,21,0.857,10,41,51,23,4,5,15,14,-19.0,98.2
22023,1610612747,LAL,Los Angeles Lakers,0022300973,2024-03-16,LAL vs. GSW,L,241,121,47,92,0.511,12,34,0.353,15,18,0.833,8,31,39,32,3,4,9,13,-7.0,98.1
22023,1610612752,NYK,New York Knicks,0022300975,2024-03-16,NYK @ SAC,W,240,98,37,86,0.43,11,39,0.282,13,16,0.813,10,42,52,19,8,9,14,21,7.0,96.4
22023,1610612754,IND,Indiana Pacers,0022300968,2024-03-16,IND vs. BKN,W,240,121,50,105,0.476,6,30,0.2,15,16,0.938,17,33,50,21,13,4,10,23,21.0,100.9
22023,1610612741,CHI,Chicago Bulls,0022300971,2024-03-16,CHI vs. WAS,W,240,127,49,85,0.576,8,24,0.333,21,29,0.724,12,39,51,33,9,4,15,16,29.0,99.19999999999999
22023,1610612740,NOP,New Orleans Pelicans,0022300970,2024-03-16,NOP vs. POR,W,240,126,52,97,0.536,13,33,0.394,9,10,0.9,10,29,39,36,8,5,9,13,19.0,98.9
22023,1610612763,MEM,Memphis Grizzlies,0022300972,2024-03-16,MEM vs. OKC,L,240,112,37,81,0.457,18,44,0.409,20,26,0.769,7,29,36,34,7,4,14,20,-6.0,98.4
22023,1610612755,PHI,Philadelphia 76ers,0022300969,2024-03-16,PHI vs. CHA,W,240,109,36,81,0.444,13,41,0.317,24,25,0.96,10,31,41,25,9,4,15,23,11.0,94.6
22023,1610612756,PHX,Phoenix Suns,0022300961,2024-03-15,PHX @ CHA,W,240,107,40,87,0.46,11,38,0.289,16,20,0.8,10,47,57,31,3,3,10,20,11.0,95.9
22023,1610612748,MIA,Miami Heat,0022300962,2024-03-15,MIA @ DET,W,239,108,43,91,0.473,7,34,0.206,15,21,0.714,9,35,44,23,14,6,8,16,13.0,98.2
22023,1610612740,NOP,New Orleans Pelicans,0022300964,2024-03-15,NOP vs. LAC,W,240,112,42,87,0.483,13,35,0.371,15,20,0.75,9,31,40,28,8,2,8,21,8.0,92.8
22023,1610612761,TOR,Toronto Raptors,0022300963,2024-03-15,TOR vs. ORL,L,241,103,38,81,0.469,14,34,0.412,13,20,0.65,9,31,40,24,11,4,15,24,-10.0,95.9
22023,1610612762,UTA,Utah Jazz,0022300966,2024-03-15,UTA vs. ATL,W,239,124,46,90,0.511,14,36,0.389,18,20,0.9,10,39,49,24,6,7,11,21,2.0,99.9
22023,1610612759,SAS,San Antonio Spurs,0022300965,2024-03-15,SAS vs. DEN,L,240,106,37,81,0.457,11,29,0.379,21,27,0.778,12,32,44,23,6,4,16,13,-11.0,97.3
22023,1610612746,LAC,LA Clippers,0022300956,2024-03-14,LAC @ CHI,W,240,126,48,80,0.6,20,40,0.5,10,14,0.714,6,29,35,32,9,2,9,16,15.0,91.5
22023,1610612752,NYK,New York Knicks,0022300960,2024-03-14,NYK @ POR,W,241,105,38,87,0.437,6,29,0.207,23,26,0.885,15,35,50,16,11,1,12,18,12.0,94.4
22023,1610612756,PHX,Phoenix Suns,0022300955,2024-03-14,PHX @ BOS,L,241,112,47,99,0.475,11,31,0.355,7,10,0.7,19,32,51,27,4,3,13,12,-15.0,96.2
22023,1610612742,DAL,Dallas Mavericks,0022300959,2024-03-14,DAL @ OKC,L,241,119,43,84,0.512,12,29,0.414,21,26,0.808,10,30,40,25,6,2,19,20,-7.0,101.80000000000001
22023,1610612745,HOU,Houston Rockets,0022300957,2024-03-14,HOU vs. WAS,W,241,135,51,87,0.586,12,28,0.429,21,24,0.875,8,39,47,24,7,1,17,19,16.0,106.1
22023,1610612755,PHI,Philadelphia 76ers,0022300958,2024-03-14,PHI @ MIL,L,240,105,39,79,0.494,17,35,0.486,10,14,0.714,6,24,30,20,6,4,11,18,-9.0,89.6
22023,1610612765,DET,Detroit Pistons,0022300946,2024-03-13,DET vs. TOR,W,240,113,39,88,0.443,11,30,0.367,24,31,0.774,11,47,58,27,7,7,21,21,9.0,109.5
22023,1610612741,CHI,Chicago Bulls,0022300948,2024-03-13,CHI @ IND,W,265,132,48,92,0.522,10,28,0.357,26,32,0.813,7,41,48,22,6,5,11,21,3.0,109.0
22023,1610612742,DAL,Dallas Mavericks,0022300952,2024-03-13,DAL vs. GSW,W,241,109,44,82,0.537,6,27,0.222,15,19,0.789,9,33,42,30,6,13,16,16,10.0,98.1
22023,1610612737,ATL,Atlanta Hawks,0022300953,2024-03-13,ATL @ POR,L,240,102,38,88,0.432,14,39,0.359,12,18,0.667,13,25,38,19,11,6,14,23,-4.0,96.9
22023,1610612740,NOP,New Orleans Pelicans,0022300951,2024-03-13,NOP vs. CLE,L,242,95,35,80,0.438,4,22,0.182,21,26,0.808,7,36,43,22,7,6,11,13,-21.0,94.30000000000001
22023,1610612748,MIA,Miami Heat,0022300949,2024-03-13,MIA vs. DEN,L,241,88,34,80,0.425,5,21,0.238,15,18,0.833,8,34,42,18,5,2,8,13,-12.0,88.2
22023,1610612758,SAC,Sacramento Kings,0022300954,2024-03-13,SAC vs. LAL,W,239,120,46,88,0.523,19,41,0.463,9,12,0.75,9,35,44,30,11,2,12,19,13.0,94.8
22023,1610612766,CHA,Charlotte Hornets,0022300950,2024-03-13,CHA @ MEM,W,241,110,44,82,0.537,13,36,0.361,9,13,0.692,6,29,35,26,12,7,20,11,12.0,97.80000000000001
22023,1610612751,BKN,Brooklyn Nets,0022300947,2024-03-13,BKN @ ORL,L,240,106,38,81,0.469,7,26,0.269,23,27,0.852,8,24,32,21,7,4,13,19,-8.0,95.1
22023,1610612745,HOU,Houston Rockets,0022300942,2024-03-12,HOU @ SAS,W,240,103,37,80,0.463,10,32,0.313,19,21,0.905,8,28,36,21,10,5,12,19,2.0,91.5
22023,1610612762,UTA,Utah Jazz,0022300943,2024-03-12,UTA vs. BOS,L,239,107,41,86,0.477,15,32,0.469,10,11,0.909,9,29,38,23,4,7,10,18,-16.0,92.5
22023,1610612755,PHI,Philadelphia 76ers,0022300939,2024-03-12,PHI @ NYK,L,240,79,30,80,0.375,8,33,0.242,11,16,0.688,7,24,31,17,7,4,8,16,-27.0,87.7
22023,1610612763,MEM,Memphis Grizzlies,0022300940,2024-03-12,MEM vs. WAS,W,241,109,42,94,0.447,8,33,0.242,17,21,0.81,17,36,53,27,8,7,17,19,12.0,99.9
22023,1610612760,OKC,Oklahoma City Thunder,0022300941,2024-03-12,OKC vs. IND,L,239,111,43,99,0.434,14,37,0.378,11,15,0.733,13,37,50,24,5,4,12,16,-10.0,102.8
22023,1610612758,SAC,Sacramento Kings,0022300945,2024-03-12,SAC vs. MIL,W,240,129,49,92,0.533,18,40,0.45,13,16,0.813,6,45,51,34,11,1,8,26,35.0,99.7
22023,1610612746,LAC,LA Clippers,0022300944,2024-03-12,LAC vs. MIN,L,240,100,34,72,0.472,11,30,0.367,21,25,0.84,8,26,34,22,7,4,18,18,-18.0,90.8
22023,1610612765,DET,Detroit Pistons,0022300933,2024-03-11,DET vs. CHA,W,240,114,41,86,0.477,10,42,0.238,22,24,0.917,9,42,51,26,8,5,12,19,17.0,99.4
22023,1610612742,DAL,Dallas Mavericks,0022300935,2024-03-11,DAL @ CHI,W,239,127,51,93,0.548,13,41,0.317,12,15,0.8,10,39,49,33,10,6,6,17,35.0,95.9
22023,1610612761,TOR,Toronto Raptors,0022300937,2024-03-11,TOR @ DEN,L,240,119,47,93,0.505,11,30,0.367,14,17,0.824,11,31,42,30,6,4,11,16,-6.0,100.0
22023,1610612744,GSW,Golden State Warriors,0022300936,2024-03-11,GSW @ SAS,W,240,112,46,93,0.495,12,27,0.444,8,12,0.667,10,35,45,28,7,4,13,19,10.0,100.9
22023,1610612738,BOS,Boston Celtics,0022300938,2024-03-11,BOS @ POR,W,241,121,49,100,0.49,15,40,0.375,8,12,0.667,14,31,45,34,7,10,3,11,22.0,93.6
22023,1610612756,PHX,Phoenix Suns,0022300934,2024-03-11,PHX @ CLE,W,240,117,46,84,0.548,12,32,0.375,13,19,0.684,12,30,42,23,8,6,14,18,6.0,93.6
22023,1610612755,PHI,Philadelphia 76ers,0022300927,2024-03-10,PHI @ NYK,W,240,79,31,80,0.388,9,30,0.3,8,14,0.571,14,33,47,20,9,5,13,18,6.0,87.0
22023,1610612740,NOP,New Orleans Pelicans,0022300925,2024-03-10,NOP @ ATL,W,240,116,43,75,0.573,14,27,0.519,16,22,0.727,4,39,43,32,8,7,12,10,13.0,93.5
22023,1610612751,BKN,Brooklyn Nets,0022300930,2024-03-10,BKN @ CLE,W,241,120,42,79,0.532,18,35,0.514,18,20,0.9,8,32,40,33,7,3,12,17,19.0,91.0
22023,1610612764,WAS,Washington Wizards,0022300926,2024-03-10,WAS @ MIA,W,239,110,39,81,0.481,16,39,0.41,16,22,0.727,6,34,40,35,5,5,15,18,2.0,99.0
22023,1610612750,MIN,Minnesota Timberwolves,0022300932,2024-03-10,MIN @ LAL,L,239,109,41,97,0.423,16,46,0.348,11,13,0.846,11,27,38,27,8,6,11,18,-11.0,100.9
22023,1610612746,LAC,LA Clippers,0022300924,2024-03-10,LAC vs. MIL,L,240,117,47,104,0.452,14,47,0.298,9,10,0.9,17,35,52,30,3,9,10,23,-7.0,99.4
22023,1610612758,SAC,Sacramento Kings,0022300929,2024-03-10,SAC vs. HOU,L,240,104,39,86,0.453,6,32,0.188,20,23,0.87,7,37,44,24,10,5,12,20,-8.0,100.5
22023,1610612763,MEM,Memphis Grizzlies,0022300931,2024-03-10,MEM @ OKC,L,240,93,32,78,0.41,11,33,0.333,18,27,0.667,8,31,39,21,8,4,16,14,-31.0,96.9
22023,1610612754,IND,Indiana Pacers,0022300928,2024-03-10,IND @ ORL,W,239,111,38,78,0.487,8,23,0.348,27,33,0.818,5,41,46,20,5,10,12,21,14.0,98.4
22023,1610612761,TOR,Toronto Raptors,0022300923,2024-03-09,TOR @ POR,L,265,118,43,91,0.473,16,43,0.372,16,19,0.842,9,34,43,29,9,6,20,18,-10.0,107.3
22023,1610612762,UTA,Utah Jazz,0022300922,2024-03-09,UTA @ DEN,L,240,121,47,94,0.5,8,26,0.308,19,25,0.76,14,22,36,22,7,2,15,15,-21.0,101.2
22023,1610612746,LAC,LA Clippers,0022300917,2024-03-09,LAC vs. CHI,W,240,112,42,84,0.5,12,35,0.343,16,18,0.889,9,36,45,29,7,6,13,20,10.0,94.4
22023,1610612751,BKN,Brooklyn Nets,0022300918,2024-03-09,BKN @ CHA,L,239,99,36,90,0.4,14,42,0.333,13,17,0.765,16,25,41,22,4,2,15,14,-11.0,94.9
22023,1610612742,DAL,Dallas Mavericks,0022300919,2024-03-09,DAL @ DET,W,240,142,51,92,0.554,14,38,0.368,26,32,0.813,4,32,36,29,13,8,14,18,18.0,111.4
22023,1610612744,GSW,Golden State Warriors,0022300921,2024-03-09,GSW vs. SAS,L,241,113,41,88,0.466,10,30,0.333,21,29,0.724,9,30,39,26,9,7,12,24,-13.0,99.9
22023,1610612738,BOS,Boston Celtics,0022300920,2024-03-09,BOS @ PHX,W,240,117,46,94,0.489,15,39,0.385,10,13,0.769,13,30,43,29,7,4,12,12,10.0,97.80000000000001
22023,1610612753,ORL,Orlando Magic,0022300912,2024-03-08,ORL @ NYK,L,239,74,27,79,0.342,6,26,0.231,14,20,0.7,12,25,37,12,7,10,13,12,-24.0,87.1
22023,1610612745,HOU,Houston Rockets,0022300916,2024-03-08,HOU @ POR,W,239,123,45,94,0.479,14,37,0.378,19,26,0.731,14,33,47,33,12,10,7,15,16.0,97.2
22023,1610612740,NOP,New Orleans Pelicans,0022300909,2024-03-08,NOP @ PHI,W,241,103,35,79,0.443,11,31,0.355,22,23,0.957,9,39,48,22,7,10,12,18,8.0,92.1
22023,1610612766,CHA,Charlotte Hornets,0022300910,2024-03-08,CHA @ WAS,L,240,100,40,100,0.4,9,42,0.214,11,15,0.733,13,35,48,18,6,5,7,19,-12.0,98.6
22023,1610612750,MIN,Minnesota Timberwolves,0022300911,2024-03-08,MIN @ CLE,L,265,104,39,94,0.415,8,30,0.267,18,22,0.818,7,38,45,25,5,5,12,25,-9.0,106.1
22023,1610612763,MEM,Memphis Grizzlies,0022300913,2024-03-08,MEM vs. ATL,L,241,92,30,74,0.405,10,26,0.385,22,30,0.733,10,28,38,21,10,11,13,19,-7.0,90.5
22023,1610612748,MIA,Miami Heat,0022300914,2024-03-08,MIA @ OKC,L,240,100,38,82,0.463,11,29,0.379,13,18,0.722,7,36,43,24,6,5,10,16,-7.0,93.2
22023,1610612749,MIL,Milwaukee Bucks,0022300915,2024-03-08,MIL @ LAL,L,240,122,46,93,0.495,16,41,0.39,14,17,0.824,6,37,43,28,3,2,6,17,-1.0,99.19999999999999
22023,1610612738,BOS,Boston Celtics,0022300906,2024-03-07,BOS @ DEN,L,240,109,41,91,0.451,11,38,0.289,16,25,0.64,13,34,47,24,6,3,12,18,-6.0,98.9
22023,1610612748,MIA,Miami Heat,0022300904,2024-03-07,MIA @ DAL,L,241,108,40,82,0.488,17,38,0.447,11,17,0.647,2,35,37,30,7,2,10,20,-6.0,96.0
22023,1610612758,SAC,Sacramento Kings,0022300908,2024-03-07,SAC vs. SAS,W,238,131,52,102,0.51,10,32,0.313,17,18,0.944,14,32,46,31,8,3,13,15,2.0,105.30000000000001
22023,1610612744,GSW,Golden State Warriors,0022300907,2024-03-07,GSW vs. CHI,L,241,122,44,97,0.454,11,42,0.262,23,28,0.821,13,35,48,31,8,2,11,22,-3.0,104.7
22023,1610612761,TOR,Toronto Raptors,0022300905,2024-03-07,TOR @ PHX,L,241,113,43,94,0.457,16,44,0.364,11,15,0.733,9,27,36,30,5,2,9,20,-7.0,99.0
22023,1610612750,MIN,Minnesota Timberwolves,0022300903,2024-03-07,MIN @ IND,W,241,113,46,98,0.469,7,25,0.28,14,19,0.737,13,35,48,23,9,6,9,20,2.0,100.4
22023,1610612751,BKN,Brooklyn Nets,0022300902,2024-03-07,BKN @ DET,L,240,112,41,84,0.488,17,41,0.415,13,18,0.722,4,24,28,24,12,4,14,17,-6.0,100.30000000000001
22023,1610612762,UTA,Utah Jazz,0022300898,2024-03-06,UTA vs. CHI,L,239,117,44,96,0.458,15,47,0.319,14,16,0.875,14,31,45,28,4,7,10,14,-2.0,97.2
22023,1610612737,ATL,Atlanta Hawks,0022300895,2024-03-06,ATL vs. CLE,W,241,112,43,84,0.512,11,30,0.367,15,20,0.75,8,34,42,27,7,3,9,17,11.0,95.9
22023,1610612744,GSW,Golden State Warriors,0022300899,2024-03-06,GSW vs. MIL,W,240,125,51,91,0.56,19,39,0.487,4,7,0.571,8,42,50,37,10,13,14,13,35.0,101.9
22023,1610612746,LAC,LA Clippers,0022300897,2024-03-06,LAC @ HOU,W,240,122,44,80,0.55,12,29,0.414,22,26,0.846,8,33,41,19,5,8,9,17,6.0,93.6
22023,1610612753,ORL,Orlando Magic,0022300894,2024-03-06,ORL @ WAS,W,240,119,44,81,0.543,12,26,0.462,19,21,0.905,9,33,42,21,4,5,15,14,10.0,95.7
22023,1610612755,PHI,Philadelphia 76ers,0022300896,2024-03-06,PHI vs. MEM,L,239,109,39,102,0.382,13,35,0.371,18,21,0.857,17,30,47,25,11,9,11,21,-6.0,102.30000000000001
22023,1610612758,SAC,Sacramento Kings,0022300901,2024-03-06,SAC @ LAL,W,239,130,54,97,0.557,12,31,0.387,10,12,0.833,9,37,46,32,8,2,13,23,10.0,103.9
22023,1610612757,POR,Portland Trail Blazers,0022300900,2024-03-06,POR vs. OKC,L,240,120,41,81,0.506,14,34,0.412,24,27,0.889,7,25,32,27,10,2,17,28,-8.0,101.19999999999999
22023,1610612743,DEN,Denver Nuggets,0022300893,2024-03-05,DEN vs. PHX,L,265,107,41,96,0.427,15,40,0.375,10,14,0.714,10,41,51,25,6,6,14,15,-10.0,104.19999999999999
22023,1610612759,SAS,San Antonio Spurs,0022300891,2024-03-05,SAS @ HOU,L,241,101,38,87,0.437,12,36,0.333,13,16,0.813,12,38,50,24,1,10,18,12,-13.0,98.9
22023,1610612738,BOS,Boston Celtics,0022300886,2024-03-05,BOS @ CLE,L,241,104,39,93,0.419,15,38,0.395,11,12,0.917,14,39,53,24,6,9,13,13,-1.0,95.6
22023,1610612742,DAL,Dallas Mavericks,0022300892,2024-03-05,DAL vs. IND,L,241,120,45,93,0.484,13,39,0.333,17,21,0.81,9,32,41,23,5,6,9,23,-17.0,101.5
22023,1610612748,MIA,Miami Heat,0022300888,2024-03-05,MIA vs. DET,W,240,118,42,85,0.494,14,31,0.452,20,23,0.87,8,34,42,27,7,5,9,14,8.0,96.5
22023,1610612766,CHA,Charlotte Hornets,0022300885,2024-03-05,CHA vs. ORL,L,241,89,33,72,0.458,12,33,0.364,11,11,1.0,3,28,31,19,7,1,19,19,-12.0,90.7
22023,1610612752,NYK,New York Knicks,0022300889,2024-03-05,NYK vs. ATL,L,241,100,38,99,0.384,16,52,0.308,8,11,0.727,17,23,40,27,8,6,11,18,-16.0,97.30000000000001
22023,1610612755,PHI,Philadelphia 76ers,0022300887,2024-03-05,PHI @ BKN,L,240,107,40,82,0.488,12,28,0.429,15,19,0.789,8,30,38,25,6,2,12,24,-5.0,94.6
22023,1610612761,TOR,Toronto Raptors,0022300890,2024-03-05,TOR vs. NOP,L,240,98,36,93,0.387,13,44,0.295,13,22,0.591,11,34,45,21,6,7,11,11,-41.0,102.6
22023,1610612760,OKC,Oklahoma City Thunder,0022300884,2024-03-04,OKC @ LAL,L,239,104,37,94,0.394,15,39,0.385,15,16,0.938,13,25,38,22,12,7,10,20,-12.0,97.7
22023,1610612749,MIL,Milwaukee Bucks,0022300880,2024-03-04,MIL vs. LAC,W,240,113,37,78,0.474,15,38,0.395,24,28,0.857,7,39,46,20,8,3,11,20,7.0,97.6
22023,1610612741,CHI,Chicago Bulls,0022300883,2024-03-04,CHI @ SAC,W,241,113,42,84,0.5,11,32,0.344,18,22,0.818,7,25,32,28,9,2,9,17,4.0,95.5
22023,1610612764,WAS,Washington Wizards,0022300882,2024-03-04,WAS @ UTA,L,240,115,40,94,0.426,16,38,0.421,19,23,0.826,10,33,43,26,6,3,15,15,-12.0,107.6
22023,1610612763,MEM,Memphis Grizzlies,0022300879,2024-03-04,MEM @ BKN,W,241,106,38,82,0.463,12,37,0.324,18,22,0.818,15,35,50,26,6,3,18,22,4.0,92.9
22023,1610612757,POR,Portland Trail Blazers,0022300881,2024-03-04,POR @ MIN,L,240,114,45,92,0.489,16,39,0.41,8,11,0.727,12,29,41,28,5,3,13,26,-5.0,95.1
22023,1610612760,OKC,Oklahoma City Thunder,0022300878,2024-03-03,OKC @ PHX,W,240,118,49,102,0.48,9,31,0.29,11,15,0.733,10,31,41,21,16,8,5,15,8.0,103.6
22023,1610612759,SAS,San Antonio Spurs,0022300877,2024-03-03,SAS vs. IND,W,239,117,46,85,0.541,10,25,0.4,15,19,0.789,10,35,45,33,6,8,14,17,12.0,97.0
22023,1610612739,CLE,Cleveland Cavaliers,0022300876,2024-03-03,CLE vs. NYK,L,241,98,39,87,0.448,17,44,0.386,3,8,0.375,10,29,39,31,7,5,10,11,-9.0,89.6
22023,1610612746,LAC,LA Clippers,0022300873,2024-03-03,LAC @ MIN,W,239,89,32,85,0.376,10,34,0.294,15,17,0.882,7,33,40,17,7,5,9,12,1.0,92.0
22023,1610612753,ORL,Orlando Magic,0022300874,2024-03-03,ORL vs. DET,W,239,113,43,72,0.597,7,23,0.304,20,25,0.8,7,41,48,24,7,6,20,16,22.0,98.0
22023,1610612738,BOS,Boston Celtics,0022300872,2024-03-03,BOS vs. GSW,W,240,140,53,96,0.552,25,49,0.51,9,11,0.818,7,44,51,35,10,5,7,19,52.0,101.30000000000001
22023,1610612755,PHI,Philadelphia 76ers,0022300871,2024-03-03,PHI @ DAL,W,239,120,40,88,0.455,11,37,0.297,29,31,0.935,13,29,42,26,10,5,8,19,4.0,97.80000000000001
22023,1610612761,TOR,Toronto Raptors,0022300875,2024-03-03,TOR vs. CHA,W,240,111,42,91,0.462,13,38,0.342,14,18,0.778,11,34,45,27,8,6,14,16,5.0,102.30000000000001
22023,1610612763,MEM,Memphis Grizzlies,0022300868,2024-03-02,MEM vs. POR,L,265,100,30,83,0.361,15,40,0.375,25,33,0.758,9,36,45,21,15,9,22,17,-7.0,109.9
22023,1610612747,LAL,Los Angeles Lakers,0022300869,2024-03-02,LAL vs. DEN,L,241,114,47,89,0.528,12,29,0.414,8,11,0.727,6,25,31,33,5,4,7,9,-10.0,94.1
22023,1610612745,HOU,Houston Rockets,0022300870,2024-03-02,HOU @ PHX,W,240,118,42,96,0.438,16,42,0.381,18,26,0.692,13,36,49,27,13,3,12,22,9.0,106.0
22023,1610612748,MIA,Miami Heat,0022300867,2024-03-02,MIA vs. UTA,W,241,126,46,88,0.523,13,34,0.382,21,25,0.84,8,26,34,33,6,6,6,20,6.0,95.7
22023,1610612737,ATL,Atlanta Hawks,0022300866,2024-03-02,ATL @ BKN,L,241,102,37,87,0.425,11,34,0.324,17,23,0.739,12,30,42,23,4,4,11,19,-12.0,95.0
22023,1610612750,MIN,Minnesota Timberwolves,0022300862,2024-03-01,MIN vs. SAC,L,267,120,42,85,0.494,12,31,0.387,24,32,0.75,8,36,44,29,4,5,12,22,-4.0,102.19999999999999
22023,1610612757,POR,Portland Trail Blazers,0022300861,2024-03-01,POR @ MEM,W,239,122,48,92,0.522,13,31,0.419,13,16,0.813,16,30,46,31,13,8,14,20,30.0,98.6
22023,1610612742,DAL,Dallas Mavericks,0022300859,2024-03-01,DAL @ BOS,L,240,110,44,94,0.468,9,34,0.265,13,18,0.722,10,32,42,20,4,4,7,12,-28.0,98.7
22023,1610612744,GSW,Golden State Warriors,0022300860,2024-03-01,GSW @ TOR,W,241,120,44,98,0.449,18,44,0.409,14,18,0.778,15,41,56,26,10,5,14,14,15.0,104.5
22023,1610612764,WAS,Washington Wizards,0022300865,2024-03-01,WAS @ LAC,L,240,115,46,98,0.469,12,34,0.353,11,15,0.733,9,30,39,29,5,3,9,17,-25.0,103.5
22023,1610612754,IND,Indiana Pacers,0022300863,2024-03-01,IND @ NOP,L,241,102,40,95,0.421,10,32,0.313,12,18,0.667,17,27,44,25,9,8,16,21,-27.0,101.80000000000001
22023,1610612741,CHI,Chicago Bulls,0022300864,2024-03-01,CHI vs. MIL,L,240,97,36,86,0.419,11,27,0.407,14,16,0.875,7,37,44,25,4,2,12,21,-16.0,96.1
22023,1610612766,CHA,Charlotte Hornets,0022300858,2024-03-01,CHA @ PHI,L,240,114,43,84,0.512,14,33,0.424,14,17,0.824,7,25,32,24,5,6,5,13,-7.0,90.6
22023,1610612739,CLE,Cleveland Cavaliers,0022300857,2024-03-01,CLE @ DET,W,240,110,33,83,0.398,18,41,0.439,26,30,0.867,12,41,53,25,7,6,15,20,10.0,98.6
22023,1610612747,LAL,Los Angeles Lakers,0022300856,2024-02-29,LAL vs. WAS,W,265,134,53,101,0.525,8,23,0.348,20,24,0.833,7,38,45,30,6,6,11,16,3.0,113.19999999999999
22023,1610612759,SAS,San Antonio Spurs,0022300853,2024-02-29,SAS vs. OKC,W,240,132,48,91,0.527,19,39,0.487,17,20,0.85,11,34,45,39,6,8,11,20,14.0,99.9
22023,1610612756,PHX,Phoenix Suns,0022300854,2024-02-29,PHX vs. HOU,W,240,110,36,89,0.404,13,37,0.351,25,37,0.676,14,37,51,20,6,6,14,21,5.0,104.1
22023,1610612752,NYK,New York Knicks,0022300852,2024-02-29,NYK vs. GSW,L,239,99,35,95,0.368,12,39,0.308,17,24,0.708,17,39,56,23,7,3,12,15,-11.0,99.5
22023,1610612737,ATL,Atlanta Hawks,0022300851,2024-02-29,ATL @ BKN,L,241,97,37,86,0.43,8,28,0.286,15,21,0.714,8,31,39,18,3,8,11,14,-27.0,96.80000000000001
22023,1610612743,DEN,Denver Nuggets,0022300855,2024-02-29,DEN vs. MIA,W,239,103,36,84,0.429,12,34,0.353,19,21,0.905,9,32,41,22,10,8,15,23,6.0,98.0
22023,1610612753,ORL,Orlando Magic,0022300850,2024-02-29,ORL vs. UTA,W,240,115,42,77,0.545,10,30,0.333,21,31,0.677,10,35,45,27,9,6,15,20,8.0,95.80000000000001
22023,1610612766,CHA,Charlotte Hornets,0022300849,2024-02-29,CHA vs. MIL,L,240,99,36,82,0.439,12,39,0.308,15,20,0.75,9,33,42,24,3,3,13,18,-12.0,93.5
22023,1610612740,NOP,New Orleans Pelicans,0022300843,2024-02-28,NOP @ IND,L,240,114,42,90,0.467,11,29,0.379,19,23,0.826,7,33,40,26,2,4,10,12,-9.0,100.9
22023,1610612763,MEM,Memphis Grizzlies,0022300845,2024-02-28,MEM @ MIN,L,241,101,36,93,0.387,11,37,0.297,18,20,0.9,17,33,50,23,8,5,14,22,-9.0,96.9
22023,1610612739,CLE,Cleveland Cavaliers,0022300846,2024-02-28,CLE @ CHI,L,289,123,45,104,0.433,22,54,0.407,11,19,0.579,5,34,39,37,7,11,12,25,-9.0,117.4
22023,1610612742,DAL,Dallas Mavericks,0022300844,2024-02-28,DAL @ TOR,W,240,136,52,96,0.542,15,43,0.349,17,21,0.81,11,39,50,32,7,10,14,20,11.0,108.2
22023,1610612747,LAL,Los Angeles Lakers,0022300848,2024-02-28,LAL @ LAC,W,240,116,47,86,0.547,14,36,0.389,8,10,0.8,8,31,39,28,6,5,15,12,4.0,97.7
22023,1610612743,DEN,Denver Nuggets,0022300847,2024-02-28,DEN vs. SAC,W,241,117,46,86,0.535,15,35,0.429,10,11,0.909,5,38,43,35,10,6,15,17,21.0,99.80000000000001
22023,1610612744,GSW,Golden State Warriors,0022300834,2024-02-27,GSW @ WAS,W,240,123,47,94,0.5,21,46,0.457,8,11,0.727,9,35,44,39,12,6,18,11,11.0,106.7
22023,1610612741,CHI,Chicago Bulls,0022300839,2024-02-27,CHI vs. DET,L,240,95,39,98,0.398,2,29,0.069,15,18,0.833,15,24,39,22,11,3,6,18,-10.0,95.2
22023,1610612749,MIL,Milwaukee Bucks,0022300840,2024-02-27,MIL vs. CHA,W,238,123,46,89,0.517,16,40,0.4,15,18,0.833,11,40,51,29,7,3,9,17,38.0,95.0
22023,1610612755,PHI,Philadelphia 76ers,0022300836,2024-02-27,PHI @ BOS,L,240,99,37,94,0.394,14,42,0.333,11,12,0.917,8,20,28,20,6,5,9,23,-18.0,96.8
22023,1610612759,SAS,San Antonio Spurs,0022300838,2024-02-27,SAS @ MIN,L,240,105,39,82,0.476,16,41,0.39,11,15,0.733,7,34,41,28,9,7,22,15,-9.0,102.9
22023,1610612751,BKN,Brooklyn Nets,0022300833,2024-02-27,BKN @ ORL,L,239,81,31,79,0.392,8,31,0.258,11,14,0.786,9,26,35,18,10,1,20,22,-27.0,95.8
22023,1610612757,POR,Portland Trail Blazers,0022300842,2024-02-27,POR vs. MIA,L,240,96,35,86,0.407,10,31,0.323,16,19,0.842,15,25,40,24,9,4,17,25,-10.0,94.0
22023,1610612745,HOU,Houston Rockets,0022300841,2024-02-27,HOU @ OKC,L,239,95,37,95,0.389,9,39,0.231,12,18,0.667,12,34,46,22,5,8,15,16,-17.0,103.2
22023,1610612742,DAL,Dallas Mavericks,0022300832,2024-02-27,DAL @ CLE,L,240,119,48,91,0.527,14,33,0.424,9,15,0.6,5,31,36,23,11,6,5,12,-2.0,97.1
22023,1610612752,NYK,New York Knicks,0022300837,2024-02-27,NYK vs. NOP,L,241,92,31,83,0.373,14,46,0.304,16,23,0.696,13,25,38,27,6,5,11,20,-23.0,90.2
22023,1610612737,ATL,Atlanta Hawks,0022300835,2024-02-27,ATL vs. UTA,W,239,124,46,93,0.495,12,32,0.375,20,23,0.87,15,40,55,27,8,8,17,15,27.0,105.4
22023,1610612758,SAC,Sacramento Kings,0022300831,2024-02-26,SAC vs. MIA,L,241,110,45,85,0.529,13,32,0.406,7,12,0.583,11,30,41,30,10,5,15,20,-11.0,95.9
22023,1610612754,IND,Indiana Pacers,0022300829,2024-02-26,IND vs. TOR,L,241,122,46,100,0.46,13,42,0.31,17,23,0.739,13,30,43,27,8,5,10,19,-8.0,104.0
22023,1610612752,NYK,New York Knicks,0022300828,2024-02-26,NYK vs. DET,W,241,113,41,92,0.446,15,39,0.385,16,21,0.762,15,29,44,31,9,4,14,16,2.0,97.9
22023,1610612763,MEM,Memphis Grizzlies,0022300830,2024-02-26,MEM vs. BKN,L,240,86,29,75,0.387,7,26,0.269,21,26,0.808,8,32,40,16,6,4,14,13,-25.0,91.5
22023,1610612753,ORL,Orlando Magic,0022300821,2024-02-25,ORL @ ATL,L,240,92,35,84,0.417,14,38,0.368,8,18,0.444,14,37,51,23,7,9,18,19,-17.0,96.0
22023,1610612744,GSW,Golden State Warriors,0022300824,2024-02-25,GSW vs. DEN,L,241,103,35,81,0.432,11,34,0.324,22,29,0.759,11,31,42,27,5,3,17,18,-16.0,97.5
22023,1610612745,HOU,Houston Rockets,0022300822,2024-02-25,HOU vs. OKC,L,239,110,38,93,0.409,16,41,0.39,18,23,0.783,13,37,50,18,6,7,18,16,-13.0,104.6
22023,1610612746,LAC,LA Clippers,0022300827,2024-02-25,LAC vs. SAC,L,238,107,40,82,0.488,8,27,0.296,19,20,0.95,10,29,39,23,7,2,15,14,-16.0,95.4
22023,1610612742,DAL,Dallas Mavericks,0022300819,2024-02-25,DAL @ IND,L,240,111,41,87,0.471,14,31,0.452,15,21,0.714,8,30,38,15,9,4,15,13,-22.0,104.1
22023,1610612755,PHI,Philadelphia 76ers,0022300817,2024-02-25,PHI vs. MIL,L,239,98,36,97,0.371,16,46,0.348,10,11,0.909,13,28,41,24,12,5,10,18,-21.0,97.80000000000001
22023,1610612740,NOP,New Orleans Pelicans,0022300823,2024-02-25,NOP vs. CHI,L,240,106,40,88,0.455,16,41,0.39,10,14,0.714,12,37,49,25,5,7,19,17,-8.0,100.5
22023,1610612764,WAS,Washington Wizards,0022300820,2024-02-25,WAS vs. CLE,L,240,105,40,90,0.444,12,40,0.3,13,18,0.722,4,36,40,29,6,2,9,22,-9.0,100.0
22023,1610612757,POR,Portland Trail Blazers,0022300826,2024-02-25,POR vs. CHA,L,240,80,33,95,0.347,3,32,0.094,11,16,0.688,22,34,56,14,11,4,15,16,-13.0,93.1
22023,1610612762,UTA,Utah Jazz,0022300825,2024-02-25,UTA vs. SAS,W,242,128,46,90,0.511,17,35,0.486,19,22,0.864,5,33,38,36,13,8,17,17,19.0,109.69999999999999
22023,1610612756,PHX,Phoenix Suns,0022300818,2024-02-25,PHX vs. LAL,W,239,123,44,93,0.473,17,40,0.425,18,19,0.947,14,37,51,32,6,9,12,12,10.0,99.4
22023,1610612753,ORL,Orlando Magic,0022300814,2024-02-24,ORL @ DET,W,238,112,43,87,0.494,12,24,0.5,14,21,0.667,13,33,46,25,9,9,10,15,3.0,93.80000000000001
22023,1610612738,BOS,Boston Celtics,0022300816,2024-02-24,BOS @ NYK,W,239,116,46,81,0.568,15,35,0.429,9,12,0.75,11,25,36,27,8,4,7,16,14.0,84.1
22023,1610612751,BKN,Brooklyn Nets,0022300815,2024-02-24,BKN @ MIN,L,237,86,35,104,0.337,6,35,0.171,10,11,0.909,16,40,56,20,7,2,11,17,-15.0,101.30000000000001
22023,1610612745,HOU,Houston Rockets,0022300806,2024-02-23,HOU vs. PHX,W,240,114,37,93,0.398,15,45,0.333,25,34,0.735,17,37,54,25,8,5,14,23,4.0,101.8
22023,1610612761,TOR,Toronto Raptors,0022300804,2024-02-23,TOR @ ATL,W,241,123,50,102,0.49,15,39,0.385,8,8,1.0,11,36,47,37,3,7,11,20,2.0,104.9
22023,1610612750,MIN,Minnesota Timberwolves,0022300808,2024-02-23,MIN vs. MIL,L,240,107,43,98,0.439,13,35,0.371,8,13,0.615,16,36,52,23,8,4,13,18,-5.0,98.1
22023,1610612746,LAC,LA Clippers,0022300807,2024-02-23,LAC @ MEM,W,240,101,37,84,0.44,12,32,0.375,15,17,0.882,14,37,51,20,7,2,20,20,6.0,96.1
22023,1610612755,PHI,Philadelphia 76ers,0022300805,2024-02-23,PHI vs. CLE,W,240,104,40,90,0.444,12,29,0.414,12,15,0.8,9,42,51,20,6,7,9,25,7.0,96.7
22023,1610612766,CHA,Charlotte Hornets,0022300811,2024-02-23,CHA @ GSW,L,241,84,32,88,0.364,11,39,0.282,9,11,0.818,13,30,43,21,13,6,18,15,-13.0,99.2
22023,1610612764,WAS,Washington Wizards,0022300809,2024-02-23,WAS @ OKC,L,244,106,41,104,0.394,9,38,0.237,15,21,0.714,16,27,43,20,10,3,14,17,-41.0,108.9
22023,1610612743,DEN,Denver Nuggets,0022300812,2024-02-23,DEN @ POR,W,240,127,50,85,0.588,13,33,0.394,14,22,0.636,11,34,45,38,8,6,12,17,15.0,97.0
22023,1610612759,SAS,San Antonio Spurs,0022300813,2024-02-23,SAS @ LAL,L,238,118,42,96,0.438,15,38,0.395,19,23,0.826,16,31,47,33,9,7,14,14,-5.0,103.7
22023,1610612740,NOP,New Orleans Pelicans,0022300810,2024-02-23,NOP vs. MIA,L,242,95,39,104,0.375,7,32,0.219,10,13,0.769,18,36,54,20,6,7,11,19,-11.0,99.1
22023,1610612756,PHX,Phoenix Suns,0022300796,2024-02-22,PHX @ DAL,L,240,113,40,83,0.482,15,36,0.417,18,24,0.75,11,30,41,20,7,4,16,21,-10.0,98.0
22023,1610612745,HOU,Houston Rockets,0022300798,2024-02-22,HOU @ NOP,L,240,105,36,82,0.439,15,41,0.366,18,28,0.643,12,32,44,27,6,5,22,18,-22.0,105.2
22023,1610612739,CLE,Cleveland Cavaliers,0022300792,2024-02-22,CLE vs. ORL,L,240,109,39,70,0.557,10,22,0.455,21,26,0.808,7,26,33,31,8,5,17,18,-7.0,92.30000000000001
22023,1610612751,BKN,Brooklyn Nets,0022300795,2024-02-22,BKN @ TOR,L,240,93,33,80,0.413,11,37,0.297,16,22,0.727,6,33,39,19,7,2,19,24,-28.0,100.4
22023,1610612746,LAC,LA Clippers,0022300799,2024-02-22,LAC @ OKC,L,240,107,42,93,0.452,12,32,0.375,11,13,0.846,11,31,42,27,6,2,14,15,-22.0,101.0
22023,1610612762,UTA,Utah Jazz,0022300801,2024-02-22,UTA vs. CHA,L,240,107,37,86,0.43,9,39,0.231,24,27,0.889,15,39,54,26,3,2,19,21,-8.0,99.3
22023,1610612752,NYK,New York Knicks,0022300794,2024-02-22,NYK @ PHI,W,239,110,38,79,0.481,15,34,0.441,19,27,0.704,12,33,45,24,11,6,15,13,14.0,96.69999999999999
22023,1610612765,DET,Detroit Pistons,0022300793,2024-02-22,DET @ IND,L,240,115,47,89,0.528,12,30,0.4,9,18,0.5,6,35,41,27,6,4,15,21,-14.0,106.4
22023,1610612758,SAC,Sacramento Kings,0022300803,2024-02-22,SAC vs. SAS,W,240,127,52,93,0.559,13,33,0.394,10,14,0.714,7,35,42,29,5,6,10,12,5.0,101.5
22023,1610612747,LAL,Los Angeles Lakers,0022300802,2024-02-22,LAL @ GSW,L,241,110,43,88,0.489,10,35,0.286,14,21,0.667,10,31,41,28,5,9,11,18,-18.0,102.0
22023,1610612743,DEN,Denver Nuggets,0022300800,2024-02-22,DEN vs. WAS,W,239,130,56,101,0.554,7,31,0.226,11,15,0.733,13,47,60,41,11,11,16,16,20.0,111.6
22023,1610612738,BOS,Boston Celtics,0022300797,2024-02-22,BOS @ CHI,W,240,129,45,83,0.542,23,47,0.489,16,21,0.762,5,31,36,27,10,11,13,16,17.0,99.9
22023,1610612763,MEM,Memphis Grizzlies,0022300790,2024-02-15,MEM vs. MIL,W,240,113,44,83,0.53,13,26,0.5,12,19,0.632,7,33,40,30,9,3,16,16,3.0,99.8
22023,1610612750,MIN,Minnesota Timberwolves,0022300791,2024-02-15,MIN @ POR,W,239,128,46,89,0.517,11,30,0.367,25,27,0.926,11,41,52,24,8,5,13,22,37.0,101.4
22023,1610612744,GSW,Golden State Warriors,0022300576,2024-02-15,GSW @ UTA,W,239,140,49,92,0.533,20,42,0.476,22,28,0.786,13,28,41,42,8,6,13,19,3.0,104.0
22023,1610612754,IND,Indiana Pacers,0022300782,2024-02-14,IND @ TOR,W,240,127,47,97,0.485,17,41,0.415,16,23,0.696,9,30,39,32,9,9,8,20,2.0,106.80000000000001
22023,1610612744,GSW,Golden State Warriors,0022300789,2024-02-14,GSW vs. LAC,L,240,125,47,103,0.456,18,47,0.383,13,18,0.722,13,34,47,34,7,2,9,25,-5.0,104.5
22023,1610612741,CHI,Chicago Bulls,0022300781,2024-02-14,CHI @ CLE,L,240,105,38,83,0.458,14,33,0.424,15,17,0.882,9,35,44,18,5,3,14,21,-3.0,94.1
22023,1610612759,SAS,San Antonio Spurs,0022300785,2024-02-14,SAS @ DAL,L,239,93,36,100,0.36,10,40,0.25,11,15,0.733,13,31,44,29,8,7,11,9,-23.0,103.5
22023,1610612762,UTA,Utah Jazz,0022300788,2024-02-14,UTA vs. LAL,L,238,122,49,101,0.485,14,45,0.311,10,13,0.769,15,29,44,29,5,7,13,21,-16.0,104.4
22023,1610612740,NOP,New Orleans Pelicans,0022300784,2024-02-14,NOP vs. WAS,W,240,133,50,89,0.562,10,32,0.313,23,29,0.793,8,31,39,36,14,6,10,21,7.0,103.3
22023,1610612751,BKN,Brooklyn Nets,0022300780,2024-02-14,BKN @ BOS,L,240,86,31,81,0.383,10,31,0.323,14,15,0.933,6,25,31,27,5,1,11,12,-50.0,92.9
22023,1610612753,ORL,Orlando Magic,0022300778,2024-02-14,ORL vs. NYK,W,241,118,48,76,0.632,12,26,0.462,10,11,0.909,7,27,34,25,7,7,12,22,18.0,86.5
22023,1610612743,DEN,Denver Nuggets,0022300786,2024-02-14,DEN vs. SAC,L,239,98,35,89,0.393,9,26,0.346,19,22,0.864,12,33,45,27,6,5,12,18,-4.0,99.19999999999999
22023,1610612756,PHX,Phoenix Suns,0022300787,2024-02-14,PHX vs. DET,W,240,116,35,77,0.455,10,31,0.323,36,44,0.818,9,45,54,28,15,11,23,20,16.0,109.69999999999999
22023,1610612748,MIA,Miami Heat,0022300779,2024-02-14,MIA @ PHI,W,239,109,42,88,0.477,11,35,0.314,14,15,0.933,10,33,43,27,10,1,13,17,5.0,98.7
22023,1610612766,CHA,Charlotte Hornets,0022300777,2024-02-14,CHA vs. ATL,W,239,122,44,89,0.494,15,37,0.405,19,20,0.95,12,34,46,27,7,4,12,18,23.0,97.5
22023,1610612745,HOU,Houston Rockets,0022300783,2024-02-14,HOU @ MEM,L,239,113,42,102,0.412,11,36,0.306,18,28,0.643,22,34,56,20,9,4,9,25,-8.0,99.30000000000001
22023,1610612751,BKN,Brooklyn Nets,0022300771,2024-02-13,BKN vs. BOS,L,241,110,39,79,0.494,15,33,0.455,17,26,0.654,7,30,37,28,6,3,12,21,-8.0,96.30000000000001
22023,1610612756,PHX,Phoenix Suns,0022300774,2024-02-13,PHX vs. SAC,W,239,130,44,85,0.518,13,31,0.419,29,36,0.806,7,32,39,29,11,6,12,16,5.0,103.5
22023,1610612750,MIN,Minnesota Timberwolves,0022300775,2024-02-13,MIN @ POR,W,241,121,39,84,0.464,13,33,0.394,30,34,0.882,12,29,41,24,8,9,12,18,12.0,99.3
22023,1610612749,MIL,Milwaukee Bucks,0022300773,2024-02-13,MIL vs. MIA,L,241,97,37,83,0.446,13,39,0.333,10,11,0.909,5,33,38,24,8,4,18,12,-26.0,100.80000000000001
22023,1610612760,OKC,Oklahoma City Thunder,0022300772,2024-02-13,OKC @ ORL,W,240,127,46,84,0.548,13,32,0.406,22,24,0.917,4,27,31,28,9,8,11,20,14.0,101.8
22023,1610612765,DET,Detroit Pistons,0022300776,2024-02-13,DET @ LAL,L,241,111,45,108,0.417,8,28,0.286,13,17,0.765,17,33,50,30,8,2,10,24,-14.0,105.9
22023,1610612739,CLE,Cleveland Cavaliers,0022300762,2024-02-12,CLE vs. PHI,L,240,121,44,92,0.478,13,37,0.351,20,25,0.8,15,28,43,33,6,8,10,17,-2.0,95.8
22023,1610612763,MEM,Memphis Grizzlies,0022300766,2024-02-12,MEM vs. NOP,L,240,87,34,81,0.42,12,44,0.273,7,8,0.875,3,33,36,28,7,8,17,17,-9.0,95.4
22023,1610612761,TOR,Toronto Raptors,0022300764,2024-02-12,TOR vs. SAS,L,240,99,39,98,0.398,8,31,0.258,13,16,0.813,16,31,47,25,11,4,19,20,-23.0,107.80000000000001
22023,1610612754,IND,Indiana Pacers,0022300761,2024-02-12,IND @ CHA,L,241,102,42,83,0.506,8,30,0.267,10,16,0.625,2,30,32,31,9,3,11,11,-9.0,98.9
22023,1610612737,ATL,Atlanta Hawks,0022300763,2024-02-12,ATL vs. CHI,L,241,126,44,94,0.468,14,43,0.326,24,29,0.828,15,34,49,33,4,3,11,20,-10.0,102.1
22023,1610612744,GSW,Golden State Warriors,0022300769,2024-02-12,GSW @ UTA,W,239,129,48,100,0.48,20,44,0.455,13,17,0.765,12,39,51,31,8,4,13,13,22.0,107.1
22023,1610612752,NYK,New York Knicks,0022300765,2024-02-12,NYK @ HOU,L,240,103,42,92,0.457,12,36,0.333,7,12,0.583,19,32,51,19,4,4,16,23,-2.0,93.0
22023,1610612746,LAC,LA Clippers,0022300770,2024-02-12,LAC vs. MIN,L,241,100,34,84,0.405,9,28,0.321,23,26,0.885,10,26,36,20,6,3,13,14,-21.0,96.5
22023,1610612764,WAS,Washington Wizards,0022300768,2024-02-12,WAS @ DAL,L,240,104,44,106,0.415,7,32,0.219,9,15,0.6,12,40,52,27,9,7,15,25,-8.0,112.7
22023,1610612743,DEN,Denver Nuggets,0022300767,2024-02-12,DEN @ MIL,L,240,95,36,94,0.383,11,40,0.275,12,17,0.706,12,36,48,24,7,2,13,14,-17.0,98.0
22023,1610612738,BOS,Boston Celtics,0022300759,2024-02-11,BOS @ MIA,W,240,110,41,81,0.506,16,39,0.41,12,17,0.706,6,36,42,27,1,9,9,13,4.0,93.4
22023,1610612758,SAC,Sacramento Kings,0022300760,2024-02-11,SAC @ OKC,L,240,113,44,90,0.489,16,42,0.381,9,13,0.692,10,30,40,32,5,5,18,22,-14.0,101.5
22023,1610612739,CLE,Cleveland Cavaliers,0022300756,2024-02-10,CLE @ TOR,W,240,119,48,92,0.522,14,41,0.341,9,13,0.692,14,33,47,36,5,4,10,18,24.0,94.2
22023,1610612753,ORL,Orlando Magic,0022300752,2024-02-10,ORL vs. CHI,W,265,114,41,88,0.466,13,39,0.333,19,26,0.731,13,35,48,23,4,6,15,18,6.0,97.5
22023,1610612746,LAC,LA Clippers,0022300749,2024-02-10,LAC vs. DET,W,241,112,37,82,0.451,13,39,0.333,25,26,0.962,0,35,35,20,9,6,11,13,6.0,104.1
22023,1610612751,BKN,Brooklyn Nets,0022300750,2024-02-10,BKN vs. SAS,W,241,123,49,87,0.563,17,34,0.5,8,11,0.727,9,32,41,31,8,7,11,23,20.0,95.9
22023,1610612742,DAL,Dallas Mavericks,0022300748,2024-02-10,DAL vs. OKC,W,239,146,53,91,0.582,15,38,0.395,25,33,0.758,11,43,54,30,8,3,12,23,35.0,104.80000000000001
22023,1610612744,GSW,Golden State Warriors,0022300757,2024-02-10,GSW vs. PHX,W,238,113,45,101,0.446,17,41,0.415,6,11,0.545,13,39,52,33,6,2,13,20,1.0,105.4
22023,1610612752,NYK,New York Knicks,0022300755,2024-02-10,NYK vs. IND,L,240,111,40,84,0.476,10,32,0.313,21,23,0.913,5,27,32,16,7,4,9,15,-14.0,97.9
22023,1610612737,ATL,Atlanta Hawks,0022300754,2024-02-10,ATL vs. HOU,W,240,122,40,88,0.455,14,41,0.341,28,37,0.757,9,32,41,25,7,8,11,18,9.0,106.69999999999999
22023,1610612757,POR,Portland Trail Blazers,0022300758,2024-02-10,POR vs. NOP,L,239,84,33,76,0.434,6,21,0.286,12,17,0.706,11,31,42,19,7,4,17,14,-9.0,87.6
22023,1610612763,MEM,Memphis Grizzlies,0022300751,2024-02-10,MEM @ CHA,L,239,106,43,92,0.467,16,44,0.364,4,8,0.5,9,23,32,33,12,5,12,13,-9.0,98.5
22023,1610612764,WAS,Washington Wizards,0022300753,2024-02-10,WAS vs. PHI,L,239,113,42,86,0.488,13,35,0.371,16,21,0.762,7,32,39,28,7,8,15,23,-6.0,104.80000000000001
22023,1610612764,WAS,Washington Wizards,0022300743,2024-02-09,WAS @ BOS,L,241,129,45,95,0.474,20,47,0.426,19,21,0.905,5,34,39,32,8,1,12,25,-4.0,108.80000000000001
22023,1610612740,NOP,New Orleans Pelicans,0022300747,2024-02-09,NOP @ LAL,L,241,122,46,89,0.517,11,29,0.379,19,23,0.826,10,31,41,28,5,7,13,22,-17.0,102.0
22023,1610612737,ATL,Atlanta Hawks,0022300742,2024-02-09,ATL @ PHI,W,240,127,42,81,0.519,16,36,0.444,27,33,0.818,9,31,40,31,4,9,13,19,6.0,99.4
22023,1610612758,SAC,Sacramento Kings,0022300746,2024-02-09,SAC vs. DEN,W,242,135,51,87,0.586,17,34,0.5,16,18,0.889,6,36,42,32,11,1,16,22,29.0,104.2
22023,1610612761,TOR,Toronto Raptors,0022300744,2024-02-09,TOR vs. HOU,W,240,107,40,95,0.421,10,33,0.303,17,19,0.895,16,25,41,24,14,8,11,17,3.0,99.0
22023,1610612766,CHA,Charlotte Hornets,0022300745,2024-02-09,CHA @ MIL,L,239,84,27,79,0.342,7,29,0.241,23,29,0.793,8,40,48,17,2,2,13,20,-36.0,97.1
22023,1610612742,DAL,Dallas Mavericks,0022300736,2024-02-08,DAL @ NYK,W,239,122,43,82,0.524,18,42,0.429,18,23,0.783,6,34,40,30,7,6,8,13,14.0,95.80000000000001
22023,1610612741,CHI,Chicago Bulls,0022300737,2024-02-08,CHI @ MEM,W,240,118,43,79,0.544,12,26,0.462,20,22,0.909,8,38,46,24,3,4,14,16,8.0,95.0
22023,1610612757,POR,Portland Trail Blazers,0022300741,2024-02-08,POR vs. DET,L,265,122,41,89,0.461,11,30,0.367,29,33,0.879,11,27,38,29,9,7,15,27,-6.0,105.80000000000001
22023,1610612749,MIL,Milwaukee Bucks,0022300738,2024-02-08,MIL vs. MIN,L,239,105,40,81,0.494,14,33,0.424,11,16,0.688,10,25,35,35,6,3,13,10,-24.0,89.9
22023,1610612751,BKN,Brooklyn Nets,0022300735,2024-02-08,BKN vs. CLE,L,239,95,37,93,0.398,10,25,0.4,11,14,0.786,12,22,34,22,9,3,12,17,-23.0,96.69999999999999
22023,1610612743,DEN,Denver Nuggets,0022300740,2024-02-08,DEN @ LAL,W,239,114,47,97,0.485,14,32,0.438,6,7,0.857,14,36,50,33,4,6,12,17,8.0,96.3
22023,1610612759,SAS,San Antonio Spurs,0022300734,2024-02-08,SAS @ ORL,L,239,111,42,81,0.519,11,35,0.314,16,17,0.941,4,23,27,29,7,5,14,16,-16.0,97.9
22023,1610612756,PHX,Phoenix Suns,0022300739,2024-02-08,PHX vs. UTA,W,238,129,52,88,0.591,14,29,0.483,11,16,0.688,5,32,37,37,10,7,12,22,14.0,101.9
22023,1610612744,GSW,Golden State Warriors,0022300733,2024-02-08,GSW @ IND,W,241,131,52,93,0.559,17,32,0.531,10,13,0.769,10,39,49,33,7,7,17,22,22.0,102.0
22023,1610612758,SAC,Sacramento Kings,0022300732,2024-02-07,SAC vs. DET,L,240,120,45,95,0.474,15,44,0.341,15,22,0.682,5,28,33,31,7,6,4,20,-13.0,100.3
22023,1610612739,CLE,Cleveland Cavaliers,0022300728,2024-02-07,CLE @ WAS,W,240,114,43,88,0.489,12,35,0.343,16,22,0.727,7,39,46,25,4,5,14,11,8.0,102.19999999999999
22023,1610612740,NOP,New Orleans Pelicans,0022300731,2024-02-07,NOP @ LAC,W,239,117,47,88,0.534,12,32,0.375,11,16,0.688,8,30,38,30,13,5,12,17,11.0,98.9
22023,1610612766,CHA,Charlotte Hornets,0022300726,2024-02-07,CHA vs. TOR,L,239,117,44,90,0.489,16,39,0.41,13,20,0.65,9,29,38,27,6,2,10,20,-6.0,95.8
22023,1610612744,GSW,Golden State Warriors,0022300727,2024-02-07,GSW @ PHI,W,239,127,47,94,0.5,16,38,0.421,17,22,0.773,12,40,52,30,7,8,12,21,23.0,104.69999999999999
22023,1610612759,SAS,San Antonio Spurs,0022300730,2024-02-07,SAS @ MIA,L,240,104,41,90,0.456,12,37,0.324,10,17,0.588,6,40,46,30,6,2,14,21,-12.0,103.0
22023,1610612738,BOS,Boston Celtics,0022300729,2024-02-07,BOS vs. ATL,W,240,125,49,93,0.527,17,49,0.347,10,11,0.909,6,39,45,33,6,9,14,16,8.0,105.7
22023,1610612751,BKN,Brooklyn Nets,0022300720,2024-02-06,BKN vs. DAL,L,241,107,41,91,0.451,12,33,0.364,13,15,0.867,8,35,43,33,6,5,10,13,-12.0,99.6
22023,1610612749,MIL,Milwaukee Bucks,0022300725,2024-02-06,MIL @ PHX,L,240,106,39,90,0.433,13,40,0.325,15,25,0.6,10,34,44,23,10,4,12,21,-8.0,102.4
22023,1610612745,HOU,Houston Rockets,0022300719,2024-02-06,HOU @ IND,L,240,129,50,97,0.515,12,25,0.48,17,23,0.739,20,28,48,26,5,3,15,16,-3.0,99.9
22023,1610612760,OKC,Oklahoma City Thunder,0022300724,2024-02-06,OKC @ UTA,L,239,117,43,90,0.478,19,37,0.514,12,18,0.667,9,23,32,26,9,9,11,16,-7.0,99.1
22023,1610612753,ORL,Orlando Magic,0022300721,2024-02-06,ORL @ MIA,L,239,95,35,80,0.438,10,35,0.286,15,21,0.714,8,31,39,25,7,3,18,17,-26.0,97.30000000000001
22023,1610612752,NYK,New York Knicks,0022300722,2024-02-06,NYK vs. MEM,W,239,123,48,86,0.558,11,27,0.407,16,20,0.8,8,29,37,28,12,5,10,12,10.0,96.2
22023,1610612750,MIN,Minnesota Timberwolves,0022300723,2024-02-06,MIN @ CHI,L,265,123,42,92,0.457,20,45,0.444,19,26,0.731,10,32,42,28,6,5,13,25,-6.0,106.1
22023,1610612758,SAC,Sacramento Kings,0022300714,2024-02-05,SAC @ CLE,L,239,110,43,93,0.462,17,44,0.386,7,12,0.583,10,30,40,28,5,1,12,18,-26.0,98.8
22023,1610612751,BKN,Brooklyn Nets,0022300717,2024-02-05,BKN vs. GSW,L,240,98,34,89,0.382,13,42,0.31,17,22,0.773,11,27,38,23,7,12,10,23,-11.0,98.0
22023,1610612761,TOR,Toronto Raptors,0022300718,2024-02-05,TOR @ NOP,L,241,100,40,84,0.476,10,31,0.323,10,15,0.667,10,28,38,27,4,6,18,12,-38.0,98.6
22023,1610612766,CHA,Charlotte Hornets,0022300713,2024-02-05,CHA vs. LAL,L,240,118,47,96,0.49,13,32,0.406,11,14,0.786,5,29,34,26,9,1,9,16,-6.0,105.6
22023,1610612737,ATL,Atlanta Hawks,0022300716,2024-02-05,ATL vs. LAC,L,240,144,51,95,0.537,20,39,0.513,22,27,0.815,13,26,39,35,5,4,11,22,-5.0,102.1
22023,1610612755,PHI,Philadelphia 76ers,0022300715,2024-02-05,PHI vs. DAL,L,242,102,40,93,0.43,8,29,0.276,14,20,0.7,16,35,51,20,8,5,11,21,-16.0,96.6
22023,1610612762,UTA,Utah Jazz,0022300711,2024-02-04,UTA vs. MIL,W,240,123,43,89,0.483,17,44,0.386,20,24,0.833,12,40,52,31,3,3,16,24,15.0,100.3
22023,1610612738,BOS,Boston Celtics,0022300706,2024-02-04,BOS vs. MEM,W,242,131,48,99,0.485,19,51,0.373,16,18,0.889,17,40,57,30,12,4,10,13,40.0,100.0
22023,1610612754,IND,Indiana Pacers,0022300707,2024-02-04,IND @ CHA,W,241,115,45,92,0.489,11,33,0.333,14,18,0.778,11,38,49,34,5,4,11,15,16.0,98.1
22023,1610612756,PHX,Phoenix Suns,0022300705,2024-02-04,PHX @ WAS,W,241,140,54,88,0.614,11,25,0.44,21,26,0.808,9,33,42,33,13,6,17,12,28.0,107.1
22023,1610612765,DET,Detroit Pistons,0022300704,2024-02-04,DET vs. ORL,L,241,99,36,80,0.45,8,31,0.258,19,22,0.864,9,27,36,22,6,5,15,18,-12.0,93.9
22023,1610612750,MIN,Minnesota Timberwolves,0022300709,2024-02-04,MIN vs. HOU,W,238,111,40,90,0.444,11,30,0.367,20,27,0.741,11,47,58,21,6,11,15,19,21.0,102.3
22023,1610612743,DEN,Denver Nuggets,0022300712,2024-02-04,DEN vs. POR,W,240,112,42,86,0.488,12,28,0.429,16,19,0.842,14,28,42,26,8,6,8,11,9.0,88.3
22023,1610612760,OKC,Oklahoma City Thunder,0022300710,2024-02-04,OKC vs. TOR,W,290,135,52,110,0.473,23,63,0.365,8,8,1.0,14,31,45,40,6,8,10,15,8.0,109.30000000000001
22023,1610612748,MIA,Miami Heat,0022300708,2024-02-04,MIA vs. LAC,L,241,95,38,91,0.418,8,30,0.267,11,12,0.917,12,33,45,24,9,0,10,19,-8.0,92.8
22023,1610612737,ATL,Atlanta Hawks,0022300699,2024-02-03,ATL vs. GSW,W,264,141,55,114,0.482,14,43,0.326,17,22,0.773,16,41,57,27,5,4,8,20,7.0,117.4
22023,1610612759,SAS,San Antonio Spurs,0022300703,2024-02-03,SAS vs. CLE,L,240,101,36,98,0.367,12,40,0.3,17,21,0.81,14,40,54,23,6,6,11,13,-16.0,102.30000000000001
22023,1610612755,PHI,Philadelphia 76ers,0022300698,2024-02-03,PHI vs. BKN,L,241,121,44,96,0.458,12,29,0.414,21,27,0.778,11,33,44,26,7,1,5,17,-15.0,101.0
22023,1610612758,SAC,Sacramento Kings,0022300700,2024-02-03,SAC @ CHI,W,240,123,42,84,0.5,15,39,0.385,24,29,0.828,4,36,40,33,12,1,16,18,8.0,106.19999999999999
22023,1610612749,MIL,Milwaukee Bucks,0022300702,2024-02-03,MIL @ DAL,W,239,129,50,88,0.568,12,30,0.4,17,25,0.68,5,31,36,34,13,2,11,21,12.0,103.6
22023,1610612752,NYK,New York Knicks,0022300701,2024-02-03,NYK vs. LAL,L,240,105,41,100,0.41,10,35,0.286,13,15,0.867,18,33,51,21,1,4,7,20,-8.0,93.9
22023,1610612758,SAC,Sacramento Kings,0022300691,2024-02-02,SAC @ IND,W,239,133,51,90,0.567,13,34,0.382,18,28,0.643,9,29,38,26,15,3,16,17,11.0,108.4
22023,1610612745,HOU,Houston Rockets,0022300692,2024-02-02,HOU vs. TOR,W,240,135,55,93,0.591,11,31,0.355,14,17,0.824,7,42,49,30,9,3,14,20,29.0,105.9
22023,1610612759,SAS,San Antonio Spurs,0022300696,2024-02-02,SAS vs. NOP,L,240,113,46,96,0.479,10,39,0.256,11,18,0.611,18,37,55,35,6,10,18,16,-1.0,101.30000000000001
22023,1610612746,LAC,LA Clippers,0022300688,2024-02-02,LAC @ DET,W,241,136,53,89,0.596,14,29,0.483,16,19,0.842,7,29,36,31,12,5,9,21,11.0,100.1
22023,1610612766,CHA,Charlotte Hornets,0022300695,2024-02-02,CHA @ OKC,L,240,106,41,92,0.446,14,31,0.452,10,14,0.714,7,28,35,22,12,4,14,21,-20.0,101.69999999999999
22023,1610612750,MIN,Minnesota Timberwolves,0022300694,2024-02-02,MIN vs. ORL,L,239,106,38,82,0.463,12,38,0.316,18,20,0.9,6,32,38,24,8,5,17,20,-2.0,99.7
22023,1610612763,MEM,Memphis Grizzlies,0022300693,2024-02-02,MEM vs. GSW,L,238,101,35,87,0.402,14,46,0.304,17,24,0.708,9,28,37,30,7,4,13,20,-20.0,100.19999999999999
22023,1610612764,WAS,Washington Wizards,0022300689,2024-02-02,WAS vs. MIA,L,239,102,37,90,0.411,11,42,0.262,17,21,0.81,6,37,43,28,5,4,8,25,-8.0,100.2
22023,1610612737,ATL,Atlanta Hawks,0022300690,2024-02-02,ATL vs. PHX,W,240,129,49,95,0.516,17,44,0.386,14,18,0.778,12,31,43,29,7,4,9,13,9.0,100.4
22023,1610612743,DEN,Denver Nuggets,0022300697,2024-02-02,DEN vs. POR,W,242,120,46,91,0.505,12,36,0.333,16,17,0.941,16,32,48,34,3,6,11,20,12.0,89.9
22023,1610612738,BOS,Boston Celtics,0022300684,2024-02-01,BOS vs. LAL,L,240,105,41,97,0.423,16,48,0.333,7,7,1.0,14,40,54,30,4,12,15,19,-9.0,98.6
22023,1610612755,PHI,Philadelphia 76ers,0022300686,2024-02-01,PHI @ UTA,W,240,127,47,94,0.5,14,32,0.438,19,21,0.905,10,30,40,27,6,11,4,22,3.0,96.2
22023,1610612754,IND,Indiana Pacers,0022300685,2024-02-01,IND @ NYK,L,240,105,42,93,0.452,13,33,0.394,8,13,0.615,9,35,44,21,9,9,13,25,-4.0,100.6
22023,1610612739,CLE,Cleveland Cavaliers,0022300687,2024-02-01,CLE @ MEM,W,240,108,41,86,0.477,14,35,0.4,12,18,0.667,10,38,48,26,6,8,14,16,7.0,99.5
22023,1610612764,WAS,Washington Wizards,0022300676,2024-01-31,WAS vs. LAC,L,239,109,45,97,0.464,9,29,0.31,10,15,0.667,12,33,45,19,4,10,13,19,-16.0,101.4
22023,1610612742,DAL,Dallas Mavericks,0022300680,2024-01-31,DAL @ MIN,L,239,87,31,76,0.408,6,29,0.207,19,26,0.731,9,22,31,18,4,4,16,24,-34.0,93.2
22023,1610612740,NOP,New Orleans Pelicans,0022300679,2024-01-31,NOP @ HOU,W,239,110,41,82,0.5,11,34,0.324,17,24,0.708,12,44,56,20,3,6,16,22,11.0,94.69999999999999
22023,1610612751,BKN,Brooklyn Nets,0022300677,2024-01-31,BKN vs. PHX,L,241,120,47,94,0.5,16,39,0.41,10,13,0.769,8,19,27,28,11,1,11,24,-16.0,100.0
22023,1610612753,ORL,Orlando Magic,0022300681,2024-01-31,ORL @ SAS,W,241,108,41,86,0.477,7,20,0.35,19,23,0.826,12,33,45,29,10,5,15,20,10.0,98.9
22023,1610612765,DET,Detroit Pistons,0022300675,2024-01-31,DET @ CLE,L,241,121,45,81,0.556,16,31,0.516,15,19,0.789,7,28,35,27,8,3,17,17,-7.0,97.9
22023,1610612749,MIL,Milwaukee Bucks,0022300683,2024-01-31,MIL @ POR,L,240,116,45,92,0.489,13,45,0.289,13,18,0.722,10,29,39,27,7,5,13,17,-3.0,99.9
22023,1610612748,MIA,Miami Heat,0022300678,2024-01-31,MIA vs. SAC,W,241,115,42,84,0.5,13,28,0.464,18,23,0.783,7,42,49,38,3,2,8,16,9.0,95.7
22023,1610612743,DEN,Denver Nuggets,0022300682,2024-01-31,DEN @ OKC,L,240,100,37,93,0.398,15,37,0.405,11,16,0.688,12,35,47,21,7,9,8,23,-5.0,94.2
22023,1610612766,CHA,Charlotte Hornets,0022300674,2024-01-31,CHA vs. CHI,L,241,110,40,90,0.444,16,46,0.348,14,17,0.824,9,31,40,25,4,6,9,18,-7.0,95.3
22023,1610612738,BOS,Boston Celtics,0022300670,2024-01-30,BOS vs. IND,W,240,129,47,87,0.54,17,36,0.472,18,22,0.818,7,33,40,25,6,9,10,16,5.0,100.4
22023,1610612741,CHI,Chicago Bulls,0022300672,2024-01-30,CHI vs. TOR,L,240,107,38,75,0.507,11,32,0.344,20,27,0.741,6,27,33,21,9,9,17,16,-11.0,98.9
22023,1610612752,NYK,New York Knicks,0022300671,2024-01-30,NYK vs. UTA,W,238,118,44,94,0.468,13,34,0.382,17,18,0.944,14,31,45,29,9,7,5,16,15.0,92.0
22023,1610612747,LAL,Los Angeles Lakers,0022300669,2024-01-30,LAL @ ATL,L,238,122,48,90,0.533,12,33,0.364,14,25,0.56,7,30,37,28,12,3,14,16,-16.0,107.6
22023,1610612744,GSW,Golden State Warriors,0022300673,2024-01-30,GSW vs. PHI,W,239,119,44,79,0.557,14,32,0.438,17,19,0.895,8,34,42,32,6,6,16,20,12.0,95.5
22023,1610612753,ORL,Orlando Magic,0022300666,2024-01-29,ORL @ DAL,L,240,129,45,88,0.511,18,38,0.474,21,28,0.75,12,23,35,27,7,1,11,33,-2.0,98.2
22023,1610612747,LAL,Los Angeles Lakers,0022300662,2024-01-29,LAL @ HOU,L,239,119,45,91,0.495,13,35,0.371,16,26,0.615,4,31,35,26,10,6,12,13,-16.0,109.2
22023,1610612750,MIN,Minnesota Timberwolves,0022300664,2024-01-29,MIN @ OKC,W,239,107,40,83,0.482,14,29,0.483,13,15,0.867,9,36,45,21,7,2,13,19,6.0,92.4
22023,1610612752,NYK,New York Knicks,0022300657,2024-01-29,NYK @ CHA,W,241,113,44,84,0.524,12,37,0.324,13,16,0.813,7,35,42,25,5,3,9,16,21.0,91.5
22023,1610612746,LAC,LA Clippers,0022300658,2024-01-29,LAC @ CLE,L,240,108,38,80,0.475,11,34,0.324,21,28,0.75,6,31,37,28,8,3,12,21,-10.0,97.80000000000001
22023,1610612749,MIL,Milwaukee Bucks,0022300667,2024-01-29,MIL @ DEN,L,240,107,36,84,0.429,16,40,0.4,19,25,0.76,7,33,40,24,3,7,12,22,-6.0,99.3
22023,1610612764,WAS,Washington Wizards,0022300665,2024-01-29,WAS @ SAS,W,240,118,46,86,0.535,9,25,0.36,17,24,0.708,14,31,45,32,9,8,18,15,5.0,101.19999999999999
22023,1610612755,PHI,Philadelphia 76ers,0022300668,2024-01-29,PHI @ POR,L,240,104,37,83,0.446,5,29,0.172,25,28,0.893,12,22,34,17,6,5,14,25,-26.0,96.9
22023,1610612740,NOP,New Orleans Pelicans,0022300659,2024-01-29,NOP @ BOS,L,241,112,46,91,0.505,10,35,0.286,10,13,0.769,9,31,40,21,7,6,12,14,-6.0,98.6
22023,1610612762,UTA,Utah Jazz,0022300660,2024-01-29,UTA @ BKN,L,241,114,39,86,0.453,9,27,0.333,27,34,0.794,12,32,44,23,3,7,17,14,-33.0,104.6
22023,1610612758,SAC,Sacramento Kings,0022300663,2024-01-29,SAC @ MEM,W,239,103,43,84,0.512,11,38,0.289,6,10,0.6,11,40,51,24,10,1,19,17,9.0,96.1
22023,1610612748,MIA,Miami Heat,0022300661,2024-01-29,MIA vs. PHX,L,239,105,33,84,0.393,14,36,0.389,25,25,1.0,8,36,44,20,5,5,11,18,-13.0,97.4
22023,1610612737,ATL,Atlanta Hawks,0022300653,2024-01-28,ATL vs. TOR,W,241,126,44,95,0.463,6,27,0.222,32,40,0.8,20,31,51,27,7,4,14,21,1.0,102.9
22023,1610612760,OKC,Oklahoma City Thunder,0022300654,2024-01-28,OKC @ DET,L,240,104,44,92,0.478,8,28,0.286,8,12,0.667,11,32,43,17,7,5,10,18,-16.0,96.19999999999999
22023,1610612741,CHI,Chicago Bulls,0022300656,2024-01-28,CHI @ POR,W,240,104,42,90,0.467,8,32,0.25,12,17,0.706,5,35,40,27,7,10,4,19,8.0,96.19999999999999
22023,1610612754,IND,Indiana Pacers,0022300652,2024-01-28,IND vs. MEM,W,239,116,44,90,0.489,13,35,0.371,15,16,0.938,11,33,44,31,8,6,10,26,6.0,94.9
22023,1610612753,ORL,Orlando Magic,0022300655,2024-01-28,ORL vs. PHX,W,239,113,41,92,0.446,12,36,0.333,19,26,0.731,11,29,40,30,12,7,7,21,15.0,97.9
22023,1610612751,BKN,Brooklyn Nets,0022300645,2024-01-27,BKN vs. HOU,W,240,106,36,74,0.486,12,34,0.353,22,37,0.595,2,38,40,24,11,6,19,22,2.0,105.5
22023,1610612746,LAC,LA Clippers,0022300646,2024-01-27,LAC @ BOS,W,237,115,45,102,0.441,10,40,0.25,15,18,0.833,15,43,58,28,8,8,7,20,19.0,100.30000000000001
22023,1610612765,DET,Detroit Pistons,0022300642,2024-01-27,DET vs. WAS,L,241,104,37,85,0.435,9,32,0.281,21,27,0.778,11,34,45,22,2,8,17,20,-14.0,101.6
22023,1610612766,CHA,Charlotte Hornets,0022300647,2024-01-27,CHA vs. UTA,L,239,122,47,92,0.511,13,32,0.406,15,21,0.714,9,26,35,35,7,6,10,22,-12.0,99.6
22023,1610612759,SAS,San Antonio Spurs,0022300649,2024-01-27,SAS vs. MIN,W,242,113,46,84,0.548,13,30,0.433,8,15,0.533,14,25,39,35,7,7,15,14,1.0,91.0
22023,1610612752,NYK,New York Knicks,0022300643,2024-01-27,NYK vs. MIA,W,240,125,45,87,0.517,17,33,0.515,18,26,0.692,11,35,46,25,6,3,7,15,16.0,93.9
22023,1610612740,NOP,New Orleans Pelicans,0022300648,2024-01-27,NOP @ MIL,L,242,117,40,85,0.471,9,23,0.391,28,36,0.778,9,34,43,20,5,3,14,17,-24.0,104.2
22023,1610612747,LAL,Los Angeles Lakers,0022300650,2024-01-27,LAL @ GSW,W,291,145,49,101,0.485,9,27,0.333,38,43,0.884,7,48,55,33,9,5,19,21,1.0,130.8
22023,1610612755,PHI,Philadelphia 76ers,0022300644,2024-01-27,PHI @ DEN,L,241,105,43,81,0.531,6,22,0.273,13,16,0.813,6,33,39,25,5,6,11,29,-6.0,91.80000000000001
22023,1610612742,DAL,Dallas Mavericks,0022300651,2024-01-27,DAL vs. SAC,L,239,115,43,98,0.439,16,46,0.348,13,18,0.722,13,30,43,35,7,2,10,24,-5.0,100.6
22023,1610612756,PHX,Phoenix Suns,0022300636,2024-01-26,PHX @ IND,L,238,131,51,89,0.573,13,30,0.433,16,18,0.889,7,31,38,24,8,5,20,17,-2.0,107.6
22023,1610612749,MIL,Milwaukee Bucks,0022300639,2024-01-26,MIL vs. CLE,L,241,100,35,87,0.402,13,34,0.382,17,24,0.708,12,39,51,21,6,4,18,24,-12.0,102.5
22023,1610612745,HOU,Houston Rockets,0022300635,2024-01-26,HOU @ CHA,W,241,138,50,89,0.562,13,33,0.394,25,31,0.806,11,42,53,34,7,10,12,20,34.0,104.1
22023,1610612759,SAS,San Antonio Spurs,0022300641,2024-01-26,SAS vs. POR,W,241,116,42,92,0.457,10,34,0.294,22,26,0.846,17,42,59,30,12,5,17,11,16.0,102.5
22023,1610612761,TOR,Toronto Raptors,0022300637,2024-01-26,TOR vs. LAC,L,242,107,44,96,0.458,6,32,0.188,13,22,0.591,15,30,45,26,6,3,11,18,-20.0,101.69999999999999
22023,1610612742,DAL,Dallas Mavericks,0022300634,2024-01-26,DAL @ ATL,W,241,148,51,85,0.6,19,35,0.543,27,32,0.844,6,31,37,28,3,5,13,25,5.0,104.4
22023,1610612740,NOP,New Orleans Pelicans,0022300640,2024-01-26,NOP vs. OKC,L,239,83,32,82,0.39,9,36,0.25,10,14,0.714,8,33,41,24,9,5,20,16,-24.0,99.1
22023,1610612753,ORL,Orlando Magic,0022300638,2024-01-26,ORL @ MEM,L,239,106,38,81,0.469,9,34,0.265,21,29,0.724,9,31,40,21,8,4,11,14,-1.0,96.9
22023,1610612764,WAS,Washington Wizards,0022300628,2024-01-25,WAS vs. UTA,L,240,108,43,88,0.489,7,30,0.233,15,20,0.75,5,30,35,33,11,7,11,14,-15.0,102.9
22023,1610612752,NYK,New York Knicks,0022300631,2024-01-25,NYK vs. DEN,W,239,122,45,85,0.529,15,38,0.395,17,20,0.85,12,32,44,26,12,3,8,14,38.0,92.1
22023,1610612751,BKN,Brooklyn Nets,0022300629,2024-01-25,BKN vs. MIN,L,240,94,35,77,0.455,10,33,0.303,14,16,0.875,5,27,32,22,7,3,13,15,-2.0,90.9
22023,1610612758,SAC,Sacramento Kings,0022300632,2024-01-25,SAC @ GSW,W,240,134,48,91,0.527,22,48,0.458,16,19,0.842,8,26,34,33,8,5,10,21,1.0,101.4
22023,1610612738,BOS,Boston Celtics,0022300630,2024-01-25,BOS @ MIA,W,239,143,51,80,0.638,22,40,0.55,19,20,0.95,6,41,47,36,4,5,11,10,33.0,92.6
22023,1610612747,LAL,Los Angeles Lakers,0022300633,2024-01-25,LAL vs. CHI,W,240,141,53,87,0.609,20,31,0.645,15,20,0.75,5,25,30,35,10,4,12,21,9.0,102.8
22023,1610612755,PHI,Philadelphia 76ers,0022300627,2024-01-25,PHI @ IND,L,242,122,42,87,0.483,7,29,0.241,31,43,0.721,6,25,31,24,13,6,12,20,-12.0,110.30000000000001
22023,1610612739,CLE,Cleveland Cavaliers,0022300624,2024-01-24,CLE @ MIL,L,240,116,46,91,0.505,13,38,0.342,11,15,0.733,6,33,39,26,5,2,12,18,-10.0,102.6
22023,1610612760,OKC,Oklahoma City Thunder,0022300622,2024-01-24,OKC @ SAS,W,240,140,54,96,0.563,18,40,0.45,14,16,0.875,16,31,47,36,11,8,15,20,26.0,101.7
22023,1610612742,DAL,Dallas Mavericks,0022300625,2024-01-24,DAL vs. PHX,L,240,109,41,89,0.461,17,43,0.395,10,18,0.556,10,23,33,25,4,3,14,16,-23.0,99.0
22023,1610612757,POR,Portland Trail Blazers,0022300623,2024-01-24,POR @ HOU,W,265,137,50,98,0.51,15,35,0.429,22,24,0.917,13,35,48,31,6,4,12,18,6.0,104.69999999999999
22023,1610612766,CHA,Charlotte Hornets,0022300619,2024-01-24,CHA @ DET,L,242,106,38,87,0.437,15,38,0.395,15,19,0.789,9,39,48,27,5,5,11,22,-7.0,98.3
22023,1610612737,ATL,Atlanta Hawks,0022300626,2024-01-24,ATL @ GSW,L,241,112,39,94,0.415,14,43,0.326,20,26,0.769,13,32,45,30,7,2,10,16,-22.0,100.1
22023,1610612748,MIA,Miami Heat,0022300621,2024-01-24,MIA vs. MEM,L,241,96,33,82,0.402,11,34,0.324,19,25,0.76,11,33,44,21,9,9,17,17,-9.0,98.3
22023,1610612750,MIN,Minnesota Timberwolves,0022300620,2024-01-24,MIN @ WAS,W,242,118,42,100,0.42,9,32,0.281,25,29,0.862,15,33,48,26,8,7,7,22,11.0,103.1
22023,1610612740,NOP,New Orleans Pelicans,0022300616,2024-01-23,NOP vs. UTA,W,241,153,60,104,0.577,23,46,0.5,10,15,0.667,12,45,57,41,5,4,9,24,29.0,106.9
22023,1610612754,IND,Indiana Pacers,0022300614,2024-01-23,IND vs. DEN,L,240,109,43,87,0.494,5,21,0.238,18,21,0.857,7,31,38,24,4,1,10,16,-5.0,96.1
22023,1610612760,OKC,Oklahoma City Thunder,0022300617,2024-01-23,OKC vs. POR,W,240,111,43,89,0.483,7,23,0.304,18,28,0.643,10,33,43,23,9,10,12,18,2.0,101.80000000000001
22023,1610612751,BKN,Brooklyn Nets,0022300615,2024-01-23,BKN vs. NYK,L,240,103,42,95,0.442,15,42,0.357,4,5,0.8,13,27,40,29,7,5,13,19,-5.0,96.3
22023,1610612747,LAL,Los Angeles Lakers,0022300618,2024-01-23,LAL @ LAC,L,241,116,45,92,0.489,11,32,0.344,15,22,0.682,13,28,41,27,9,8,15,15,-11.0,101.8
22023,1610612759,SAS,San Antonio Spurs,0022300608,2024-01-22,SAS @ PHI,L,240,123,43,93,0.462,13,41,0.317,24,27,0.889,13,30,43,29,3,3,8,22,-10.0,98.4
22023,1610612766,CHA,Charlotte Hornets,0022300610,2024-01-22,CHA @ MIN,W,240,128,50,88,0.568,14,37,0.378,14,18,0.778,7,28,35,30,8,4,10,20,3.0,99.6
22023,1610612758,SAC,Sacramento Kings,0022300613,2024-01-22,SAC vs. ATL,W,240,122,43,93,0.462,12,38,0.316,24,27,0.889,10,41,51,22,8,2,8,21,15.0,102.3
22023,1610612741,CHI,Chicago Bulls,0022300612,2024-01-22,CHI @ PHX,L,241,113,45,93,0.484,14,37,0.378,9,14,0.643,14,33,47,25,6,4,10,18,-2.0,94.19999999999999
22023,1610612739,CLE,Cleveland Cavaliers,0022300607,2024-01-22,CLE @ ORL,W,239,126,45,80,0.563,20,38,0.526,16,22,0.727,9,30,39,29,10,4,9,20,27.0,90.9
22023,1610612765,DET,Detroit Pistons,0022300606,2024-01-22,DET vs. MIL,L,240,113,40,89,0.449,10,30,0.333,23,29,0.793,6,36,42,25,4,9,10,25,-9.0,105.6
22023,1610612763,MEM,Memphis Grizzlies,0022300609,2024-01-22,MEM @ TOR,W,240,108,44,95,0.463,13,34,0.382,7,12,0.583,19,28,47,30,11,8,15,15,8.0,94.5
22023,1610612738,BOS,Boston Celtics,0022300611,2024-01-22,BOS @ DAL,W,240,119,41,88,0.466,15,46,0.326,22,30,0.733,5,39,44,26,7,8,6,20,9.0,101.8
22023,1610612743,DEN,Denver Nuggets,0022300602,2024-01-21,DEN @ WAS,W,240,113,43,88,0.489,8,22,0.364,19,28,0.679,13,37,50,29,9,11,13,16,9.0,100.0
22023,1610612751,BKN,Brooklyn Nets,0022300600,2024-01-21,BKN @ LAC,L,240,114,44,90,0.489,14,39,0.359,12,16,0.75,6,30,36,29,6,5,12,21,-11.0,100.30000000000001
22023,1610612753,ORL,Orlando Magic,0022300601,2024-01-21,ORL vs. MIA,W,240,105,37,78,0.474,9,28,0.321,22,28,0.786,12,32,44,21,5,5,14,16,18.0,90.2
22023,1610612747,LAL,Los Angeles Lakers,0022300605,2024-01-21,LAL vs. POR,W,240,134,47,86,0.547,13,33,0.394,27,29,0.931,10,35,45,28,9,6,12,18,24.0,99.8
