GAME_ID,TEAM_ID,TEAM_NAME,TEAM_ABBREVIATION,TEAM_CITY,STARTERS_BENCH,MIN,FGM,FGA,FG_PCT,FG3M,FG3A,FG3_PCT,FTM,FTA,FT_PCT,OREB,DREB,REB,AST,STL,BLK,TO,PF,PTS
22200538,1610612746,Clippers,LAC,LA,Starters,163:17,35,65,0.538,13,27,0.481,20,20,1.0,8,20,28,15,5,4,9,13,103
22200538,1610612754,Pacers,IND,Indiana,Starters,169:20,34,60,0.567,12,29,0.414,18,19,0.947,5,18,23,23,7,4,6,16,98
22200538,1610612746,LAC,LA,clippers,Bench,76:43,8,15,0.533,3,7,0.429,8,9,0.889,0,11,11,8,2,2,6,10,27
22200538,1610612754,IND,Indiana,pacers,Bench,70:40,12,28,0.429,2,9,0.222,7,10,0.7,3,10,13,5,3,0,5,4,33
22200545,1610612755,76ers,PHI,Philadelphia,Starters,149:56,33,64,0.516,9,23,0.391,8,10,0.8,8,26,34,24,5,6,8,15,83
22200545,1610612760,Thunder,OKC,Oklahoma City,Starters,134:40,24,55,0.436,6,16,0.375,11,16,0.688,7,20,27,9,6,2,9,12,65
22200545,1610612755,PHI,Philadelphia,sixers,Bench,90:04,13,35,0.371,2,11,0.182,4,7,0.571,6,16,22,5,2,3,5,9,32
22200545,1610612760,OKC,Oklahoma City,thunder,Bench,105:20,11,37,0.297,6,20,0.3,3,6,0.5,8,15,23,7,1,4,7,9,31
22200540,1610612739,Cavaliers,CLE,Cleveland,Starters,162:14,26,65,0.4,8,29,0.276,6,11,0.545,9,24,33,14,8,4,17,8,66
22200540,1610612741,Bulls,CHI,Chicago,Starters,164:02,29,63,0.46,4,14,0.286,13,17,0.765,5,21,26,8,10,2,11,11,75
22200540,1610612739,CLE,Cleveland,cavaliers,Bench,77:46,13,20,0.65,5,9,0.556,6,8,0.75,6,11,17,6,1,1,3,10,37
22200540,1610612741,CHI,Chicago,bulls,Bench,75:58,10,18,0.556,3,7,0.429,4,7,0.571,4,10,14,6,5,4,4,4,27
22200543,1610612740,Pelicans,NOP,New Orleans,Starters,133:20,19,56,0.339,4,16,0.25,13,17,0.765,9,21,30,7,4,3,17,13,55
22200543,1610612763,Grizzlies,MEM,Memphis,Starters,143:46,34,68,0.5,3,19,0.158,13,18,0.722,9,28,37,15,8,9,12,14,84
22200543,1610612740,NOP,New Orleans,pelicans,Bench,106:40,13,35,0.371,4,14,0.286,16,19,0.842,6,10,16,9,2,1,2,8,46
22200543,1610612763,MEM,Memphis,grizzlies,Bench,96:14,13,24,0.542,2,10,0.2,4,4,1.0,4,11,15,11,6,2,5,13,32
22200544,1610612750,Timberwolves,MIN,Minnesota,Starters,167:51,27,61,0.443,8,23,0.348,22,26,0.846,7,22,29,15,2,2,10,16,84
22200544,1610612765,Pistons,DET,Detroit,Starters,107:46,18,34,0.529,4,10,0.4,11,13,0.846,6,12,18,10,2,1,11,10,51
22200544,1610612750,MIN,Minnesota,timberwolves,Bench,72:09,9,22,0.409,2,11,0.182,0,0,0.0,2,8,10,2,4,3,5,6,20
22200544,1610612765,DET,Detroit,pistons,Bench,132:14,25,55,0.455,6,17,0.353,9,15,0.6,9,25,34,11,4,5,3,12,65
22200536,1610612744,Warriors,GSW,Golden State,Starters,165:41,35,73,0.479,15,34,0.441,10,13,0.769,16,24,40,18,5,0,9,12,95
22200536,1610612757,Trail Blazers,POR,Portland,Starters,190:55,36,79,0.456,10,35,0.286,13,19,0.684,11,25,36,21,1,4,13,16,95
22200536,1610612744,GSW,Golden State,warriors,Bench,74:19,7,18,0.389,2,9,0.222,7,8,0.875,1,5,6,11,4,2,3,10,23
22200536,1610612757,POR,Portland,blazers,Bench,49:05,6,12,0.5,2,4,0.5,3,4,0.75,6,7,13,1,1,0,1,4,17
22200530,1610612737,Hawks,ATL,Atlanta,Starters,165:24,35,69,0.507,6,20,0.3,10,14,0.714,8,20,28,19,4,3,10,16,86
22200530,1610612747,Lakers,LAL,Los Angeles,Starters,156:25,36,67,0.537,8,24,0.333,13,15,0.867,5,29,34,23,5,3,10,12,93
22200530,1610612737,ATL,Atlanta,hawks,Bench,74:36,13,32,0.406,5,18,0.278,4,6,0.667,4,9,13,3,2,2,0,3,35
22200530,1610612747,LAL,Los Angeles,lakers,Bench,83:35,16,29,0.552,2,8,0.25,3,3,1.0,7,14,21,11,2,3,6,5,37
22200535,1610612743,Nuggets,DEN,Denver,Starters,158:30,27,50,0.54,7,14,0.5,13,17,0.765,3,24,27,26,4,1,11,10,74
22200535,1610612748,Heat,MIA,Miami,Starters,153:54,24,56,0.429,6,16,0.375,21,23,0.913,8,19,27,18,12,3,10,10,75
22200535,1610612743,DEN,Denver,nuggets,Bench,81:31,18,26,0.692,10,14,0.714,4,5,0.8,2,7,9,8,2,0,9,9,50
22200535,1610612748,MIA,Miami,heat,Bench,86:07,15,31,0.484,8,19,0.421,6,7,0.857,3,6,9,3,1,1,4,9,44
22200533,1610612749,Bucks,MIL,Milwaukee,Starters,143:30,25,53,0.472,5,18,0.278,20,29,0.69,6,36,42,12,2,7,14,14,75
22200533,1610612750,Timberwolves,MIN,Minnesota,Starters,155:48,25,58,0.431,5,19,0.263,17,25,0.68,1,24,25,14,7,3,3,18,72
22200533,1610612749,MIL,Milwaukee,bucks,Bench,96:30,18,40,0.45,9,21,0.429,3,4,0.75,14,12,26,13,3,1,7,11,48
22200533,1610612750,MIN,Minnesota,timberwolves,Bench,84:12,15,34,0.441,3,11,0.273,9,9,1.0,6,5,11,4,3,2,5,10,42
22200537,1610612758,Kings,SAC,Sacramento,Starters,165:14,40,69,0.58,11,22,0.5,8,12,0.667,6,18,24,23,5,0,9,12,99
22200537,1610612762,Jazz,UTA,Utah,Starters,152:32,32,53,0.604,6,19,0.316,19,22,0.864,4,18,22,24,5,1,8,15,89
22200537,1610612758,SAC,Sacramento,kings,Bench,74:46,10,21,0.476,1,8,0.125,6,7,0.857,4,10,14,9,0,3,6,9,27
22200537,1610612762,UTA,Utah,jazz,Bench,87:28,14,31,0.452,2,13,0.154,6,8,0.75,3,12,15,6,2,1,5,5,36
22200529,1610612753,Magic,ORL,Orlando,Starters,155:31,33,82,0.402,3,18,0.167,8,11,0.727,5,21,26,19,7,1,9,12,77
22200529,1610612764,Wizards,WAS,Washington,Starters,158:07,30,48,0.625,11,22,0.5,16,20,0.8,3,31,34,19,2,9,19,10,87
22200529,1610612753,ORL,Orlando,magic,Bench,84:29,9,18,0.5,2,9,0.222,3,5,0.6,3,6,9,5,1,1,2,6,23
22200529,1610612764,WAS,Washington,wizards,Bench,81:53,12,27,0.444,4,13,0.308,4,5,0.8,1,18,19,14,2,1,7,8,32
22200534,1610612740,Pelicans,NOP,New Orleans,Starters,145:32,35,60,0.583,14,23,0.609,17,25,0.68,5,20,25,11,7,2,8,13,101
22200534,1610612755,76ers,PHI,Philadelphia,Starters,161:12,30,51,0.588,10,22,0.455,17,20,0.85,2,18,20,22,3,5,13,16,87
22200534,1610612740,NOP,New Orleans,pelicans,Bench,94:28,8,20,0.4,1,8,0.125,9,11,0.818,2,9,11,8,7,1,4,7,26
22200534,1610612755,PHI,Philadelphia,sixers,Bench,78:48,12,24,0.5,4,12,0.333,1,2,0.5,1,8,9,6,2,2,5,6,29
22200531,1610612756,Suns,PHX,Phoenix,Starters,145:41,21,44,0.477,7,16,0.438,14,17,0.824,4,18,22,20,3,1,13,10,63
22200531,1610612761,Raptors,TOR,Toronto,Starters,169:08,32,64,0.5,10,26,0.385,22,25,0.88,7,14,21,15,9,2,8,17,96
22200531,1610612756,PHX,Phoenix,suns,Bench,94:19,14,27,0.519,7,14,0.5,6,6,1.0,5,15,20,6,4,0,12,7,41
22200531,1610612761,TOR,Toronto,raptors,Bench,70:52,8,17,0.471,1,7,0.143,0,1,0.0,1,9,10,5,6,1,4,5,17
22200532,1610612741,Bulls,CHI,Chicago,Starters,162:34,41,72,0.569,9,21,0.429,12,13,0.923,7,20,27,15,5,3,9,10,103
22200532,1610612765,Pistons,DET,Detroit,Starters,155:08,26,61,0.426,8,25,0.32,12,15,0.8,10,17,27,19,6,0,10,9,72
22200532,1610612741,CHI,Chicago,bulls,Bench,77:26,12,20,0.6,3,6,0.5,2,2,1.0,5,6,11,6,5,1,4,10,29
22200532,1610612765,DET,Detroit,pistons,Bench,84:52,15,25,0.6,9,14,0.643,7,9,0.778,3,5,8,9,2,1,4,7,46
22200524,1610612739,Cavaliers,CLE,Cleveland,Starters,163:01,34,65,0.523,8,18,0.444,9,15,0.6,15,17,32,24,5,3,8,7,85
22200524,1610612754,Pacers,IND,Indiana,Starters,157:19,34,55,0.618,16,23,0.696,9,9,1.0,2,20,22,20,4,7,4,11,93
22200524,1610612739,CLE,Cleveland,cavaliers,Bench,76:59,16,31,0.516,4,10,0.4,5,5,1.0,2,10,12,5,2,1,2,10,41
22200524,1610612754,IND,Indiana,pacers,Bench,82:42,14,30,0.467,3,8,0.375,11,12,0.917,2,8,10,8,2,1,4,7,42
22200520,1610612740,Pelicans,NOP,New Orleans,Starters,162:20,35,66,0.53,9,18,0.5,29,38,0.763,5,22,27,18,3,2,9,14,108
22200520,1610612750,Timberwolves,MIN,Minnesota,Starters,173:17,32,63,0.508,6,19,0.316,18,24,0.75,5,21,26,13,6,6,9,22,88
22200520,1610612740,NOP,New Orleans,pelicans,Bench,77:40,4,15,0.267,2,5,0.4,1,5,0.2,4,12,16,4,3,2,4,10,11
22200520,1610612750,MIN,Minnesota,timberwolves,Bench,66:43,10,20,0.5,4,10,0.4,6,8,0.75,0,9,9,5,0,2,2,6,30
22200519,1610612741,Bulls,CHI,Chicago,Starters,202:35,34,74,0.459,7,18,0.389,20,23,0.87,5,31,36,18,3,7,6,15,95
22200519,1610612749,Bucks,MIL,Milwaukee,Starters,156:40,28,73,0.384,4,25,0.16,17,26,0.654,13,26,39,12,4,4,10,14,77
22200519,1610612741,CHI,Chicago,bulls,Bench,62:25,8,18,0.444,2,5,0.4,6,7,0.857,2,14,16,3,2,3,7,8,24
22200519,1610612749,MIL,Milwaukee,bucks,Bench,108:20,13,37,0.351,5,19,0.263,5,6,0.833,9,13,22,6,3,2,4,7,36
22200516,1610612756,Suns,PHX,Phoenix,Starters,153:16,31,60,0.517,9,18,0.5,7,8,0.875,9,11,20,16,6,3,9,12,78
22200516,1610612764,Wizards,WAS,Washington,Starters,152:02,28,53,0.528,6,17,0.353,15,16,0.938,6,20,26,19,3,4,6,9,77
22200516,1610612756,PHX,Phoenix,suns,Bench,86:44,8,27,0.296,4,13,0.308,4,8,0.5,2,8,10,9,1,1,2,9,24
22200516,1610612764,WAS,Washington,wizards,Bench,87:58,19,29,0.655,2,9,0.222,10,12,0.833,6,14,20,8,4,2,6,6,50
22200518,1610612747,Lakers,LAL,Los Angeles,Starters,139:26,22,45,0.489,6,19,0.316,9,11,0.818,3,25,28,13,1,2,16,10,59
22200518,1610612748,Heat,MIA,Miami,Starters,171:21,37,66,0.561,8,20,0.4,11,14,0.786,8,23,31,17,11,2,3,11,93
22200518,1610612747,LAL,Los Angeles,lakers,Bench,100:35,15,32,0.469,7,17,0.412,2,4,0.5,5,11,16,12,1,2,8,6,39
22200518,1610612748,MIA,Miami,heat,Bench,68:39,7,26,0.269,3,15,0.2,2,2,1.0,2,4,6,3,3,2,2,4,19
22200517,1610612737,Hawks,ATL,Atlanta,Starters,167:40,30,71,0.423,4,14,0.286,13,19,0.684,10,27,37,15,4,4,2,11,77
22200517,1610612751,Nets,BKN,Brooklyn,Starters,168:18,35,64,0.547,7,19,0.368,11,14,0.786,5,35,40,19,0,11,10,12,88
22200517,1610612737,ATL,Atlanta,hawks,Bench,72:21,12,26,0.462,4,8,0.5,2,3,0.667,1,9,10,7,1,2,1,3,30
22200517,1610612751,BKN,Brooklyn,nets,Bench,71:42,7,19,0.368,3,7,0.429,3,3,1.0,0,7,7,3,0,2,2,6,20
22200522,1610612743,Nuggets,DEN,Denver,Starters,162:25,39,68,0.574,8,21,0.381,14,14,1.0,5,20,25,21,5,5,11,14,100
22200522,1610612758,Kings,SAC,Sacramento,Starters,136:57,30,59,0.508,7,19,0.368,14,19,0.737,6,12,18,22,4,1,7,11,81
22200522,1610612743,DEN,Denver,nuggets,Bench,77:35,10,17,0.588,4,6,0.667,2,4,0.5,2,7,9,10,1,3,5,10,26
22200522,1610612758,SAC,Sacramento,kings,Bench,103:03,17,30,0.567,7,12,0.583,5,6,0.833,5,11,16,10,6,5,5,6,46
22200515,1610612753,Magic,ORL,Orlando,Starters,126:02,20,53,0.377,3,10,0.3,15,18,0.833,6,22,28,15,3,1,7,13,58
22200515,1610612765,Pistons,DET,Detroit,Starters,139:21,13,42,0.31,4,18,0.222,15,19,0.789,9,23,32,16,1,2,9,14,45
22200515,1610612753,ORL,Orlando,magic,Bench,114:00,15,32,0.469,2,12,0.167,11,16,0.688,9,10,19,9,2,4,6,13,43
22200515,1610612765,DET,Detroit,pistons,Bench,100:39,23,38,0.605,14,24,0.583,16,21,0.762,2,15,17,9,6,2,4,11,76
22200513,1610612744,Warriors,GSW,Golden State,Starters,155:45,26,61,0.426,6,25,0.24,15,18,0.833,3,32,35,23,1,2,11,13,73
22200513,1610612766,Hornets,CHA,Charlotte,Starters,168:21,28,75,0.373,7,30,0.233,12,15,0.8,8,27,35,16,4,5,10,14,75
22200513,1610612744,GSW,Golden State,warriors,Bench,84:15,15,34,0.441,2,12,0.167,5,6,0.833,6,8,14,8,2,0,3,9,37
22200513,1610612766,CHA,Charlotte,hornets,Bench,71:40,10,17,0.588,3,8,0.375,7,10,0.7,1,11,12,6,2,2,2,6,30
22200506,1610612755,76ers,PHI,Philadelphia,Starters,168:36,33,67,0.493,5,22,0.227,24,25,0.96,8,21,29,18,8,6,12,11,95
22200506,1610612764,Wizards,WAS,Washington,Starters,150:27,25,55,0.455,8,22,0.364,15,18,0.833,9,20,29,14,3,6,12,13,73
22200506,1610612755,PHI,Philadelphia,sixers,Bench,71:24,6,17,0.353,1,9,0.111,3,6,0.5,2,8,10,3,0,4,3,13,16
22200506,1610612764,WAS,Washington,wizards,Bench,89:34,14,30,0.467,3,11,0.273,12,13,0.923,5,5,10,4,4,2,3,10,43
22200510,1610612756,Suns,PHX,Phoenix,Starters,120:43,22,41,0.537,9,14,0.643,12,12,1.0,5,18,23,11,2,6,9,11,65
22200510,1610612763,Grizzlies,MEM,Memphis,Starters,136:10,20,60,0.333,4,19,0.211,23,24,0.958,8,15,23,10,3,4,10,13,67
22200510,1610612756,PHX,Phoenix,suns,Bench,119:17,21,46,0.457,8,17,0.471,10,13,0.769,10,14,24,15,5,3,10,12,60
22200510,1610612763,MEM,Memphis,grizzlies,Bench,103:50,16,31,0.516,4,11,0.364,5,10,0.5,7,10,17,8,6,2,4,10,41
22200505,1610612747,Lakers,LAL,Los Angeles,Starters,145:00,30,58,0.517,8,26,0.308,12,15,0.8,7,15,22,12,3,2,7,9,80
22200505,1610612753,Magic,ORL,Orlando,Starters,124:19,21,42,0.5,5,14,0.357,10,17,0.588,5,14,19,14,6,3,8,11,57
22200505,1610612747,LAL,Los Angeles,lakers,Bench,95:00,19,32,0.594,9,17,0.529,2,2,1.0,2,22,24,20,1,0,6,7,49
22200505,1610612753,ORL,Orlando,magic,Bench,115:41,21,42,0.5,5,14,0.357,6,8,0.75,3,15,18,11,2,2,3,6,53
22200514,1610612743,Nuggets,DEN,Denver,Starters,150:09,30,60,0.5,9,22,0.409,17,18,0.944,7,22,29,23,6,1,7,13,86
22200514,1610612758,Kings,SAC,Sacramento,Starters,145:37,27,48,0.563,9,21,0.429,10,13,0.769,4,15,19,7,5,1,10,10,73
22200514,1610612743,DEN,Denver,nuggets,Bench,89:51,11,26,0.423,4,15,0.267,1,3,0.333,3,8,11,11,6,2,6,5,27
22200514,1610612758,SAC,Sacramento,kings,Bench,94:23,13,34,0.382,1,14,0.071,6,6,1.0,4,16,20,13,3,1,6,8,33
22200507,1610612738,Celtics,BOS,Boston,Starters,152:19,32,69,0.464,16,46,0.348,15,15,1.0,3,19,22,17,8,3,6,8,95
22200507,1610612745,Rockets,HOU,Houston,Starters,150:28,27,63,0.429,8,28,0.286,11,12,0.917,7,23,30,17,1,0,11,7,73
22200507,1610612738,BOS,Boston,celtics,Bench,87:41,11,22,0.5,4,10,0.4,5,8,0.625,6,21,27,15,0,2,4,6,31
22200507,1610612745,HOU,Houston,rockets,Bench,89:32,11,32,0.344,6,17,0.353,1,2,0.5,6,13,19,7,4,2,2,9,29
22200509,1610612746,Clippers,LAC,LA,Starters,158:57,33,65,0.508,10,23,0.435,15,19,0.789,13,22,35,20,3,2,7,12,91
22200509,1610612761,Raptors,TOR,Toronto,Starters,152:02,28,59,0.475,2,16,0.125,17,22,0.773,6,23,29,22,3,3,9,8,75
22200509,1610612746,LAC,LA,clippers,Bench,81:04,12,28,0.429,5,15,0.333,4,4,1.0,2,10,12,7,5,1,2,5,33
22200509,1610612761,TOR,Toronto,raptors,Bench,87:58,15,25,0.6,4,7,0.571,4,4,1.0,4,6,10,2,3,1,3,8,38
22200512,1610612742,Mavericks,DAL,Dallas,Starters,204:09,42,78,0.538,11,35,0.314,22,28,0.786,7,34,41,19,2,5,8,19,117
22200512,1610612752,Knicks,NYK,New York,Starters,181:30,36,79,0.456,13,37,0.351,10,18,0.556,13,30,43,25,3,0,6,18,95
22200512,1610612742,DAL,Dallas,mavericks,Bench,60:51,2,12,0.167,2,11,0.182,3,5,0.6,0,6,6,1,2,0,1,6,9
22200512,1610612752,NYK,New York,knicks,Bench,83:31,9,24,0.375,3,13,0.231,5,6,0.833,4,8,12,2,2,0,3,5,26
22200503,1610612759,Spurs,SAS,San Antonio,Starters,153:28,31,60,0.517,3,10,0.3,13,18,0.722,3,25,28,23,8,6,7,10,78
22200503,1610612762,Jazz,UTA,Utah,Starters,151:39,27,59,0.458,10,25,0.4,24,29,0.828,11,22,33,14,4,3,9,14,88
22200503,1610612759,SAS,San Antonio,spurs,Bench,86:32,17,27,0.63,3,8,0.375,11,16,0.688,3,10,13,4,3,2,7,15,48
22200503,1610612762,UTA,Utah,jazz,Bench,88:21,12,38,0.316,3,18,0.167,7,8,0.875,5,7,12,6,6,0,3,8,34
22200498,1610612739,Cavaliers,CLE,Cleveland,Starters,167:38,28,59,0.475,10,24,0.417,23,27,0.852,7,17,24,17,5,3,10,6,89
22200498,1610612751,Nets,BKN,Brooklyn,Starters,176:37,32,57,0.561,14,22,0.636,10,14,0.714,5,24,29,22,4,4,12,18,88
22200498,1610612739,CLE,Cleveland,cavaliers,Bench,72:22,11,23,0.478,3,12,0.25,3,3,1.0,3,6,9,4,3,0,2,8,28
22200498,1610612751,BKN,Brooklyn,nets,Bench,63:23,15,25,0.6,4,8,0.5,3,3,1.0,2,7,9,5,3,0,3,7,37
22200502,1610612740,Pelicans,NOP,New Orleans,Starters,148:17,31,64,0.484,8,29,0.276,14,17,0.824,10,28,38,20,6,5,13,9,84
22200502,1610612754,Pacers,IND,Indiana,Starters,124:09,20,46,0.435,8,23,0.348,5,7,0.714,2,20,22,11,5,3,8,6,53
22200502,1610612740,NOP,New Orleans,pelicans,Bench,91:44,10,26,0.385,4,11,0.364,5,7,0.714,6,10,16,10,4,1,1,10,29
22200502,1610612754,IND,Indiana,pacers,Bench,115:52,15,37,0.405,1,12,0.083,9,13,0.692,4,10,14,12,4,2,5,12,40
22200499,1610612746,Clippers,LAC,LA,Starters,156:35,25,48,0.521,9,22,0.409,22,26,0.846,8,24,32,15,7,3,11,12,81
22200499,1610612765,Pistons,DET,Detroit,Starters,186:57,32,69,0.464,10,20,0.5,18,22,0.818,11,19,30,24,6,4,13,15,92
22200499,1610612746,LAC,LA,clippers,Bench,108:25,24,43,0.558,10,22,0.455,3,3,1.0,2,14,16,10,6,0,8,12,61
22200499,1610612765,DET,Detroit,pistons,Bench,78:03,12,31,0.387,6,14,0.429,9,12,0.75,5,10,15,8,4,0,4,8,39
22200500,1610612748,Heat,MIA,Miami,Starters,139:58,29,67,0.433,9,34,0.265,1,2,0.5,5,16,21,18,4,1,4,9,68
22200500,1610612750,Timberwolves,MIN,Minnesota,Starters,169:26,31,51,0.608,11,22,0.5,5,8,0.625,4,22,26,22,4,2,19,8,78
22200500,1610612748,MIA,Miami,heat,Bench,100:03,18,35,0.514,4,15,0.267,5,6,0.833,8,11,19,9,5,2,5,8,45
22200500,1610612750,MIN,Minnesota,timberwolves,Bench,70:35,12,28,0.429,4,12,0.333,4,6,0.667,4,14,18,9,0,1,3,6,32
22200501,1610612741,Bulls,CHI,Chicago,Starters,169:23,32,67,0.478,7,21,0.333,13,19,0.684,3,18,21,21,3,2,6,12,84
22200501,1610612745,Rockets,HOU,Houston,Starters,173:31,43,74,0.581,15,35,0.429,9,14,0.643,7,27,34,23,4,4,8,7,110
22200501,1610612741,CHI,Chicago,bulls,Bench,70:37,13,25,0.52,6,14,0.429,2,2,1.0,5,9,14,6,3,0,2,7,34
22200501,1610612745,HOU,Houston,rockets,Bench,66:29,7,16,0.438,2,9,0.222,7,8,0.875,1,10,11,5,3,1,4,8,23
22200504,1610612757,Trail Blazers,POR,Portland,Starters,186:37,35,72,0.486,13,33,0.394,23,26,0.885,7,36,43,25,5,7,12,13,106
22200504,1610612766,Hornets,CHA,Charlotte,Starters,167:21,30,77,0.39,9,26,0.346,11,13,0.846,12,18,30,18,5,3,6,10,80
22200504,1610612757,POR,Portland,blazers,Bench,53:23,8,14,0.571,1,5,0.2,1,2,0.5,3,4,7,3,3,2,3,7,18
22200504,1610612766,CHA,Charlotte,hornets,Bench,72:39,11,26,0.423,3,10,0.3,8,12,0.667,6,9,15,7,3,0,6,11,33
22200496,1610612744,Warriors,GSW,Golden State,Starters,158:23,28,68,0.412,12,32,0.375,13,17,0.765,6,27,33,26,3,3,7,12,81
22200496,1610612763,Grizzlies,MEM,Memphis,Starters,137:25,28,67,0.418,4,25,0.16,15,20,0.75,8,21,29,10,2,4,12,16,75
22200496,1610612744,GSW,Golden State,warriors,Bench,81:37,15,23,0.652,6,12,0.5,6,9,0.667,3,15,18,5,3,2,3,6,42
22200496,1610612763,MEM,Memphis,grizzlies,Bench,102:35,11,27,0.407,5,14,0.357,7,10,0.7,1,14,15,9,3,2,1,7,34
22200495,1610612738,Celtics,BOS,Boston,Starters,163:15,35,58,0.603,13,25,0.52,16,21,0.762,1,21,22,23,6,0,7,9,99
22200495,1610612749,Bucks,MIL,Milwaukee,Starters,162:29,32,60,0.533,9,23,0.391,16,22,0.727,6,21,27,15,5,1,10,9,89
22200495,1610612738,BOS,Boston,celtics,Bench,76:45,15,27,0.556,6,14,0.429,4,4,1.0,4,9,13,6,3,1,4,9,40
22200495,1610612749,MIL,Milwaukee,bucks,Bench,77:33,10,24,0.417,4,13,0.308,5,5,1.0,2,10,12,7,3,0,5,7,29
22200493,1610612752,Knicks,NYK,New York,Starters,187:49,36,78,0.462,10,27,0.37,13,15,0.867,10,30,40,29,4,5,6,13,95
22200493,1610612755,76ers,PHI,Philadelphia,Starters,165:13,30,58,0.517,12,26,0.462,21,27,0.778,4,18,22,18,5,1,5,14,93
22200493,1610612752,NYK,New York,knicks,Bench,52:11,7,12,0.583,2,5,0.4,1,2,0.5,2,4,6,1,0,1,2,6,17
22200493,1610612755,PHI,Philadelphia,sixers,Bench,74:47,9,19,0.474,6,13,0.462,2,2,1.0,1,9,10,4,0,1,1,5,26
22200494,1610612742,Mavericks,DAL,Dallas,Starters,190:59,38,70,0.543,16,36,0.444,18,24,0.75,7,21,28,29,6,3,8,15,110
22200494,1610612747,Lakers,LAL,Los Angeles,Starters,141:49,25,46,0.543,5,17,0.294,15,15,1.0,1,16,17,14,2,0,4,14,70
22200494,1610612742,DAL,Dallas,mavericks,Bench,49:01,6,14,0.429,2,8,0.25,0,1,0.0,4,6,10,2,0,0,3,11,14
22200494,1610612747,LAL,Los Angeles,lakers,Bench,98:11,14,34,0.412,4,11,0.364,13,17,0.765,5,13,18,4,3,2,4,9,45
22200497,1610612743,Nuggets,DEN,Denver,Starters,202:51,41,83,0.494,11,27,0.407,24,32,0.75,11,32,43,26,6,4,10,13,117
22200497,1610612756,Suns,PHX,Phoenix,Starters,158:41,26,57,0.456,6,13,0.462,9,15,0.6,6,23,29,23,6,8,10,15,67
22200497,1610612743,DEN,Denver,nuggets,Bench,62:09,4,11,0.364,2,9,0.222,1,2,0.5,1,4,5,3,2,0,2,10,11
22200497,1610612756,PHX,Phoenix,suns,Bench,106:19,19,37,0.514,11,22,0.5,9,11,0.818,6,11,17,9,1,1,3,15,58
22200481,1610612737,Hawks,ATL,Atlanta,Starters,148:10,31,58,0.534,7,19,0.368,10,14,0.714,6,26,32,22,8,5,5,9,79
22200481,1610612765,Pistons,DET,Detroit,Starters,146:13,27,58,0.466,6,17,0.353,15,18,0.833,5,17,22,13,4,1,7,13,75
22200481,1610612737,ATL,Atlanta,hawks,Bench,91:50,18,34,0.529,5,15,0.333,10,10,1.0,2,14,16,8,2,3,3,11,51
22200481,1610612765,DET,Detroit,pistons,Bench,93:47,10,32,0.313,3,16,0.188,7,11,0.636,4,17,21,4,3,2,7,6,30
22200482,1610612738,Celtics,BOS,Boston,Starters,178:49,39,83,0.47,11,36,0.306,18,24,0.75,12,26,38,23,7,6,6,10,107
22200482,1610612750,Timberwolves,MIN,Minnesota,Starters,178:12,30,60,0.5,7,20,0.35,11,15,0.733,8,25,33,20,2,6,11,11,78
22200482,1610612738,BOS,Boston,celtics,Bench,61:11,5,17,0.294,2,10,0.2,2,2,1.0,8,7,15,5,2,0,5,6,14
22200482,1610612750,MIN,Minnesota,timberwolves,Bench,61:48,14,31,0.452,3,12,0.25,0,0,0.0,3,9,12,5,1,2,5,7,31
22200486,1610612748,Heat,MIA,Miami,Starters,157:41,32,70,0.457,10,23,0.435,13,14,0.929,11,16,27,16,3,2,8,6,87
22200486,1610612754,Pacers,IND,Indiana,Starters,151:08,29,56,0.518,20,37,0.541,7,8,0.875,3,21,24,14,4,3,11,14,85
22200486,1610612748,MIA,Miami,heat,Bench,82:19,9,25,0.36,3,10,0.3,0,0,0.0,2,9,11,7,4,1,2,7,21
22200486,1610612754,IND,Indiana,pacers,Bench,88:52,11,27,0.407,1,10,0.1,3,6,0.5,6,13,19,12,1,3,5,9,26
22200491,1610612758,Kings,SAC,Sacramento,Starters,153:02,24,61,0.393,5,21,0.238,21,28,0.75,11,22,33,14,2,1,7,11,74
22200491,1610612764,Wizards,WAS,Washington,Starters,159:03,32,59,0.542,6,20,0.3,15,20,0.75,4,24,28,17,7,4,5,11,85
22200491,1610612758,SAC,Sacramento,kings,Bench,86:58,13,23,0.565,5,11,0.455,6,7,0.857,2,12,14,5,3,1,6,9,37
22200491,1610612764,WAS,Washington,wizards,Bench,80:57,17,29,0.586,4,12,0.333,2,4,0.5,1,11,12,13,2,0,4,12,40
22200480,1610612746,Clippers,LAC,LA,Starters,157:53,27,55,0.491,7,23,0.304,11,12,0.917,5,19,24,15,3,4,7,8,72
22200480,1610612755,76ers,PHI,Philadelphia,Starters,172:32,35,69,0.507,9,23,0.391,12,13,0.923,4,27,31,29,6,2,8,13,91
22200480,1610612746,LAC,LA,clippers,Bench,82:07,14,26,0.538,7,15,0.467,7,11,0.636,1,8,9,10,2,5,4,8,42
22200480,1610612755,PHI,Philadelphia,sixers,Bench,67:28,12,19,0.632,3,6,0.5,1,1,1.0,2,6,8,2,1,1,1,7,28
22200492,1610612747,Lakers,LAL,Los Angeles,Starters,151:22,30,59,0.508,13,28,0.464,4,7,0.571,4,24,28,18,3,0,9,11,77
22200492,1610612766,Hornets,CHA,Charlotte,Starters,167:52,37,66,0.561,13,30,0.433,9,13,0.692,9,22,31,25,8,5,11,9,96
22200492,1610612747,LAL,Los Angeles,lakers,Bench,88:38,18,33,0.545,6,16,0.375,11,15,0.733,8,6,14,9,2,1,8,8,53
22200492,1610612766,CHA,Charlotte,hornets,Bench,72:08,15,28,0.536,3,11,0.273,5,5,1.0,2,8,10,5,3,0,5,12,38
22200484,1610612739,Cavaliers,CLE,Cleveland,Starters,147:45,24,48,0.5,7,21,0.333,10,15,0.667,3,21,24,18,5,3,10,8,65
22200484,1610612761,Raptors,TOR,Toronto,Starters,181:53,35,69,0.507,14,27,0.519,14,16,0.875,10,27,37,20,7,2,14,13,98
22200484,1610612739,CLE,Cleveland,cavaliers,Bench,92:15,15,28,0.536,4,12,0.333,8,15,0.533,3,8,11,9,4,1,4,9,42
22200484,1610612761,TOR,Toronto,raptors,Bench,58:07,7,15,0.467,5,10,0.5,1,2,0.5,1,7,8,5,3,0,4,7,20
22200483,1610612749,Bucks,MIL,Milwaukee,Starters,152:33,27,56,0.482,5,20,0.25,16,21,0.762,10,20,30,14,5,1,16,9,75
22200483,1610612751,Nets,BKN,Brooklyn,Starters,155:05,36,63,0.571,10,21,0.476,8,9,0.889,8,26,34,25,7,1,7,12,90
22200483,1610612749,MIL,Milwaukee,bucks,Bench,87:28,10,28,0.357,4,17,0.235,1,1,1.0,3,12,15,3,2,0,2,4,25
22200483,1610612751,BKN,Brooklyn,nets,Bench,84:55,10,30,0.333,4,11,0.364,4,4,1.0,4,7,11,5,4,1,3,6,28
22200488,1610612740,Pelicans,NOP,New Orleans,Starters,173:04,25,61,0.41,9,25,0.36,23,26,0.885,7,25,32,18,7,3,13,14,82
22200488,1610612760,Thunder,OKC,Oklahoma City,Starters,178:40,40,77,0.519,8,19,0.421,14,20,0.7,8,27,35,20,7,3,13,20,102
22200488,1610612740,NOP,New Orleans,pelicans,Bench,91:56,16,33,0.485,4,12,0.333,10,14,0.714,6,17,23,12,3,1,8,7,46
22200488,1610612760,OKC,Oklahoma City,thunder,Bench,86:20,7,25,0.28,5,16,0.313,4,5,0.8,2,10,12,7,2,2,5,6,23
22200485,1610612741,Bulls,CHI,Chicago,Starters,182:49,36,75,0.48,10,23,0.435,13,14,0.929,6,27,33,23,6,4,3,17,95
22200485,1610612752,Knicks,NYK,New York,Starters,180:13,34,71,0.479,14,27,0.519,13,24,0.542,8,24,32,18,1,3,10,14,95
22200485,1610612741,CHI,Chicago,bulls,Bench,57:11,9,18,0.5,4,8,0.5,1,4,0.25,5,3,8,1,0,0,1,5,23
22200485,1610612752,NYK,New York,knicks,Bench,59:48,9,15,0.6,2,8,0.25,2,2,1.0,4,11,15,5,1,1,0,3,22
22200479,1610612753,Magic,ORL,Orlando,Starters,134:29,29,54,0.537,8,15,0.533,12,14,0.857,3,20,23,17,7,1,10,5,78
22200479,1610612759,Spurs,SAS,San Antonio,Starters,132:08,27,57,0.474,6,19,0.316,6,10,0.6,6,15,21,18,7,4,9,12,66
22200479,1610612753,ORL,Orlando,magic,Bench,105:31,21,33,0.636,9,17,0.529,4,6,0.667,4,17,21,13,1,1,7,10,55
22200479,1610612759,SAS,San Antonio,spurs,Bench,107:52,17,40,0.425,6,19,0.316,7,8,0.875,7,10,17,10,3,2,4,6,47
22200487,1610612742,Mavericks,DAL,Dallas,Starters,166:54,25,61,0.41,11,34,0.324,18,21,0.857,0,22,22,16,4,5,8,11,79
22200487,1610612745,Rockets,HOU,Houston,Starters,160:29,31,63,0.492,6,21,0.286,22,24,0.917,4,26,30,19,7,1,7,13,90
22200487,1610612742,DAL,Dallas,mavericks,Bench,73:06,11,19,0.579,5,10,0.5,6,6,1.0,7,5,12,4,6,2,6,10,33
22200487,1610612745,HOU,Houston,rockets,Bench,79:33,6,18,0.333,2,5,0.4,2,4,0.5,8,7,15,7,2,2,7,8,16
22200490,1610612756,Suns,PHX,Phoenix,Starters,123:59,24,50,0.48,5,20,0.25,3,6,0.5,2,14,16,9,3,0,5,12,56
22200490,1610612763,Grizzlies,MEM,Memphis,Starters,127:31,27,58,0.466,4,15,0.267,17,24,0.708,12,17,29,18,5,3,5,9,75
22200490,1610612756,PHX,Phoenix,suns,Bench,116:01,14,37,0.378,4,15,0.267,12,20,0.6,9,10,19,14,3,5,9,14,44
22200490,1610612763,MEM,Memphis,grizzlies,Bench,112:29,18,33,0.545,3,8,0.375,11,14,0.786,7,17,24,12,6,2,5,13,50
22200477,1610612740,Pelicans,NOP,New Orleans,Starters,150:00,32,63,0.508,11,25,0.44,15,16,0.938,9,21,30,15,6,3,11,15,90
22200477,1610612759,Spurs,SAS,San Antonio,Starters,128:53,25,49,0.51,4,13,0.308,13,16,0.813,8,18,26,15,6,0,10,13,67
22200477,1610612740,NOP,New Orleans,pelicans,Bench,90:00,12,28,0.429,2,9,0.222,10,11,0.909,7,9,16,10,4,3,6,9,36
22200477,1610612759,SAS,San Antonio,spurs,Bench,111:07,18,41,0.439,5,15,0.333,9,11,0.818,6,12,18,8,2,2,7,11,50
22200478,1610612762,Jazz,UTA,Utah,Starters,147:01,23,46,0.5,9,19,0.474,12,12,1.0,5,25,30,12,1,2,6,8,67
22200478,1610612764,Wizards,WAS,Washington,Starters,152:12,33,60,0.55,5,16,0.313,10,12,0.833,3,15,18,13,2,1,7,8,81
22200478,1610612762,UTA,Utah,jazz,Bench,92:59,19,40,0.475,7,16,0.438,8,9,0.889,3,7,10,4,4,1,5,8,53
22200478,1610612764,WAS,Washington,wizards,Bench,87:48,13,22,0.591,2,5,0.4,3,5,0.6,0,19,19,7,3,1,3,7,31
22200470,1610612744,Warriors,GSW,Golden State,Starters,127:32,15,44,0.341,4,19,0.211,8,10,0.8,6,13,19,16,3,0,14,11,42
22200470,1610612751,Nets,BKN,Brooklyn,Starters,118:54,27,42,0.643,8,13,0.615,6,8,0.75,3,16,19,23,7,4,7,11,68
22200470,1610612744,GSW,Golden State,warriors,Bench,112:28,26,39,0.667,8,14,0.571,11,15,0.733,3,14,17,16,3,1,7,3,71
22200470,1610612751,BKN,Brooklyn,nets,Bench,121:06,27,42,0.643,13,20,0.65,8,8,1.0,0,13,13,19,3,0,7,12,75
22200473,1610612742,Mavericks,DAL,Dallas,Starters,175:51,28,62,0.452,12,35,0.343,17,20,0.85,4,23,27,16,4,3,10,8,85
22200473,1610612750,Timberwolves,MIN,Minnesota,Starters,182:17,36,66,0.545,5,20,0.25,4,7,0.571,7,25,32,17,6,4,8,14,81
22200473,1610612742,DAL,Dallas,mavericks,Bench,64:09,6,13,0.462,1,4,0.25,6,7,0.857,3,9,12,1,2,0,3,4,19
22200473,1610612750,MIN,Minnesota,timberwolves,Bench,57:43,6,19,0.316,3,10,0.3,3,3,1.0,1,6,7,6,1,0,5,10,18
22200476,1610612746,Clippers,LAC,LA,Starters,132:50,21,42,0.5,10,22,0.455,13,14,0.929,4,24,28,16,4,5,14,11,65
22200476,1610612766,Hornets,CHA,Charlotte,Starters,160:22,26,69,0.377,6,26,0.231,15,19,0.789,9,19,28,20,8,1,12,12,73
22200476,1610612746,LAC,LA,clippers,Bench,107:10,20,39,0.513,13,27,0.481,8,9,0.889,1,19,20,13,2,2,13,11,61
22200476,1610612766,CHA,Charlotte,hornets,Bench,79:38,11,23,0.478,3,5,0.6,7,10,0.7,2,10,12,5,7,1,2,6,32
22200472,1610612745,Rockets,HOU,Houston,Starters,162:40,32,66,0.485,13,32,0.406,6,11,0.545,4,32,36,16,5,4,12,14,83
22200472,1610612753,Magic,ORL,Orlando,Starters,146:05,28,59,0.475,6,18,0.333,17,27,0.63,6,24,30,9,6,2,10,11,79
22200472,1610612745,HOU,Houston,rockets,Bench,77:20,9,22,0.409,4,11,0.364,5,6,0.833,5,8,13,6,1,0,4,9,27
22200472,1610612753,ORL,Orlando,magic,Bench,93:55,13,32,0.406,5,19,0.263,6,6,1.0,5,10,15,10,5,4,1,7,37
22200471,1610612752,Knicks,NYK,New York,Starters,184:59,38,64,0.594,10,21,0.476,11,18,0.611,4,22,26,23,1,3,12,15,97
22200471,1610612761,Raptors,TOR,Toronto,Starters,171:59,37,78,0.474,7,26,0.269,20,22,0.909,13,14,27,15,4,2,3,11,101
22200471,1610612752,NYK,New York,knicks,Bench,55:01,4,12,0.333,1,5,0.2,0,0,0.0,5,7,12,2,1,0,4,4,9
22200471,1610612761,TOR,Toronto,raptors,Bench,68:01,5,16,0.313,2,8,0.25,0,0,0.0,3,8,11,2,3,2,1,5,12
22200469,1610612738,Celtics,BOS,Boston,Starters,149:23,24,65,0.369,8,27,0.296,15,17,0.882,9,20,29,17,5,3,10,7,71
22200469,1610612754,Pacers,IND,Indiana,Starters,152:53,29,61,0.475,10,24,0.417,6,7,0.857,5,20,25,24,6,2,8,14,74
22200469,1610612738,BOS,Boston,celtics,Bench,90:38,15,36,0.417,5,14,0.357,6,8,0.75,16,17,33,9,6,2,6,2,41
22200469,1610612754,IND,Indiana,pacers,Bench,87:08,17,37,0.459,8,15,0.533,1,2,0.5,7,15,22,3,4,1,6,8,43
22200466,1610612739,Cavaliers,CLE,Cleveland,Starters,161:36,32,63,0.508,7,21,0.333,22,26,0.846,7,15,22,15,6,1,9,17,93
22200466,1610612749,Bucks,MIL,Milwaukee,Starters,158:33,31,60,0.517,8,16,0.5,15,22,0.682,9,24,33,17,6,5,15,14,85
22200466,1610612739,CLE,Cleveland,cavaliers,Bench,78:24,9,22,0.409,3,11,0.273,0,2,0.0,2,13,15,7,2,2,1,4,21
22200466,1610612749,MIL,Milwaukee,bucks,Bench,81:27,8,23,0.348,5,14,0.357,0,0,0.0,4,9,13,3,1,0,4,9,21
22200461,1610612762,Jazz,UTA,Utah,Starters,151:34,35,62,0.565,15,29,0.517,9,16,0.563,11,22,33,21,5,2,6,13,94
22200461,1610612765,Pistons,DET,Detroit,Starters,147:58,27,53,0.509,4,15,0.267,13,16,0.813,8,20,28,14,3,1,10,12,71
22200461,1610612762,UTA,Utah,jazz,Bench,88:26,12,31,0.387,5,17,0.294,3,3,1.0,1,9,10,6,2,3,6,9,32
22200461,1610612765,DET,Detroit,pistons,Bench,92:02,14,28,0.5,5,10,0.5,7,11,0.636,1,14,15,8,3,0,4,7,40
22200463,1610612744,Warriors,GSW,Golden State,Starters,134:00,21,45,0.467,7,22,0.318,8,9,0.889,3,17,20,14,2,0,10,8,57
22200463,1610612752,Knicks,NYK,New York,Starters,151:23,28,59,0.475,8,25,0.32,18,25,0.72,9,21,30,20,4,0,5,11,82
22200463,1610612744,GSW,Golden State,warriors,Bench,106:00,14,29,0.483,5,13,0.385,4,4,1.0,1,8,9,9,1,2,9,14,37
22200463,1610612752,NYK,New York,knicks,Bench,88:37,17,28,0.607,9,15,0.6,7,7,1.0,5,12,17,7,4,1,6,4,50
22200462,1610612741,Bulls,CHI,Chicago,Starters,167:53,33,54,0.611,8,19,0.421,13,15,0.867,5,27,32,21,6,0,12,10,87
22200462,1610612748,Heat,MIA,Miami,Starters,183:14,31,63,0.492,11,30,0.367,9,11,0.818,7,18,25,23,8,0,9,10,82
22200462,1610612741,CHI,Chicago,bulls,Bench,72:07,7,19,0.368,5,12,0.417,7,9,0.778,0,7,7,3,1,0,4,6,26
22200462,1610612748,MIA,Miami,heat,Bench,56:46,7,18,0.389,4,14,0.286,3,6,0.5,2,8,10,3,1,0,4,6,21
22200464,1610612756,Suns,PHX,Phoenix,Starters,154:56,23,51,0.451,2,10,0.2,12,15,0.8,12,18,30,16,2,1,12,16,60
22200464,1610612764,Wizards,WAS,Washington,Starters,174:04,31,63,0.492,8,19,0.421,23,33,0.697,9,24,33,20,7,3,5,7,93
22200464,1610612756,PHX,Phoenix,suns,Bench,85:04,18,38,0.474,11,22,0.5,3,4,0.75,3,11,14,10,0,0,2,7,50
22200464,1610612764,WAS,Washington,wizards,Bench,65:56,7,17,0.412,3,8,0.375,3,4,0.75,0,8,8,2,2,1,4,7,20
22200465,1610612743,Nuggets,DEN,Denver,Starters,166:33,31,65,0.477,7,16,0.438,9,13,0.692,10,25,35,23,6,4,11,10,78
22200465,1610612763,Grizzlies,MEM,Memphis,Starters,134:52,22,52,0.423,4,15,0.267,10,13,0.769,4,17,21,15,7,5,11,14,58
22200465,1610612743,DEN,Denver,nuggets,Bench,73:27,9,24,0.375,3,11,0.273,6,12,0.5,3,10,13,5,3,1,6,9,27
22200465,1610612763,MEM,Memphis,grizzlies,Bench,105:08,14,29,0.483,1,11,0.091,4,8,0.5,3,18,21,10,4,2,5,7,33
22200452,1610612739,Cavaliers,CLE,Cleveland,Starters,143:31,30,48,0.625,7,14,0.5,17,20,0.85,3,21,24,18,3,3,12,13,84
22200452,1610612762,Jazz,UTA,Utah,Starters,141:35,26,53,0.491,7,16,0.438,13,19,0.684,8,14,22,11,6,2,12,13,72
22200452,1610612739,CLE,Cleveland,cavaliers,Bench,96:29,13,22,0.591,8,12,0.667,4,6,0.667,1,20,21,6,2,1,9,7,38
22200452,1610612762,UTA,Utah,jazz,Bench,98:25,10,40,0.25,3,18,0.167,4,4,1.0,7,6,13,8,3,0,2,9,27
22200460,1610612758,Kings,SAC,Sacramento,Starters,166:45,36,71,0.507,10,22,0.455,14,26,0.538,7,28,35,13,4,1,4,19,96
22200460,1610612766,Hornets,CHA,Charlotte,Starters,156:49,37,70,0.529,10,24,0.417,7,10,0.7,4,28,32,19,2,5,11,18,91
22200460,1610612758,SAC,Sacramento,kings,Bench,73:15,9,24,0.375,2,11,0.182,3,5,0.6,3,4,7,10,4,1,4,4,23
22200460,1610612766,CHA,Charlotte,hornets,Bench,83:11,12,25,0.48,0,7,0.0,10,13,0.769,7,17,24,7,2,2,3,7,34
22200459,1610612747,Lakers,LAL,Los Angeles,Starters,130:02,28,53,0.528,8,16,0.5,10,11,0.909,3,13,16,11,3,1,10,11,74
22200459,1610612756,Suns,PHX,Phoenix,Starters,156:26,36,64,0.563,15,26,0.577,14,19,0.737,9,21,30,16,5,2,7,10,101
22200459,1610612747,LAL,Los Angeles,lakers,Bench,109:58,11,34,0.324,4,12,0.333,4,6,0.667,7,15,22,2,2,4,4,5,30
22200459,1610612756,PHX,Phoenix,suns,Bench,83:34,10,29,0.345,5,13,0.385,4,5,0.8,6,15,21,5,5,3,1,6,29
22200455,1610612745,Rockets,HOU,Houston,Starters,140:05,23,59,0.39,3,14,0.214,15,19,0.789,7,10,17,11,7,3,5,9,64
22200455,1610612759,Spurs,SAS,San Antonio,Starters,124:52,23,45,0.511,8,17,0.471,8,9,0.889,3,19,22,17,4,3,6,9,62
22200455,1610612745,HOU,Houston,rockets,Bench,99:55,17,35,0.486,2,10,0.2,5,12,0.417,9,15,24,12,6,0,6,7,41
22200455,1610612759,SAS,San Antonio,spurs,Bench,115:08,23,38,0.605,9,17,0.529,7,10,0.7,6,18,24,13,2,3,13,14,62
22200457,1610612740,Pelicans,NOP,New Orleans,Starters,176:58,38,81,0.469,16,31,0.516,16,22,0.727,15,25,40,22,9,0,12,12,108
22200457,1610612749,Bucks,MIL,Milwaukee,Starters,143:57,35,56,0.625,9,25,0.36,23,28,0.821,6,24,30,18,4,4,10,11,102
22200457,1610612740,NOP,New Orleans,pelicans,Bench,63:02,4,18,0.222,2,14,0.143,1,2,0.5,2,2,4,8,0,0,3,8,11
22200457,1610612749,MIL,Milwaukee,bucks,Bench,96:02,10,25,0.4,4,15,0.267,2,3,0.667,2,12,14,8,4,2,7,10,26
22200458,1610612757,Trail Blazers,POR,Portland,Starters,179:33,34,63,0.54,13,29,0.448,14,17,0.824,7,23,30,19,4,2,10,17,95
22200458,1610612760,Thunder,OKC,Oklahoma City,Starters,149:00,25,62,0.403,2,12,0.167,29,33,0.879,9,13,22,14,4,4,7,13,81
22200458,1610612757,POR,Portland,blazers,Bench,60:28,10,25,0.4,3,8,0.375,3,4,0.75,7,8,15,7,1,0,6,11,26
22200458,1610612760,OKC,Oklahoma City,thunder,Bench,91:01,15,26,0.577,9,19,0.474,3,4,0.75,2,15,17,6,3,1,3,8,42
22200456,1610612742,Mavericks,DAL,Dallas,Starters,161:13,18,50,0.36,11,28,0.393,16,20,0.8,6,26,32,18,5,4,11,13,63
22200456,1610612750,Timberwolves,MIN,Minnesota,Starters,186:58,33,71,0.465,10,26,0.385,16,19,0.842,7,31,38,19,4,3,8,13,92
22200456,1610612742,DAL,Dallas,mavericks,Bench,78:47,13,26,0.5,8,17,0.471,9,11,0.818,2,8,10,5,0,1,4,10,43
22200456,1610612750,MIN,Minnesota,timberwolves,Bench,53:02,9,18,0.5,2,5,0.4,4,5,0.8,2,4,6,0,1,1,2,11,24
22200454,1610612737,Hawks,ATL,Atlanta,Starters,164:18,33,70,0.471,9,28,0.321,17,18,0.944,4,19,23,23,5,0,9,9,92
22200454,1610612753,Magic,ORL,Orlando,Starters,154:13,32,68,0.471,6,18,0.333,13,14,0.929,8,23,31,20,6,5,6,6,83
22200454,1610612737,ATL,Atlanta,hawks,Bench,75:43,15,24,0.625,3,4,0.75,1,2,0.5,2,16,18,6,2,3,1,9,34
22200454,1610612753,ORL,Orlando,magic,Bench,85:47,13,27,0.481,6,16,0.375,10,11,0.909,2,12,14,9,2,3,2,11,42
22200453,1610612755,76ers,PHI,Philadelphia,Starters,206:43,22,59,0.373,11,32,0.344,21,22,0.955,4,31,35,16,6,1,16,14,76
22200453,1610612761,Raptors,TOR,Toronto,Starters,173:17,26,65,0.4,9,31,0.29,12,16,0.75,2,27,29,15,4,2,12,10,73
22200453,1610612755,PHI,Philadelphia,sixers,Bench,58:18,10,21,0.476,4,10,0.4,4,5,0.8,0,6,6,6,2,0,0,7,28
22200453,1610612761,TOR,Toronto,raptors,Bench,91:42,11,23,0.478,2,9,0.222,4,4,1.0,7,14,21,9,2,1,3,10,28
22200448,1610612744,Warriors,GSW,Golden State,Starters,166:25,33,64,0.516,12,29,0.414,15,16,0.938,9,20,29,23,4,1,10,16,93
22200448,1610612761,Raptors,TOR,Toronto,Starters,146:31,25,59,0.424,9,21,0.429,13,15,0.867,7,14,21,17,2,2,9,14,72
22200448,1610612744,GSW,Golden State,warriors,Bench,73:35,10,17,0.588,6,10,0.6,7,10,0.7,3,9,12,8,2,1,7,5,33
22200448,1610612761,TOR,Toronto,raptors,Bench,93:29,15,36,0.417,4,12,0.333,4,7,0.571,11,11,22,4,4,0,3,8,38
22200446,1610612752,Knicks,NYK,New York,Starters,179:09,33,66,0.5,6,19,0.316,23,30,0.767,10,29,39,9,5,7,15,16,95
22200446,1610612754,Pacers,IND,Indiana,Starters,150:31,27,59,0.458,13,33,0.394,4,8,0.5,6,18,24,15,4,1,7,21,71
22200446,1610612752,NYK,New York,knicks,Bench,60:51,6,17,0.353,2,7,0.286,0,0,0.0,4,6,10,4,2,2,1,5,14
22200446,1610612754,IND,Indiana,pacers,Bench,89:29,12,31,0.387,0,5,0.0,11,15,0.733,6,14,20,5,1,2,7,7,35
22200447,1610612751,Nets,BKN,Brooklyn,Starters,154:00,36,60,0.6,11,19,0.579,19,21,0.905,4,25,29,17,3,5,12,15,102
22200447,1610612765,Pistons,DET,Detroit,Starters,146:28,24,52,0.462,5,19,0.263,19,21,0.905,7,21,28,15,7,1,5,12,72
22200447,1610612751,BKN,Brooklyn,nets,Bench,86:00,8,20,0.4,4,10,0.4,2,2,1.0,0,6,6,9,2,3,1,9,22
22200447,1610612765,DET,Detroit,pistons,Bench,93:32,18,36,0.5,3,11,0.273,10,13,0.769,4,9,13,5,2,1,3,7,49
22200450,1610612743,Nuggets,DEN,Denver,Starters,171:50,36,72,0.5,10,25,0.4,19,29,0.655,11,32,43,31,5,3,13,14,101
22200450,1610612766,Hornets,CHA,Charlotte,Starters,135:18,23,56,0.411,8,21,0.381,15,17,0.882,8,24,32,16,2,3,7,11,69
22200450,1610612743,DEN,Denver,nuggets,Bench,68:10,7,22,0.318,1,8,0.125,3,5,0.6,4,8,12,2,1,0,1,3,18
22200450,1610612766,CHA,Charlotte,hornets,Bench,104:42,18,40,0.45,4,17,0.235,6,6,1.0,4,12,16,10,5,4,4,15,46
22200445,1610612738,Celtics,BOS,Boston,Starters,163:52,23,67,0.343,8,35,0.229,15,17,0.882,8,30,38,18,6,3,15,13,69
22200445,1610612753,Magic,ORL,Orlando,Starters,145:17,24,63,0.381,8,17,0.471,17,19,0.895,5,25,30,14,7,0,8,8,73
22200445,1610612738,BOS,Boston,celtics,Bench,76:08,8,22,0.364,4,12,0.333,3,4,0.75,3,13,16,4,1,4,1,4,23
22200445,1610612753,ORL,Orlando,magic,Bench,94:43,9,23,0.391,4,12,0.333,0,0,0.0,1,15,16,6,2,3,5,10,22
22200449,1610612741,Bulls,CHI,Chicago,Starters,159:53,34,64,0.531,11,24,0.458,13,16,0.813,4,15,19,23,5,1,9,11,92
22200449,1610612750,Timberwolves,MIN,Minnesota,Starters,141:47,34,56,0.607,15,29,0.517,9,11,0.818,1,21,22,27,4,4,10,12,92
22200449,1610612741,CHI,Chicago,bulls,Bench,80:07,12,24,0.5,5,14,0.357,5,8,0.625,2,9,11,8,1,0,2,5,34
22200449,1610612750,MIN,Minnesota,timberwolves,Bench,98:13,23,31,0.742,8,14,0.571,4,5,0.8,3,14,17,11,1,1,2,9,58
22200451,1610612747,Lakers,LAL,Los Angeles,Starters,166:52,35,66,0.53,9,18,0.5,15,18,0.833,3,23,26,21,2,2,4,14,94
22200451,1610612764,Wizards,WAS,Washington,Starters,159:32,31,70,0.443,8,30,0.267,17,22,0.773,7,27,34,15,4,3,9,12,87
22200451,1610612747,LAL,Los Angeles,lakers,Bench,73:08,11,26,0.423,2,9,0.222,1,4,0.25,3,14,17,8,2,3,5,4,25
22200451,1610612764,WAS,Washington,wizards,Bench,80:28,13,25,0.52,2,9,0.222,2,2,1.0,3,11,14,9,1,3,1,8,30
22200442,1610612749,Bucks,MIL,Milwaukee,Starters,128:34,32,60,0.533,7,18,0.389,3,5,0.6,7,27,34,16,2,3,9,3,74
22200442,1610612762,Jazz,UTA,Utah,Starters,126:51,18,44,0.409,8,24,0.333,3,3,1.0,2,11,13,14,5,1,8,9,47
22200442,1610612749,MIL,Milwaukee,bucks,Bench,111:26,16,30,0.533,11,20,0.55,6,6,1.0,8,12,20,14,3,0,5,10,49
22200442,1610612762,UTA,Utah,jazz,Bench,113:09,21,42,0.5,8,23,0.348,0,3,0.0,5,11,16,10,0,1,6,4,50
22200441,1610612745,Rockets,HOU,Houston,Starters,127:09,17,54,0.315,1,20,0.05,14,20,0.7,6,19,25,8,2,5,12,6,49
22200441,1610612757,Trail Blazers,POR,Portland,Starters,150:49,30,62,0.484,12,29,0.414,13,16,0.813,8,17,25,17,7,1,5,11,85
22200441,1610612745,HOU,Houston,rockets,Bench,112:51,19,36,0.528,2,9,0.222,6,9,0.667,12,14,26,11,5,1,3,12,46
22200441,1610612757,POR,Portland,blazers,Bench,89:11,10,23,0.435,1,7,0.143,1,3,0.333,2,9,11,3,1,3,7,9,22
22200443,1610612760,Thunder,OKC,Oklahoma City,Starters,125:01,20,53,0.377,10,22,0.455,14,21,0.667,5,19,24,16,4,0,5,15,64
22200443,1610612763,Grizzlies,MEM,Memphis,Starters,133:26,20,51,0.392,9,27,0.333,17,23,0.739,7,21,28,9,2,3,6,13,66
22200443,1610612760,OKC,Oklahoma City,thunder,Bench,114:59,18,39,0.462,9,23,0.391,6,10,0.6,4,25,29,13,3,0,4,10,51
22200443,1610612763,MEM,Memphis,grizzlies,Bench,106:34,14,39,0.359,3,18,0.167,12,14,0.857,3,22,25,6,3,2,3,7,43
22200444,1610612740,Pelicans,NOP,New Orleans,Starters,154:56,35,55,0.636,8,16,0.5,7,8,0.875,1,19,20,23,0,5,12,16,85
22200444,1610612756,Suns,PHX,Phoenix,Starters,165:57,37,68,0.544,14,31,0.452,14,23,0.609,3,19,22,19,5,1,6,7,102
22200444,1610612740,NOP,New Orleans,pelicans,Bench,85:03,10,22,0.455,6,14,0.429,3,5,0.6,3,13,16,4,2,0,4,11,29
22200444,1610612756,PHX,Phoenix,suns,Bench,74:03,2,15,0.133,1,10,0.1,11,12,0.917,7,6,13,4,1,2,2,6,16
22200429,1610612758,Kings,SAC,Sacramento,Starters,180:31,35,61,0.574,10,22,0.455,19,24,0.792,4,25,29,22,7,1,10,16,99
22200429,1610612765,Pistons,DET,Detroit,Starters,135:29,21,49,0.429,6,19,0.316,18,19,0.947,7,20,27,13,2,1,10,18,66
22200429,1610612758,SAC,Sacramento,kings,Bench,59:29,8,21,0.381,2,9,0.222,5,5,1.0,0,4,4,8,1,0,3,9,23
22200429,1610612765,DET,Detroit,pistons,Bench,104:31,18,36,0.5,4,10,0.4,7,12,0.583,7,12,19,9,5,0,6,8,47
22200431,1610612739,Cavaliers,CLE,Cleveland,Starters,164:41,27,52,0.519,11,22,0.5,19,21,0.905,4,20,24,18,3,2,7,10,84
22200431,1610612754,Pacers,IND,Indiana,Starters,134:46,21,42,0.5,6,22,0.273,9,9,1.0,0,17,17,22,3,2,7,10,57
22200431,1610612739,CLE,Cleveland,cavaliers,Bench,75:19,11,24,0.458,3,9,0.333,9,11,0.818,2,8,10,5,3,0,1,5,34
22200431,1610612754,IND,Indiana,pacers,Bench,105:14,21,38,0.553,5,14,0.357,8,10,0.8,5,11,16,12,3,2,3,12,55
22200434,1610612741,Bulls,CHI,Chicago,Starters,145:24,24,50,0.48,8,18,0.444,3,4,0.75,1,18,19,18,2,1,14,13,59
22200434,1610612752,Knicks,NYK,New York,Starters,162:00,30,63,0.476,16,31,0.516,20,28,0.714,6,23,29,16,9,2,8,7,96
22200434,1610612741,CHI,Chicago,bulls,Bench,94:36,12,27,0.444,4,12,0.333,4,4,1.0,1,19,20,8,1,1,6,12,32
22200434,1610612752,NYK,New York,knicks,Bench,78:00,7,29,0.241,1,13,0.077,3,4,0.75,9,12,21,3,4,0,2,6,18
22200424,1610612745,Rockets,HOU,Houston,Starters,159:28,34,73,0.466,6,24,0.25,8,11,0.727,11,18,29,12,9,3,13,11,82
22200424,1610612748,Heat,MIA,Miami,Starters,150:50,30,60,0.5,12,30,0.4,14,19,0.737,10,14,24,14,5,4,10,10,86
22200424,1610612745,HOU,Houston,rockets,Bench,80:32,10,21,0.476,3,9,0.333,3,6,0.5,7,15,22,10,1,1,1,8,26
22200424,1610612748,MIA,Miami,heat,Bench,89:10,9,28,0.321,4,17,0.235,3,4,0.75,4,12,16,7,5,2,4,9,25
22200425,1610612749,Bucks,MIL,Milwaukee,Starters,110:32,12,44,0.273,5,21,0.238,10,15,0.667,3,12,15,14,2,0,5,10,39
22200425,1610612763,Grizzlies,MEM,Memphis,Starters,97:03,23,49,0.469,5,14,0.357,11,15,0.733,9,19,28,17,2,5,2,9,62
22200425,1610612749,MIL,Milwaukee,bucks,Bench,129:28,23,50,0.46,8,29,0.276,8,12,0.667,8,16,24,8,3,1,4,8,62
22200425,1610612763,MEM,Memphis,grizzlies,Bench,142:57,33,53,0.623,7,18,0.389,7,8,0.875,5,23,28,13,3,2,5,10,80
22200426,1610612740,Pelicans,NOP,New Orleans,Starters,163:09,33,69,0.478,8,17,0.471,15,18,0.833,12,20,32,17,2,5,9,22,89
22200426,1610612762,Jazz,UTA,Utah,Starters,169:39,27,64,0.422,13,32,0.406,24,30,0.8,7,21,28,17,4,0,11,13,91
22200426,1610612740,NOP,New Orleans,pelicans,Bench,101:52,14,30,0.467,4,13,0.308,8,10,0.8,7,10,17,7,6,1,7,8,40
22200426,1610612762,UTA,Utah,jazz,Bench,95:22,15,28,0.536,5,15,0.333,6,7,0.857,4,12,16,7,4,6,5,12,41
22200427,1610612746,Clippers,LAC,LA,Starters,150:40,23,54,0.426,11,24,0.458,7,10,0.7,12,23,35,12,1,3,10,9,64
22200427,1610612756,Suns,PHX,Phoenix,Starters,146:00,29,64,0.453,6,22,0.273,6,9,0.667,6,21,27,19,5,5,4,12,70
22200427,1610612746,LAC,LA,clippers,Bench,89:20,11,36,0.306,1,9,0.111,8,11,0.727,9,8,17,9,3,0,6,9,31
22200427,1610612756,PHX,Phoenix,suns,Bench,94:01,15,31,0.484,3,10,0.3,8,9,0.889,9,17,26,8,3,3,4,6,41
22200422,1610612743,Nuggets,DEN,Denver,Starters,152:54,36,57,0.632,2,10,0.2,20,23,0.87,5,28,33,24,8,4,11,7,94
22200422,1610612764,Wizards,WAS,Washington,Starters,144:35,28,49,0.571,14,26,0.538,7,13,0.538,1,10,11,20,6,2,5,21,77
22200422,1610612743,DEN,Denver,nuggets,Bench,87:06,18,26,0.692,2,6,0.333,9,12,0.75,2,10,12,7,0,3,7,10,47
22200422,1610612764,WAS,Washington,wizards,Bench,95:25,20,42,0.476,5,13,0.385,6,10,0.6,3,10,13,20,4,3,8,7,51
22200417,1610612758,Kings,SAC,Sacramento,Starters,175:16,34,70,0.486,11,32,0.344,10,12,0.833,9,32,41,22,3,3,12,12,89
22200417,1610612761,Raptors,TOR,Toronto,Starters,173:10,38,74,0.514,6,15,0.4,20,23,0.87,5,18,23,23,5,2,7,13,102
22200417,1610612758,SAC,Sacramento,kings,Bench,64:45,11,23,0.478,6,14,0.429,7,8,0.875,4,5,9,7,0,0,3,4,35
22200417,1610612761,TOR,Toronto,raptors,Bench,66:50,9,20,0.45,0,6,0.0,3,4,0.75,6,10,16,2,3,5,0,5,21
22200423,1610612746,Clippers,LAC,LA,Starters,135:39,20,58,0.345,6,23,0.261,14,17,0.824,13,24,37,14,5,1,9,12,60
22200423,1610612750,Timberwolves,MIN,Minnesota,Starters,165:23,18,47,0.383,3,16,0.188,15,22,0.682,4,26,30,12,6,3,11,18,54
22200423,1610612746,LAC,LA,clippers,Bench,104:21,14,31,0.452,8,23,0.348,3,4,0.75,1,14,15,7,3,1,5,9,39
22200423,1610612750,MIN,Minnesota,timberwolves,Bench,74:37,13,27,0.481,1,6,0.167,7,8,0.875,3,10,13,3,3,1,6,2,34
22200414,1610612765,Pistons,DET,Detroit,Starters,177:44,32,65,0.492,10,24,0.417,14,21,0.667,11,33,44,19,0,5,10,18,88
22200414,1610612766,Hornets,CHA,Charlotte,Starters,181:08,37,98,0.378,13,46,0.283,14,19,0.737,14,23,37,18,6,4,3,21,101
22200414,1610612765,DET,Detroit,pistons,Bench,87:16,16,28,0.571,8,16,0.5,13,15,0.867,1,7,8,6,0,3,5,11,53
22200414,1610612766,CHA,Charlotte,hornets,Bench,83:52,10,16,0.625,4,5,0.8,9,10,0.9,3,12,15,3,1,2,2,8,33
22200419,1610612748,Heat,MIA,Miami,Starters,153:18,27,63,0.429,16,38,0.421,7,8,0.875,5,20,25,16,4,0,10,11,77
22200419,1610612760,Thunder,OKC,Oklahoma City,Starters,167:39,35,64,0.547,8,17,0.471,12,17,0.706,4,28,32,22,3,3,10,7,90
22200419,1610612748,MIA,Miami,heat,Bench,86:42,10,23,0.435,8,18,0.444,5,7,0.714,2,12,14,9,5,1,4,10,33
22200419,1610612760,OKC,Oklahoma City,thunder,Bench,72:21,6,18,0.333,1,7,0.143,5,6,0.833,3,9,12,4,4,1,4,9,18
22200420,1610612757,Trail Blazers,POR,Portland,Starters,167:10,37,66,0.561,14,33,0.424,10,14,0.714,5,24,29,23,3,2,14,11,98
22200420,1610612759,Spurs,SAS,San Antonio,Starters,125:00,28,50,0.56,3,10,0.3,6,12,0.5,9,13,22,10,6,2,6,9,65
22200420,1610612757,POR,Portland,blazers,Bench,72:50,12,15,0.8,4,7,0.571,2,3,0.667,0,11,11,3,2,1,3,9,30
22200420,1610612759,SAS,San Antonio,spurs,Bench,115:01,17,47,0.362,8,19,0.421,5,7,0.714,5,13,18,13,3,1,5,7,47
22200421,1610612739,Cavaliers,CLE,Cleveland,Starters,181:18,36,62,0.581,8,19,0.421,12,13,0.923,3,26,29,21,5,1,5,17,92
22200421,1610612742,Mavericks,DAL,Dallas,Starters,139:15,17,46,0.37,6,23,0.261,14,19,0.737,4,14,18,15,2,3,10,9,54
22200421,1610612739,CLE,Cleveland,cavaliers,Bench,58:43,5,16,0.313,0,5,0.0,3,6,0.5,2,12,14,5,0,1,1,3,13
22200421,1610612742,DAL,Dallas,mavericks,Bench,100:45,12,28,0.429,7,15,0.467,5,7,0.714,2,13,15,2,0,0,2,6,36
22200416,1610612737,Hawks,ATL,Atlanta,Starters,144:43,30,57,0.526,9,23,0.391,15,17,0.882,4,13,17,22,0,5,8,12,84
22200416,1610612753,Magic,ORL,Orlando,Starters,159:30,35,69,0.507,11,21,0.524,17,20,0.85,12,16,28,21,8,4,6,12,98
22200416,1610612737,ATL,Atlanta,hawks,Bench,95:17,14,31,0.452,3,12,0.25,9,10,0.9,7,15,22,8,2,1,5,9,40
22200416,1610612753,ORL,Orlando,magic,Bench,80:30,12,24,0.5,5,15,0.333,8,10,0.8,2,16,18,7,2,2,5,10,37
22200418,1610612741,Bulls,CHI,Chicago,Starters,194:38,34,65,0.523,5,18,0.278,18,19,0.947,1,20,21,20,5,5,8,14,91
22200418,1610612752,Knicks,NYK,New York,Starters,192:22,36,73,0.493,14,27,0.519,19,23,0.826,10,26,36,19,2,4,13,16,105
22200418,1610612741,CHI,Chicago,bulls,Bench,70:22,12,19,0.632,4,10,0.4,1,3,0.333,2,8,10,5,1,2,4,4,29
22200418,1610612752,NYK,New York,knicks,Bench,72:39,9,18,0.5,4,7,0.571,1,2,0.5,5,7,12,6,5,1,2,9,23
22200415,1610612744,Warriors,GSW,Golden State,Starters,149:03,25,59,0.424,9,24,0.375,19,20,0.95,5,23,28,21,4,1,15,12,78
22200415,1610612754,Pacers,IND,Indiana,Starters,150:42,29,53,0.547,12,27,0.444,11,14,0.786,4,13,17,14,5,4,11,14,81
22200415,1610612744,GSW,Golden State,warriors,Bench,90:57,15,27,0.556,5,9,0.556,6,9,0.667,7,11,18,6,1,3,8,8,41
22200415,1610612754,IND,Indiana,pacers,Bench,89:18,15,34,0.441,4,12,0.333,10,11,0.909,1,16,17,16,5,4,6,11,44
22200409,1610612755,76ers,PHI,Philadelphia,Starters,146:25,33,56,0.589,11,22,0.5,17,23,0.739,3,24,27,26,7,2,9,13,94
22200409,1610612758,Kings,SAC,Sacramento,Starters,134:13,21,50,0.42,4,22,0.182,10,13,0.769,5,19,24,10,4,1,10,11,56
22200409,1610612755,PHI,Philadelphia,sixers,Bench,93:35,10,28,0.357,5,13,0.385,4,4,1.0,1,14,15,8,3,2,2,8,29
22200409,1610612758,SAC,Sacramento,kings,Bench,105:47,17,42,0.405,6,20,0.3,7,7,1.0,8,16,24,11,1,3,7,11,47
22200411,1610612745,Rockets,HOU,Houston,Starters,151:01,24,58,0.414,8,24,0.333,22,25,0.88,7,32,39,11,2,4,14,13,78
22200411,1610612756,Suns,PHX,Phoenix,Starters,151:32,18,73,0.247,8,37,0.216,15,15,1.0,12,16,28,15,9,1,6,12,59
22200411,1610612745,HOU,Houston,rockets,Bench,88:59,10,23,0.435,4,11,0.364,9,9,1.0,10,18,28,5,4,5,8,8,33
22200411,1610612756,PHX,Phoenix,suns,Bench,88:28,15,30,0.5,5,14,0.357,3,4,0.75,6,10,16,7,4,6,3,12,38
22200413,1610612738,Celtics,BOS,Boston,Starters,178:30,39,85,0.459,14,37,0.378,11,14,0.786,5,30,35,20,5,1,11,13,103
22200413,1610612747,Lakers,LAL,Los Angeles,Starters,150:22,32,62,0.516,6,18,0.333,15,22,0.682,5,22,27,13,3,3,8,8,85
22200413,1610612738,BOS,Boston,celtics,Bench,86:30,7,19,0.368,5,11,0.455,0,2,0.0,8,8,16,7,1,1,3,9,19
22200413,1610612747,LAL,Los Angeles,lakers,Bench,114:38,12,31,0.387,2,11,0.182,7,8,0.875,2,20,22,10,4,6,3,9,33
22200410,1610612744,Warriors,GSW,Golden State,Starters,128:11,21,57,0.368,8,24,0.333,9,10,0.9,7,16,23,14,2,1,10,8,59
22200410,1610612749,Bucks,MIL,Milwaukee,Starters,142:18,26,53,0.491,7,18,0.389,18,24,0.75,5,26,31,15,4,3,10,12,77
22200410,1610612744,GSW,Golden State,warriors,Bench,111:49,17,38,0.447,12,26,0.462,6,9,0.667,5,9,14,11,5,1,8,14,52
22200410,1610612749,MIL,Milwaukee,bucks,Bench,97:42,19,29,0.655,5,11,0.455,8,8,1.0,7,17,24,7,4,2,11,6,51
22200412,1610612740,Pelicans,NOP,New Orleans,Starters,120:32,24,58,0.414,1,12,0.083,12,20,0.6,10,11,21,10,7,1,11,11,61
22200412,1610612762,Jazz,UTA,Utah,Starters,126:58,25,51,0.49,5,23,0.217,6,8,0.75,11,20,31,19,3,3,13,17,61
22200412,1610612740,NOP,New Orleans,pelicans,Bench,119:28,13,35,0.371,3,15,0.2,10,13,0.769,5,17,22,15,5,2,6,6,39
22200412,1610612762,UTA,Utah,jazz,Bench,113:02,24,52,0.462,10,24,0.417,2,4,0.5,8,20,28,12,1,7,6,6,60
22200404,1610612737,Hawks,ATL,Atlanta,Starters,131:52,20,54,0.37,6,15,0.4,10,14,0.714,14,12,26,9,7,1,14,8,56
22200404,1610612763,Grizzlies,MEM,Memphis,Starters,125:19,29,46,0.63,11,19,0.579,6,8,0.75,2,24,26,24,5,9,13,11,75
22200404,1610612737,ATL,Atlanta,hawks,Bench,108:08,17,50,0.34,6,22,0.273,7,8,0.875,6,7,13,11,6,0,1,9,47
22200404,1610612763,MEM,Memphis,grizzlies,Bench,114:41,21,37,0.568,2,13,0.154,9,10,0.9,3,20,23,12,3,3,9,6,53
22200402,1610612748,Heat,MIA,Miami,Starters,176:58,25,63,0.397,5,19,0.263,12,16,0.75,5,30,35,17,6,2,10,12,67
22200402,1610612754,Pacers,IND,Indiana,Starters,166:26,23,58,0.397,10,28,0.357,9,11,0.818,5,31,36,12,4,10,12,14,65
22200402,1610612748,MIA,Miami,heat,Bench,63:02,7,20,0.35,4,15,0.267,2,2,1.0,4,9,13,6,1,0,3,5,20
22200402,1610612754,IND,Indiana,pacers,Bench,73:35,5,21,0.238,1,11,0.091,6,9,0.667,3,6,9,4,3,1,3,4,17
22200408,1610612738,Celtics,BOS,Boston,Starters,133:59,19,47,0.404,5,23,0.217,9,15,0.6,3,19,22,15,3,1,8,13,52
22200408,1610612746,Clippers,LAC,LA,Starters,135:04,28,51,0.549,6,14,0.429,13,19,0.684,1,21,22,12,4,1,7,14,75
22200408,1610612738,BOS,Boston,celtics,Bench,106:01,14,29,0.483,4,16,0.25,9,11,0.818,2,12,14,12,2,5,7,4,41
22200408,1610612746,LAC,LA,clippers,Bench,104:56,16,39,0.41,4,11,0.364,2,2,1.0,10,14,24,6,6,1,2,12,38
22200407,1610612750,Timberwolves,MIN,Minnesota,Starters,150:26,27,60,0.45,7,16,0.438,6,12,0.5,7,20,27,19,7,2,6,13,67
22200407,1610612757,Trail Blazers,POR,Portland,Starters,147:35,32,61,0.525,18,36,0.5,14,17,0.824,5,27,32,17,2,1,11,14,96
22200407,1610612750,MIN,Minnesota,timberwolves,Bench,89:34,19,33,0.576,3,11,0.273,4,7,0.571,0,10,10,6,5,0,4,6,45
22200407,1610612757,POR,Portland,blazers,Bench,92:25,16,28,0.571,3,10,0.3,2,4,0.5,6,16,22,15,2,3,7,7,37
22200405,1610612742,Mavericks,DAL,Dallas,Starters,138:54,29,70,0.414,16,40,0.4,13,14,0.929,11,21,32,21,3,0,10,9,87
22200405,1610612760,Thunder,OKC,Oklahoma City,Starters,162:39,31,63,0.492,5,16,0.313,18,19,0.947,6,19,25,16,4,1,13,15,85
22200405,1610612742,DAL,Dallas,mavericks,Bench,101:06,10,23,0.435,6,14,0.429,8,11,0.727,5,13,18,3,1,3,4,10,34
22200405,1610612760,OKC,Oklahoma City,thunder,Bench,77:22,11,25,0.44,5,15,0.333,2,2,1.0,4,13,17,5,0,0,0,7,29
22200396,1610612747,Lakers,LAL,Los Angeles,Starters,159:40,36,63,0.571,8,19,0.421,17,21,0.81,4,25,29,20,6,1,4,13,97
22200396,1610612765,Pistons,DET,Detroit,Starters,132:53,23,53,0.434,10,27,0.37,14,16,0.875,7,19,26,15,4,2,10,11,70
22200396,1610612747,LAL,Los Angeles,lakers,Bench,80:20,10,21,0.476,3,7,0.429,4,6,0.667,2,11,13,11,2,3,7,1,27
22200396,1610612765,DET,Detroit,pistons,Bench,107:07,20,40,0.5,7,18,0.389,0,1,0.0,3,11,14,13,5,1,2,8,47
22200395,1610612740,Pelicans,NOP,New Orleans,Starters,174:12,36,64,0.563,7,19,0.368,13,19,0.684,5,25,30,20,6,1,11,16,92
22200395,1610612756,Suns,PHX,Phoenix,Starters,168:48,33,69,0.478,8,24,0.333,6,8,0.75,15,15,30,23,3,2,7,17,80
22200395,1610612740,NOP,New Orleans,pelicans,Bench,90:49,14,22,0.636,1,6,0.167,8,9,0.889,2,11,13,11,4,2,4,10,37
22200395,1610612756,PHX,Phoenix,suns,Bench,96:12,16,36,0.444,5,14,0.357,7,9,0.778,4,8,12,11,4,3,7,7,44
22200401,1610612745,Rockets,HOU,Houston,Starters,161:53,29,66,0.439,4,18,0.222,9,10,0.9,5,26,31,16,7,3,10,8,71
22200401,1610612749,Bucks,MIL,Milwaukee,Starters,139:57,20,59,0.339,7,26,0.269,12,16,0.75,4,25,29,13,4,5,12,9,59
22200401,1610612745,HOU,Houston,rockets,Bench,78:07,11,25,0.44,2,9,0.222,2,2,1.0,5,13,18,7,4,5,2,9,26
22200401,1610612749,MIL,Milwaukee,bucks,Bench,100:03,13,31,0.419,5,17,0.294,2,2,1.0,9,14,23,5,1,1,3,3,33
22200387,1610612748,Heat,MIA,Miami,Starters,176:35,32,59,0.542,11,22,0.5,16,23,0.696,3,19,22,21,4,2,8,12,91
22200387,1610612759,Spurs,SAS,San Antonio,Starters,144:51,23,43,0.535,2,7,0.286,20,24,0.833,2,23,25,9,3,3,12,14,68
22200387,1610612748,MIA,Miami,heat,Bench,63:25,7,22,0.318,2,12,0.167,4,5,0.8,2,8,10,5,1,1,2,10,20
22200387,1610612759,SAS,San Antonio,spurs,Bench,95:09,19,35,0.543,5,14,0.357,4,7,0.571,7,14,21,15,5,1,6,7,47
22200393,1610612743,Nuggets,DEN,Denver,Starters,163:29,39,66,0.591,5,18,0.278,12,15,0.8,4,23,27,25,4,5,5,14,95
22200393,1610612762,Jazz,UTA,Utah,Starters,166:02,31,63,0.492,12,32,0.375,15,18,0.833,6,23,29,16,5,3,13,16,89
22200393,1610612743,DEN,Denver,nuggets,Bench,76:31,8,20,0.4,3,8,0.375,1,1,1.0,2,10,12,3,1,3,3,3,20
22200393,1610612762,UTA,Utah,jazz,Bench,73:58,8,22,0.364,3,9,0.333,2,3,0.667,4,9,13,4,0,3,0,4,21
22200394,1610612750,Timberwolves,MIN,Minnesota,Starters,184:25,36,62,0.581,10,18,0.556,15,21,0.714,2,21,23,20,10,2,11,15,97
22200394,1610612757,Trail Blazers,POR,Portland,Starters,173:48,35,71,0.493,13,31,0.419,20,22,0.909,8,28,36,17,4,2,13,16,103
22200394,1610612750,MIN,Minnesota,timberwolves,Bench,55:36,9,21,0.429,0,5,0.0,3,3,1.0,2,3,5,2,1,2,2,6,21
22200394,1610612757,POR,Portland,blazers,Bench,66:12,8,12,0.667,0,3,0.0,5,6,0.833,3,6,9,3,1,2,3,8,21
22200391,1610612741,Bulls,CHI,Chicago,Starters,120:55,30,45,0.667,9,15,0.6,12,13,0.923,2,22,24,16,4,3,4,4,81
22200391,1610612742,Mavericks,DAL,Dallas,Starters,116:55,24,49,0.49,8,25,0.32,10,12,0.833,4,16,20,11,1,1,6,5,66
22200391,1610612741,CHI,Chicago,bulls,Bench,119:05,24,40,0.6,10,19,0.526,5,11,0.455,2,18,20,17,4,2,4,13,63
22200391,1610612742,DAL,Dallas,mavericks,Bench,123:05,17,41,0.415,3,19,0.158,12,14,0.857,4,13,17,13,4,3,2,12,49
22200392,1610612738,Celtics,BOS,Boston,Starters,163:20,29,64,0.453,8,26,0.308,13,18,0.722,4,25,29,11,8,3,8,8,79
22200392,1610612744,Warriors,GSW,Golden State,Starters,168:12,39,77,0.506,11,33,0.333,15,18,0.833,6,27,33,18,2,6,10,10,104
22200392,1610612738,BOS,Boston,celtics,Bench,76:40,9,23,0.391,4,14,0.286,6,8,0.75,2,8,10,6,0,3,2,6,28
22200392,1610612744,GSW,Golden State,warriors,Bench,71:48,8,15,0.533,2,6,0.333,1,2,0.5,5,15,20,8,1,0,3,10,19
22200390,1610612739,Cavaliers,CLE,Cleveland,Starters,176:37,31,63,0.492,9,21,0.429,16,24,0.667,11,26,37,17,6,2,9,11,87
22200390,1610612760,Thunder,OKC,Oklahoma City,Starters,142:23,25,58,0.431,5,16,0.313,12,13,0.923,6,27,33,17,3,5,8,15,67
22200390,1610612739,CLE,Cleveland,cavaliers,Bench,63:23,9,22,0.409,3,11,0.273,2,2,1.0,1,10,11,8,0,2,2,3,23
22200390,1610612760,OKC,Oklahoma City,thunder,Bench,97:37,13,25,0.52,5,13,0.385,4,7,0.571,1,6,7,8,5,1,2,11,35
22200388,1610612751,Nets,BKN,Brooklyn,Starters,159:12,32,62,0.516,5,18,0.278,17,20,0.85,20,25,45,14,5,3,9,13,86
22200388,1610612754,Pacers,IND,Indiana,Starters,144:44,31,53,0.585,16,31,0.516,8,10,0.8,4,9,13,21,5,2,13,12,86
22200388,1610612751,BKN,Brooklyn,nets,Bench,80:48,20,38,0.526,4,10,0.4,6,12,0.5,9,5,14,5,2,0,9,11,50
22200388,1610612754,IND,Indiana,pacers,Bench,95:16,16,32,0.5,5,13,0.385,10,14,0.714,3,14,17,9,5,1,5,15,47
22200389,1610612746,Clippers,LAC,LA,Starters,150:15,30,68,0.441,11,29,0.379,14,15,0.933,4,23,27,15,7,4,6,10,85
22200389,1610612764,Wizards,WAS,Washington,Starters,195:05,35,81,0.432,15,32,0.469,15,17,0.882,6,36,42,21,7,3,11,9,100
22200389,1610612746,LAC,LA,clippers,Bench,89:45,10,26,0.385,8,19,0.421,1,1,1.0,5,10,15,7,2,3,4,6,29
22200389,1610612764,WAS,Washington,wizards,Bench,44:55,2,4,0.5,1,2,0.5,2,2,1.0,2,6,8,3,1,0,3,6,7
22200382,1610612747,Lakers,LAL,Los Angeles,Starters,172:33,30,55,0.545,5,17,0.294,17,22,0.773,3,20,23,13,6,4,12,13,82
22200382,1610612755,76ers,PHI,Philadelphia,Starters,211:09,40,69,0.58,17,33,0.515,19,22,0.864,7,27,34,25,11,2,18,16,116
22200382,1610612747,LAL,Los Angeles,lakers,Bench,92:28,14,33,0.424,6,14,0.429,6,8,0.75,4,10,14,16,6,0,7,10,40
22200382,1610612755,PHI,Philadelphia,sixers,Bench,53:51,8,21,0.381,1,7,0.143,0,0,0.0,0,8,8,5,3,0,3,14,17
22200386,1610612742,Mavericks,DAL,Dallas,Starters,143:53,27,61,0.443,8,29,0.276,8,22,0.364,10,15,25,16,8,4,6,11,70
22200386,1610612749,Bucks,MIL,Milwaukee,Starters,165:44,27,62,0.435,7,20,0.35,19,23,0.826,8,23,31,19,4,4,11,14,80
22200386,1610612742,DAL,Dallas,mavericks,Bench,96:07,14,27,0.519,5,11,0.455,2,2,1.0,2,16,18,5,0,2,4,10,35
22200386,1610612749,MIL,Milwaukee,bucks,Bench,74:17,11,25,0.44,4,12,0.333,0,0,0.0,5,15,20,8,1,0,4,7,26
22200383,1610612763,Grizzlies,MEM,Memphis,Starters,141:36,29,62,0.468,4,19,0.211,7,15,0.467,6,18,24,21,7,6,9,12,69
22200383,1610612765,Pistons,DET,Detroit,Starters,124:06,22,53,0.415,6,20,0.3,7,8,0.875,8,20,28,10,3,2,14,16,57
22200383,1610612763,MEM,Memphis,grizzlies,Bench,98:24,15,29,0.517,5,13,0.385,10,17,0.588,6,18,24,9,4,2,5,7,45
22200383,1610612765,DET,Detroit,pistons,Bench,115:54,14,37,0.378,5,15,0.333,13,19,0.684,5,14,19,13,3,5,5,13,46
22200384,1610612740,Pelicans,NOP,New Orleans,Starters,144:38,27,57,0.474,2,14,0.143,16,19,0.842,6,25,31,12,2,0,8,6,72
22200384,1610612756,Suns,PHX,Phoenix,Starters,175:12,32,67,0.478,15,29,0.517,9,13,0.692,7,27,34,22,4,1,13,15,88
22200384,1610612740,NOP,New Orleans,pelicans,Bench,95:22,19,33,0.576,6,13,0.462,12,16,0.75,7,6,13,15,8,1,3,9,56
22200384,1610612756,PHX,Phoenix,suns,Bench,64:48,11,19,0.579,7,15,0.467,0,0,0.0,1,2,3,8,2,2,3,10,29
22200379,1610612753,Magic,ORL,Orlando,Starters,156:30,34,52,0.654,7,15,0.467,18,19,0.947,1,23,24,15,2,2,12,14,93
22200379,1610612761,Raptors,TOR,Toronto,Starters,164:10,23,56,0.411,4,21,0.19,23,27,0.852,5,20,25,18,7,3,5,10,73
22200379,1610612753,ORL,Orlando,magic,Bench,83:31,8,19,0.421,3,11,0.273,1,2,0.5,2,17,19,9,1,2,6,13,20
22200379,1610612761,TOR,Toronto,raptors,Bench,75:50,13,29,0.448,6,14,0.429,4,6,0.667,2,6,8,5,3,2,2,7,36
22200385,1610612750,Timberwolves,MIN,Minnesota,Starters,174:25,32,53,0.604,9,20,0.45,19,25,0.76,5,27,32,19,6,2,13,16,92
22200385,1610612762,Jazz,UTA,Utah,Starters,150:34,26,58,0.448,9,28,0.321,10,15,0.667,5,16,21,12,5,0,9,12,71
22200385,1610612750,MIN,Minnesota,timberwolves,Bench,65:35,10,26,0.385,5,15,0.333,1,1,1.0,1,11,12,11,1,1,4,5,26
22200385,1610612762,UTA,Utah,jazz,Bench,89:26,13,32,0.406,4,16,0.25,7,9,0.778,7,12,19,10,4,0,2,8,37
22200381,1610612739,Cavaliers,CLE,Cleveland,Starters,169:57,26,62,0.419,6,19,0.316,15,18,0.833,8,23,31,17,3,2,17,15,73
22200381,1610612758,Kings,SAC,Sacramento,Starters,170:50,26,49,0.531,13,24,0.542,18,28,0.643,5,27,32,15,7,4,9,14,83
22200381,1610612739,CLE,Cleveland,cavaliers,Bench,70:03,8,17,0.471,4,11,0.364,2,4,0.5,0,5,5,3,4,2,2,8,22
22200381,1610612758,SAC,Sacramento,kings,Bench,69:10,9,17,0.529,3,9,0.333,2,4,0.5,0,6,6,6,4,1,8,8,23
22200378,1610612754,Pacers,IND,Indiana,Starters,138:13,26,51,0.51,9,22,0.409,10,12,0.833,6,13,19,17,6,1,5,13,71
22200378,1610612764,Wizards,WAS,Washington,Starters,176:40,32,60,0.533,7,24,0.292,14,19,0.737,7,24,31,20,1,2,12,14,85
22200378,1610612754,IND,Indiana,pacers,Bench,101:46,17,34,0.5,9,19,0.474,7,8,0.875,7,14,21,6,1,1,6,8,50
22200378,1610612764,WAS,Washington,wizards,Bench,63:21,9,17,0.529,3,5,0.6,5,6,0.833,5,2,7,5,5,1,2,5,26
22200380,1610612737,Hawks,ATL,Atlanta,Starters,138:21,25,61,0.41,3,19,0.158,11,13,0.846,8,14,22,15,8,3,13,9,64
22200380,1610612751,Nets,BKN,Brooklyn,Starters,164:09,34,62,0.548,10,22,0.455,11,14,0.786,9,23,32,22,7,4,17,10,89
22200380,1610612737,ATL,Atlanta,hawks,Bench,101:39,21,32,0.656,7,10,0.7,3,3,1.0,4,12,16,6,4,1,5,9,52
22200380,1610612751,BKN,Brooklyn,nets,Bench,75:51,11,21,0.524,3,8,0.375,6,7,0.857,0,6,6,8,3,1,4,8,31
22200376,1610612743,Nuggets,DEN,Denver,Starters,156:41,37,72,0.514,8,22,0.364,9,14,0.643,10,17,27,19,4,1,12,9,91
22200376,1610612757,Trail Blazers,POR,Portland,Starters,178:24,35,69,0.507,13,34,0.382,14,14,1.0,5,20,25,25,8,3,11,16,97
22200376,1610612743,DEN,Denver,nuggets,Bench,83:19,10,19,0.526,4,8,0.5,6,8,0.75,6,15,21,9,2,4,4,7,30
22200376,1610612757,POR,Portland,blazers,Bench,61:36,9,22,0.409,3,6,0.5,2,2,1.0,8,5,13,5,2,0,1,4,23
22200375,1610612745,Rockets,HOU,Houston,Starters,154:33,33,74,0.446,8,19,0.421,5,6,0.833,9,14,23,12,1,3,10,11,79
22200375,1610612759,Spurs,SAS,San Antonio,Starters,149:41,36,58,0.621,7,20,0.35,5,7,0.714,5,17,22,15,3,2,9,8,84
22200375,1610612745,HOU,Houston,rockets,Bench,85:27,11,24,0.458,2,10,0.2,6,9,0.667,7,12,19,11,2,1,4,8,30
22200375,1610612759,SAS,San Antonio,spurs,Bench,90:20,10,25,0.4,6,16,0.375,8,8,1.0,2,14,16,10,2,5,7,11,34
22200374,1610612746,Clippers,LAC,LA,Starters,168:45,27,57,0.474,13,26,0.5,13,14,0.929,6,24,30,13,3,2,11,12,80
22200374,1610612748,Heat,MIA,Miami,Starters,172:20,37,68,0.544,10,21,0.476,11,13,0.846,6,27,33,20,10,0,7,10,95
22200374,1610612746,LAC,LA,clippers,Bench,71:16,10,23,0.435,4,10,0.4,6,7,0.857,1,12,13,11,0,1,5,4,30
22200374,1610612748,MIA,Miami,heat,Bench,67:40,9,22,0.409,2,11,0.182,0,1,0.0,1,9,10,4,1,1,1,10,20
22200371,1610612740,Pelicans,NOP,New Orleans,Starters,148:26,29,61,0.475,4,14,0.286,15,20,0.75,7,26,33,17,4,4,13,16,77
22200371,1610612765,Pistons,DET,Detroit,Starters,122:53,16,47,0.34,6,19,0.316,6,8,0.75,3,14,17,13,2,1,8,11,44
22200371,1610612740,NOP,New Orleans,pelicans,Bench,91:34,10,24,0.417,4,13,0.308,3,3,1.0,3,14,17,4,4,5,5,5,27
22200371,1610612765,DET,Detroit,pistons,Bench,117:07,19,43,0.442,9,23,0.391,7,8,0.875,5,20,25,4,3,0,4,12,54
22200366,1610612747,Lakers,LAL,Los Angeles,Starters,129:01,18,45,0.4,4,18,0.222,19,20,0.95,2,16,18,10,2,2,5,9,59
22200366,1610612761,Raptors,TOR,Toronto,Starters,149:22,32,74,0.432,7,27,0.259,16,19,0.842,11,30,41,19,4,5,9,12,87
22200366,1610612747,LAL,Los Angeles,lakers,Bench,110:59,19,42,0.452,3,15,0.2,13,15,0.867,8,20,28,6,4,1,10,8,54
22200366,1610612761,TOR,Toronto,raptors,Bench,90:38,15,32,0.469,5,16,0.313,4,5,0.8,6,7,13,6,6,0,2,10,39
22200373,1610612738,Celtics,BOS,Boston,Starters,126:36,29,60,0.483,10,25,0.4,9,11,0.818,7,24,31,12,7,1,9,9,77
22200373,1610612756,Suns,PHX,Phoenix,Starters,124:31,19,51,0.373,2,18,0.111,4,4,1.0,5,17,22,10,3,2,12,13,44
22200373,1610612738,BOS,Boston,celtics,Bench,113:24,20,41,0.488,6,20,0.3,2,2,1.0,4,18,22,17,7,2,3,11,48
22200373,1610612756,PHX,Phoenix,suns,Bench,115:29,18,42,0.429,6,14,0.429,12,15,0.8,8,19,27,9,2,2,6,4,54
22200368,1610612760,Thunder,OKC,Oklahoma City,Starters,134:22,19,56,0.339,7,19,0.368,17,19,0.895,9,18,27,18,2,2,12,7,62
22200368,1610612763,Grizzlies,MEM,Memphis,Starters,134:44,29,57,0.509,9,23,0.391,10,13,0.769,6,22,28,17,7,8,8,9,77
22200368,1610612760,OKC,Oklahoma City,thunder,Bench,105:39,15,36,0.417,7,19,0.368,3,4,0.75,5,16,21,7,7,1,6,9,40
22200368,1610612763,MEM,Memphis,grizzlies,Bench,105:16,19,37,0.514,5,15,0.333,3,3,1.0,4,18,22,15,6,1,6,10,46
22200364,1610612751,Nets,BKN,Brooklyn,Starters,168:03,36,64,0.563,6,20,0.3,9,13,0.692,4,23,27,23,3,7,8,13,87
22200364,1610612766,Hornets,CHA,Charlotte,Starters,180:53,42,79,0.532,8,21,0.381,9,20,0.45,7,26,33,21,4,3,7,10,101
22200364,1610612751,BKN,Brooklyn,nets,Bench,71:58,13,22,0.591,6,11,0.545,3,3,1.0,1,11,12,10,0,1,2,7,35
22200364,1610612766,CHA,Charlotte,hornets,Bench,59:07,5,9,0.556,2,3,0.667,3,3,1.0,3,4,7,4,0,0,4,8,15
22200363,1610612746,Clippers,LAC,LA,Starters,169:01,24,67,0.358,10,29,0.345,14,18,0.778,8,24,32,17,1,3,12,12,72
22200363,1610612753,Magic,ORL,Orlando,Starters,173:19,27,63,0.429,3,14,0.214,22,25,0.88,9,26,35,13,7,3,10,12,79
22200363,1610612746,LAC,LA,clippers,Bench,95:59,15,28,0.536,5,12,0.417,4,8,0.5,9,12,21,9,2,6,3,7,39
22200363,1610612753,ORL,Orlando,magic,Bench,91:41,13,32,0.406,5,14,0.357,6,6,1.0,7,11,18,7,1,2,2,9,37
22200367,1610612741,Bulls,CHI,Chicago,Starters,169:13,36,68,0.529,9,17,0.529,12,14,0.857,3,29,32,22,8,3,14,12,93
22200367,1610612764,Wizards,WAS,Washington,Starters,178:42,31,64,0.484,6,23,0.261,18,24,0.75,3,21,24,20,10,3,13,12,86
22200367,1610612741,CHI,Chicago,bulls,Bench,70:48,9,22,0.409,1,6,0.167,3,3,1.0,3,6,9,7,3,1,5,8,22
22200367,1610612764,WAS,Washington,wizards,Bench,61:19,10,20,0.5,3,8,0.375,2,5,0.4,3,11,14,2,2,3,5,4,25
22200361,1610612748,Heat,MIA,Miami,Starters,167:07,27,57,0.474,7,21,0.333,16,20,0.8,3,28,31,17,7,2,12,13,77
22200361,1610612765,Pistons,DET,Detroit,Starters,127:19,24,48,0.5,11,20,0.55,3,6,0.5,6,15,21,16,5,1,6,9,62
22200361,1610612748,MIA,Miami,heat,Bench,72:53,6,20,0.3,3,11,0.273,4,6,0.667,4,5,9,4,0,0,3,7,19
22200361,1610612765,DET,Detroit,pistons,Bench,112:41,19,39,0.487,8,21,0.381,8,9,0.889,3,16,19,11,3,0,6,10,54
22200360,1610612739,Cavaliers,CLE,Cleveland,Starters,171:58,40,70,0.571,5,18,0.278,12,15,0.8,9,30,39,20,10,2,5,12,97
22200360,1610612747,Lakers,LAL,Los Angeles,Starters,116:34,18,45,0.4,4,22,0.182,10,13,0.769,5,18,23,11,2,2,6,2,50
22200360,1610612739,CLE,Cleveland,cavaliers,Bench,68:02,8,23,0.348,2,9,0.222,1,2,0.5,0,5,5,5,1,1,2,8,19
22200360,1610612747,LAL,Los Angeles,lakers,Bench,123:26,20,44,0.455,2,14,0.143,10,11,0.909,9,11,20,5,2,4,10,11,52
22200355,1610612738,Celtics,BOS,Boston,Starters,176:10,34,72,0.472,11,28,0.393,14,20,0.7,8,27,35,25,5,2,7,13,93
22200355,1610612761,Raptors,TOR,Toronto,Starters,181:41,27,63,0.429,5,21,0.238,17,24,0.708,5,25,30,16,4,5,12,16,76
22200355,1610612738,BOS,Boston,celtics,Bench,63:50,10,18,0.556,2,8,0.25,1,1,1.0,5,9,14,2,1,1,4,9,23
22200355,1610612761,TOR,Toronto,raptors,Bench,58:19,12,22,0.545,5,7,0.714,5,6,0.833,7,9,16,3,2,0,1,4,34
22200354,1610612737,Hawks,ATL,Atlanta,Starters,165:19,30,73,0.411,8,24,0.333,11,14,0.786,14,24,38,18,5,4,13,15,79
22200354,1610612760,Thunder,OKC,Oklahoma City,Starters,154:27,29,66,0.439,5,16,0.313,22,22,1.0,7,27,34,12,3,3,12,12,85
22200354,1610612737,ATL,Atlanta,hawks,Bench,74:41,14,29,0.483,5,14,0.357,2,3,0.667,3,13,16,6,2,0,5,9,35
22200354,1610612760,OKC,Oklahoma City,thunder,Bench,85:33,14,29,0.483,7,18,0.389,1,2,0.5,7,8,15,13,5,1,4,7,36
22200359,1610612744,Warriors,GSW,Golden State,Starters,153:41,25,71,0.352,12,36,0.333,9,9,1.0,6,21,27,19,2,4,7,6,71
22200359,1610612754,Pacers,IND,Indiana,Starters,164:30,31,67,0.463,12,31,0.387,8,13,0.615,3,28,31,21,2,3,6,11,82
22200359,1610612744,GSW,Golden State,warriors,Bench,86:20,13,23,0.565,1,8,0.125,6,10,0.6,6,14,20,7,4,2,5,13,33
22200359,1610612754,IND,Indiana,pacers,Bench,75:30,12,23,0.522,3,8,0.375,3,5,0.6,4,12,16,5,1,5,5,7,30
22200356,1610612745,Rockets,HOU,Houston,Starters,202:11,27,64,0.422,10,29,0.345,25,31,0.806,8,24,32,15,4,2,18,19,89
22200356,1610612755,76ers,PHI,Philadelphia,Starters,201:58,29,65,0.446,15,30,0.5,26,31,0.839,8,21,29,18,9,3,16,21,99
22200356,1610612745,HOU,Houston,rockets,Bench,87:49,15,30,0.5,4,10,0.4,9,13,0.692,8,11,19,4,5,1,1,8,43
22200356,1610612755,PHI,Philadelphia,sixers,Bench,88:03,10,22,0.455,2,6,0.333,2,5,0.4,3,7,10,5,1,3,3,13,24
22200358,1610612742,Mavericks,DAL,Dallas,Starters,120:17,24,51,0.471,15,29,0.517,13,15,0.867,5,16,21,12,3,3,5,12,76
22200358,1610612756,Suns,PHX,Phoenix,Starters,133:49,23,56,0.411,7,22,0.318,11,13,0.846,3,18,21,19,1,3,5,9,64
22200358,1610612742,DAL,Dallas,mavericks,Bench,119:43,20,33,0.606,5,12,0.417,9,11,0.818,5,15,20,11,4,3,7,11,54
22200358,1610612756,PHX,Phoenix,suns,Bench,106:11,17,35,0.486,6,15,0.4,7,13,0.538,10,10,20,9,4,2,6,7,47
22200352,1610612746,Clippers,LAC,LA,Starters,147:25,28,59,0.475,7,22,0.318,6,8,0.75,8,16,24,14,1,2,7,12,69
22200352,1610612766,Hornets,CHA,Charlotte,Starters,173:52,36,78,0.462,11,32,0.344,10,15,0.667,7,25,32,24,6,1,6,6,93
22200352,1610612746,LAC,LA,clippers,Bench,92:36,17,34,0.5,8,14,0.571,8,13,0.615,5,18,23,16,3,3,5,5,50
22200352,1610612766,CHA,Charlotte,hornets,Bench,66:08,11,20,0.55,1,2,0.5,1,2,0.5,7,10,17,5,2,3,4,10,24
22200357,1610612748,Heat,MIA,Miami,Starters,179:29,28,62,0.452,11,29,0.379,15,19,0.789,5,26,31,23,3,1,11,4,82
22200357,1610612763,Grizzlies,MEM,Memphis,Starters,165:49,31,64,0.484,7,25,0.28,8,8,1.0,2,26,28,17,4,3,7,10,77
22200357,1610612748,MIA,Miami,heat,Bench,60:31,3,17,0.176,3,11,0.273,2,3,0.667,4,10,14,0,4,2,5,7,11
22200357,1610612763,MEM,Memphis,grizzlies,Bench,74:11,11,26,0.423,1,7,0.143,1,1,1.0,2,11,13,6,6,2,4,4,24
22200353,1610612749,Bucks,MIL,Milwaukee,Starters,140:51,28,59,0.475,6,21,0.286,18,23,0.783,5,28,33,21,5,3,15,14,80
22200353,1610612753,Magic,ORL,Orlando,Starters,151:17,28,61,0.459,4,15,0.267,26,29,0.897,9,28,37,17,5,1,12,13,86
22200353,1610612749,MIL,Milwaukee,bucks,Bench,99:09,10,26,0.385,7,19,0.368,2,3,0.667,2,10,12,10,4,1,2,6,29
22200353,1610612753,ORL,Orlando,magic,Bench,88:43,6,32,0.188,4,17,0.235,0,0,0.0,6,9,15,4,3,1,1,6,16
22200347,1610612763,Grizzlies,MEM,Memphis,Starters,159:07,36,71,0.507,11,24,0.458,19,25,0.76,9,23,32,17,7,1,9,13,102
22200347,1610612765,Pistons,DET,Detroit,Starters,129:19,18,46,0.391,8,20,0.4,13,14,0.929,1,17,18,11,5,5,10,13,57
22200347,1610612763,MEM,Memphis,grizzlies,Bench,80:53,7,21,0.333,4,11,0.364,2,4,0.5,3,11,14,11,2,4,4,8,20
22200347,1610612765,DET,Detroit,pistons,Bench,110:41,19,38,0.5,5,15,0.333,12,16,0.75,7,14,21,15,2,2,4,11,55
22200351,1610612754,Pacers,IND,Indiana,Starters,143:54,31,62,0.5,9,27,0.333,7,8,0.875,9,23,32,17,5,3,10,13,78
22200351,1610612757,Trail Blazers,POR,Portland,Starters,161:08,36,71,0.507,16,35,0.457,13,17,0.765,8,20,28,22,6,2,10,11,101
22200351,1610612754,IND,Indiana,pacers,Bench,96:06,9,29,0.31,1,6,0.167,3,4,0.75,3,9,12,5,5,2,5,9,22
22200351,1610612757,POR,Portland,blazers,Bench,78:52,6,15,0.4,1,5,0.2,2,5,0.4,3,14,17,10,4,1,5,6,15
22200542,1610612742,Mavericks,DAL,Dallas,Starters,171:30,42,73,0.575,13,29,0.448,11,19,0.579,3,16,19,17,4,2,3,13,108
22200542,1610612759,Spurs,SAS,San Antonio,Starters,147:22,31,58,0.534,6,11,0.545,19,26,0.731,10,20,30,16,1,0,5,12,87
22200542,1610612742,DAL,Dallas,mavericks,Bench,68:30,8,13,0.615,1,5,0.2,1,2,0.5,3,4,7,4,1,1,2,11,18
22200542,1610612759,SAS,San Antonio,spurs,Bench,92:39,16,27,0.593,2,8,0.25,4,6,0.667,5,13,18,12,0,0,8,9,38
22200539,1610612751,Nets,BKN,Brooklyn,Starters,147:30,32,50,0.64,9,21,0.429,8,11,0.727,2,21,23,19,2,6,7,11,81
22200539,1610612766,Hornets,CHA,Charlotte,Starters,159:41,27,67,0.403,7,26,0.269,14,15,0.933,8,20,28,21,4,1,8,11,75
22200539,1610612751,BKN,Brooklyn,nets,Bench,92:30,16,30,0.533,4,13,0.308,6,8,0.75,0,19,19,7,5,0,7,5,42
22200539,1610612766,CHA,Charlotte,hornets,Bench,80:19,11,29,0.379,4,15,0.267,5,6,0.833,6,11,17,7,3,1,4,6,31
22200541,1610612745,Rockets,HOU,Houston,Starters,138:12,19,44,0.432,12,26,0.462,12,16,0.75,3,17,20,15,0,3,16,14,62
22200541,1610612752,Knicks,NYK,New York,Starters,183:06,29,74,0.392,13,42,0.31,21,28,0.75,13,20,33,17,9,5,8,17,92
22200541,1610612745,HOU,Houston,rockets,Bench,101:48,10,33,0.303,2,20,0.1,4,7,0.571,9,23,32,5,4,3,8,10,26
22200541,1610612752,NYK,New York,knicks,Bench,56:54,6,16,0.375,2,9,0.222,2,4,0.5,3,10,13,3,1,0,2,3,16
22200527,1610612752,Knicks,NYK,New York,Starters,181:36,30,74,0.405,14,35,0.4,21,27,0.778,9,20,29,18,4,1,9,17,95
22200527,1610612759,Spurs,SAS,San Antonio,Starters,149:05,34,63,0.54,5,14,0.357,14,17,0.824,12,19,31,12,2,6,7,15,87
22200527,1610612752,NYK,New York,knicks,Bench,58:24,8,16,0.5,1,6,0.167,3,4,0.75,4,5,9,2,3,1,3,4,20
22200527,1610612759,SAS,San Antonio,spurs,Bench,90:55,11,25,0.44,6,14,0.429,7,12,0.583,2,15,17,13,3,1,4,8,35
22200523,1610612760,Thunder,OKC,Oklahoma City,Starters,148:23,30,65,0.462,8,18,0.444,18,21,0.857,9,20,29,12,6,1,9,18,86
22200523,1610612766,Hornets,CHA,Charlotte,Starters,163:41,32,56,0.571,8,24,0.333,14,21,0.667,8,26,34,27,6,5,13,11,86
22200523,1610612760,OKC,Oklahoma City,thunder,Bench,91:37,12,34,0.353,3,18,0.167,0,0,0.0,2,10,12,3,3,0,3,9,27
22200523,1610612766,CHA,Charlotte,hornets,Bench,76:20,14,28,0.5,2,8,0.25,5,8,0.625,4,14,18,6,2,6,4,6,35
22200526,1610612761,Raptors,TOR,Toronto,Starters,131:19,22,59,0.373,3,12,0.25,12,15,0.8,12,15,27,12,8,6,5,14,59
22200526,1610612763,Grizzlies,MEM,Memphis,Starters,159:36,36,72,0.5,9,21,0.429,8,11,0.727,13,21,34,33,3,3,8,12,89
22200526,1610612761,TOR,Toronto,raptors,Bench,108:41,17,37,0.459,7,16,0.438,6,9,0.667,5,15,20,9,3,1,3,6,47
22200526,1610612763,MEM,Memphis,grizzlies,Bench,80:24,12,23,0.522,4,8,0.5,2,3,0.667,4,15,19,4,1,1,7,8,30
22200528,1610612742,Mavericks,DAL,Dallas,Starters,141:53,31,62,0.5,15,33,0.455,14,19,0.737,3,26,29,23,5,6,5,14,91
22200528,1610612745,Rockets,HOU,Houston,Starters,137:09,21,54,0.389,8,22,0.364,21,28,0.75,5,16,21,14,2,0,9,11,71
22200528,1610612742,DAL,Dallas,mavericks,Bench,98:07,16,29,0.552,3,12,0.25,3,6,0.5,3,12,15,7,2,2,3,12,38
22200528,1610612745,HOU,Houston,rockets,Bench,102:51,17,32,0.531,4,12,0.333,5,9,0.556,7,20,27,7,3,0,3,12,43
22200521,1610612744,Warriors,GSW,Golden State,Starters,156:17,20,51,0.392,10,30,0.333,17,19,0.895,5,27,32,16,2,3,9,11,67
22200521,1610612762,Jazz,UTA,Utah,Starters,155:30,26,62,0.419,12,32,0.375,11,16,0.688,5,31,36,17,3,3,10,10,75
22200521,1610612744,GSW,Golden State,warriors,Bench,83:43,17,36,0.472,6,15,0.4,5,8,0.625,5,14,19,6,4,0,3,15,45
22200521,1610612762,UTA,Utah,jazz,Bench,84:30,11,29,0.379,3,14,0.214,7,10,0.7,5,9,14,9,0,3,2,12,32
22200511,1610612759,Spurs,SAS,San Antonio,Starters,145:15,32,66,0.485,7,20,0.35,8,10,0.8,8,17,25,15,6,3,12,12,79
22200511,1610612760,Thunder,OKC,Oklahoma City,Starters,111:29,24,47,0.511,3,7,0.429,11,12,0.917,5,19,24,20,5,8,6,7,62
22200511,1610612759,SAS,San Antonio,spurs,Bench,94:45,14,33,0.424,3,9,0.333,4,4,1.0,8,8,16,5,3,1,2,9,35
22200511,1610612760,OKC,Oklahoma City,thunder,Bench,128:31,22,39,0.564,10,17,0.588,14,19,0.737,8,13,21,5,5,2,6,11,68
22200508,1610612737,Hawks,ATL,Atlanta,Starters,151:37,30,61,0.492,10,20,0.5,16,21,0.762,6,21,27,16,3,3,8,15,86
22200508,1610612754,Pacers,IND,Indiana,Starters,131:14,28,55,0.509,10,23,0.435,11,14,0.786,5,22,27,17,3,2,3,9,77
22200508,1610612737,ATL,Atlanta,hawks,Bench,88:23,10,28,0.357,2,10,0.2,6,8,0.75,3,12,15,10,1,0,1,4,28
22200508,1610612754,IND,Indiana,pacers,Bench,108:47,19,37,0.514,3,12,0.25,11,13,0.846,2,20,22,11,0,0,7,7,52
22200489,1610612743,Nuggets,DEN,Denver,Starters,168:10,39,68,0.574,8,17,0.471,13,22,0.591,3,26,29,26,7,1,7,10,99
22200489,1610612757,Trail Blazers,POR,Portland,Starters,173:20,33,75,0.44,9,31,0.29,18,23,0.783,9,24,33,22,3,2,11,17,93
22200489,1610612743,DEN,Denver,nuggets,Bench,71:50,8,13,0.615,2,4,0.5,3,4,0.75,1,8,9,5,2,1,3,9,21
22200489,1610612757,POR,Portland,blazers,Bench,66:41,6,12,0.5,0,4,0.0,2,3,0.667,4,6,10,2,2,1,2,4,14
22200474,1610612757,Trail Blazers,POR,Portland,Starters,159:06,27,58,0.466,10,29,0.345,6,9,0.667,2,17,19,22,5,2,15,15,70
22200474,1610612760,Thunder,OKC,Oklahoma City,Starters,155:21,26,53,0.491,3,14,0.214,20,23,0.87,3,19,22,15,6,2,15,8,75
22200474,1610612757,POR,Portland,blazers,Bench,80:54,12,21,0.571,4,7,0.571,0,0,0.0,7,10,17,7,4,3,3,7,28
22200474,1610612760,OKC,Oklahoma City,thunder,Bench,84:40,10,24,0.417,5,10,0.5,1,2,0.5,6,9,15,4,3,1,3,8,26
22200468,1610612737,Hawks,ATL,Atlanta,Starters,177:15,30,70,0.429,7,23,0.304,14,14,1.0,9,29,38,19,2,7,12,13,81
22200468,1610612741,Bulls,CHI,Chicago,Starters,155:47,35,69,0.507,5,16,0.313,11,14,0.786,5,23,28,13,5,4,5,9,86
22200468,1610612737,ATL,Atlanta,hawks,Bench,62:45,9,21,0.429,7,14,0.5,2,2,1.0,0,9,9,3,4,0,3,2,27
22200468,1610612741,CHI,Chicago,bulls,Bench,84:13,8,17,0.471,2,8,0.25,6,8,0.75,3,16,19,7,4,0,6,6,24
22200475,1610612747,Lakers,LAL,Los Angeles,Starters,168:44,34,63,0.54,8,18,0.444,22,26,0.846,2,22,24,22,6,4,11,15,98
22200475,1610612758,Kings,SAC,Sacramento,Starters,168:25,35,67,0.522,13,31,0.419,21,25,0.84,9,32,41,21,5,0,9,12,104
22200475,1610612747,LAL,Los Angeles,lakers,Bench,71:16,8,21,0.381,3,6,0.5,3,4,0.75,3,12,15,3,0,1,4,9,22
22200475,1610612758,SAC,Sacramento,kings,Bench,71:36,13,28,0.464,4,16,0.25,0,3,0.0,1,4,5,8,1,2,3,11,30
22200467,1610612755,76ers,PHI,Philadelphia,Starters,132:59,22,53,0.415,6,19,0.316,16,18,0.889,9,26,35,18,4,5,6,15,66
22200467,1610612765,Pistons,DET,Detroit,Starters,141:18,20,47,0.426,1,6,0.167,12,17,0.706,7,19,26,10,3,1,14,10,53
22200467,1610612755,PHI,Philadelphia,sixers,Bench,107:01,19,40,0.475,5,18,0.278,4,4,1.0,4,10,14,9,4,2,6,8,47
22200467,1610612765,DET,Detroit,pistons,Bench,98:42,11,32,0.344,5,17,0.294,13,17,0.765,4,16,20,5,3,0,8,5,40
22200439,1610612748,Heat,MIA,Miami,Starters,150:23,32,62,0.516,7,19,0.368,13,16,0.813,6,23,29,17,7,1,9,14,84
22200439,1610612759,Spurs,SAS,San Antonio,Starters,134:19,17,49,0.347,4,14,0.286,20,28,0.714,3,16,19,18,5,0,9,12,58
22200439,1610612748,MIA,Miami,heat,Bench,89:37,10,20,0.5,4,11,0.364,3,7,0.429,2,9,11,8,7,2,3,13,27
22200439,1610612759,SAS,San Antonio,spurs,Bench,105:41,16,28,0.571,6,13,0.462,5,5,1.0,4,15,19,11,3,3,8,7,43
22200440,1610612739,Cavaliers,CLE,Cleveland,Starters,188:17,31,67,0.463,3,20,0.15,13,21,0.619,7,33,40,20,6,5,5,12,78
22200440,1610612742,Mavericks,DAL,Dallas,Starters,215:07,33,71,0.465,15,43,0.349,9,14,0.643,3,34,37,13,5,5,6,14,90
22200440,1610612739,CLE,Cleveland,cavaliers,Bench,76:43,9,27,0.333,4,16,0.25,0,1,0.0,2,9,11,3,0,0,5,12,22
22200440,1610612742,DAL,Dallas,mavericks,Bench,49:53,3,17,0.176,0,6,0.0,3,5,0.6,2,6,8,6,0,1,5,6,9
22200438,1610612746,Clippers,LAC,LA,Starters,143:52,22,55,0.4,6,17,0.353,10,16,0.625,7,26,33,9,3,3,7,10,60
22200438,1610612764,Wizards,WAS,Washington,Starters,176:39,27,62,0.435,5,18,0.278,7,8,0.875,3,25,28,15,7,2,10,16,66
22200438,1610612746,LAC,LA,clippers,Bench,96:08,15,31,0.484,6,12,0.5,6,10,0.6,5,11,16,10,3,2,7,6,42
22200438,1610612764,WAS,Washington,wizards,Bench,63:22,9,22,0.409,4,7,0.571,5,5,1.0,4,10,14,5,3,0,4,5,27
22200432,1610612744,Warriors,GSW,Golden State,Starters,161:25,29,66,0.439,13,29,0.448,8,9,0.889,6,19,25,22,7,3,10,13,79
22200432,1610612755,76ers,PHI,Philadelphia,Starters,158:21,30,60,0.5,11,25,0.44,17,21,0.81,9,26,35,20,7,3,12,9,88
22200432,1610612744,GSW,Golden State,warriors,Bench,78:35,10,28,0.357,4,14,0.286,3,4,0.75,7,16,23,9,1,3,7,8,27
22200432,1610612755,PHI,Philadelphia,sixers,Bench,81:39,9,25,0.36,4,13,0.308,8,10,0.8,2,12,14,3,4,2,3,4,30
22200433,1610612751,Nets,BKN,Brooklyn,Starters,163:04,33,53,0.623,5,16,0.313,14,19,0.737,4,25,29,16,3,6,13,16,85
22200433,1610612761,Raptors,TOR,Toronto,Starters,182:02,33,66,0.5,6,16,0.375,22,25,0.88,5,19,24,15,3,1,6,15,94
22200433,1610612751,BKN,Brooklyn,nets,Bench,76:55,13,23,0.565,4,10,0.4,4,4,1.0,0,8,8,6,2,0,1,9,34
22200433,1610612761,TOR,Toronto,raptors,Bench,57:58,8,18,0.444,3,8,0.375,3,4,0.75,2,6,8,2,2,0,2,4,22
22200430,1610612738,Celtics,BOS,Boston,Starters,150:36,22,55,0.4,9,32,0.281,23,28,0.821,5,16,21,16,5,9,12,11,76
22200430,1610612753,Magic,ORL,Orlando,Starters,141:47,26,59,0.441,5,18,0.278,23,26,0.885,10,19,29,12,4,1,14,16,80
22200430,1610612738,BOS,Boston,celtics,Bench,89:24,13,29,0.448,2,14,0.143,5,6,0.833,5,12,17,1,4,3,2,10,33
22200430,1610612753,ORL,Orlando,magic,Bench,98:13,16,32,0.5,4,15,0.267,1,2,0.5,5,19,24,7,3,0,3,10,37
22200435,1610612750,Timberwolves,MIN,Minnesota,Starters,165:24,33,61,0.541,11,19,0.579,10,20,0.5,7,27,34,14,14,4,11,14,87
22200435,1610612760,Thunder,OKC,Oklahoma City,Starters,147:48,25,56,0.446,6,22,0.273,15,19,0.789,5,24,29,21,2,3,17,10,71
22200435,1610612750,MIN,Minnesota,timberwolves,Bench,74:37,10,26,0.385,1,6,0.167,4,5,0.8,4,5,9,9,2,2,5,4,25
22200435,1610612760,OKC,Oklahoma City,thunder,Bench,92:13,16,32,0.5,5,15,0.333,2,2,1.0,4,12,16,8,5,1,5,11,39
22200403,1610612751,Nets,BKN,Brooklyn,Starters,140:41,32,56,0.571,7,19,0.368,13,14,0.929,3,27,30,17,4,6,6,9,84
22200403,1610612764,Wizards,WAS,Washington,Starters,161:12,25,56,0.446,7,22,0.318,11,16,0.688,4,21,25,13,5,2,14,10,68
22200403,1610612751,BKN,Brooklyn,nets,Bench,99:20,12,33,0.364,1,8,0.125,3,4,0.75,4,7,11,8,4,1,5,11,28
22200403,1610612764,WAS,Washington,wizards,Bench,78:48,12,23,0.522,4,9,0.444,4,6,0.667,2,17,19,8,1,0,5,6,32
22200406,1610612739,Cavaliers,CLE,Cleveland,Starters,174:13,33,69,0.478,3,13,0.231,10,11,0.909,13,22,35,17,2,4,11,9,79
22200406,1610612759,Spurs,SAS,San Antonio,Starters,129:21,23,55,0.418,2,10,0.2,9,12,0.75,12,14,26,15,3,2,8,11,57
22200406,1610612739,CLE,Cleveland,cavaliers,Bench,65:47,12,23,0.522,2,10,0.2,6,6,1.0,2,7,9,4,5,3,4,4,32
22200406,1610612759,SAS,San Antonio,spurs,Bench,110:39,23,42,0.548,7,17,0.412,2,4,0.5,7,13,20,10,3,0,4,8,55
22200398,1610612753,Magic,ORL,Orlando,Starters,139:11,19,45,0.422,7,17,0.412,17,22,0.773,8,16,24,16,1,5,12,14,62
22200398,1610612761,Raptors,TOR,Toronto,Starters,171:07,22,59,0.373,6,22,0.273,26,31,0.839,2,14,16,15,8,3,7,17,76
22200398,1610612753,ORL,Orlando,magic,Bench,100:49,17,32,0.531,7,14,0.5,8,9,0.889,3,15,18,9,2,2,2,14,49
22200398,1610612761,TOR,Toronto,raptors,Bench,68:53,8,16,0.5,0,3,0.0,7,7,1.0,5,7,12,3,1,4,2,8,23
22200399,1610612755,76ers,PHI,Philadelphia,Starters,166:17,37,67,0.552,11,24,0.458,19,20,0.95,6,25,31,23,5,5,10,12,104
22200399,1610612766,Hornets,CHA,Charlotte,Starters,162:24,31,73,0.425,9,24,0.375,13,16,0.813,10,22,32,18,8,2,12,21,84
22200399,1610612755,PHI,Philadelphia,sixers,Bench,73:43,9,16,0.563,2,3,0.667,7,12,0.583,3,7,10,8,1,1,5,12,27
22200399,1610612766,CHA,Charlotte,hornets,Bench,77:36,7,20,0.35,2,6,0.333,13,14,0.929,5,8,13,3,4,1,3,3,29
22200400,1610612737,Hawks,ATL,Atlanta,Starters,173:28,29,63,0.46,6,23,0.261,10,13,0.769,5,19,24,21,1,4,8,12,74
22200400,1610612741,Bulls,CHI,Chicago,Starters,160:16,30,63,0.476,2,11,0.182,16,18,0.889,7,26,33,16,3,2,11,8,78
22200400,1610612737,ATL,Atlanta,hawks,Bench,91:32,18,35,0.514,7,16,0.438,6,8,0.75,3,18,21,7,2,2,6,10,49
22200400,1610612741,CHI,Chicago,bulls,Bench,104:46,18,37,0.486,5,16,0.313,3,5,0.6,6,14,20,12,8,4,7,13,44
22200397,1610612752,Knicks,NYK,New York,Starters,160:05,32,68,0.471,6,23,0.261,21,23,0.913,9,26,35,15,6,4,12,15,91
22200397,1610612758,Kings,SAC,Sacramento,Starters,172:43,26,56,0.464,7,24,0.292,18,30,0.6,7,22,29,14,3,0,10,13,77
22200397,1610612752,NYK,New York,knicks,Bench,79:55,8,21,0.381,2,12,0.167,3,4,0.75,6,14,20,4,2,0,2,7,21
22200397,1610612758,SAC,Sacramento,kings,Bench,67:18,7,27,0.259,3,15,0.2,5,5,1.0,4,8,12,6,4,0,6,8,22
22200377,1610612752,Knicks,NYK,New York,Starters,156:03,28,67,0.418,7,21,0.333,24,28,0.857,10,24,34,17,4,5,6,13,87
22200377,1610612766,Hornets,CHA,Charlotte,Starters,142:36,29,63,0.46,5,20,0.25,10,15,0.667,7,21,28,12,4,3,8,15,73
22200377,1610612752,NYK,New York,knicks,Bench,83:57,13,26,0.5,6,13,0.462,2,2,1.0,6,8,14,8,2,2,5,8,34
22200377,1610612766,CHA,Charlotte,hornets,Bench,97:24,8,21,0.381,1,6,0.167,12,13,0.923,5,12,17,4,4,3,4,11,29
22200369,1610612749,Bucks,MIL,Milwaukee,Starters,159:22,39,75,0.52,10,22,0.455,19,21,0.905,11,21,32,26,2,1,5,12,107
22200369,1610612758,Kings,SAC,Sacramento,Starters,161:04,31,57,0.544,10,25,0.4,14,15,0.933,6,18,24,15,2,3,5,12,86
22200369,1610612749,MIL,Milwaukee,bucks,Bench,80:38,7,21,0.333,4,11,0.364,1,3,0.333,6,12,18,8,1,1,2,3,19
22200369,1610612758,SAC,Sacramento,kings,Bench,78:57,12,34,0.353,2,13,0.154,1,1,1.0,2,14,16,4,0,1,3,5,27
22200372,1610612744,Warriors,GSW,Golden State,Starters,142:22,26,66,0.394,9,29,0.31,15,16,0.938,8,14,22,15,1,4,9,11,76
22200372,1610612762,Jazz,UTA,Utah,Starters,152:44,30,60,0.5,8,22,0.364,14,16,0.875,5,17,22,19,2,5,13,12,82
22200372,1610612744,GSW,Golden State,warriors,Bench,97:40,19,32,0.594,5,13,0.385,4,9,0.444,6,14,20,11,7,1,5,7,47
22200372,1610612762,UTA,Utah,jazz,Bench,87:16,16,26,0.615,7,13,0.538,3,5,0.6,4,14,18,7,4,2,4,5,42
22200365,1610612737,Hawks,ATL,Atlanta,Starters,98:08,20,42,0.476,2,13,0.154,7,9,0.778,8,12,20,9,1,1,5,11,49
22200365,1610612752,Knicks,NYK,New York,Starters,152:28,28,61,0.459,13,27,0.481,19,21,0.905,11,31,42,15,4,2,10,13,88
22200365,1610612737,ATL,Atlanta,hawks,Bench,141:53,12,43,0.279,4,23,0.174,12,15,0.8,3,16,19,7,3,5,6,6,40
22200365,1610612752,NYK,New York,knicks,Bench,87:32,9,22,0.409,4,9,0.444,3,3,1.0,2,11,13,11,2,0,4,10,25
22200370,1610612750,Timberwolves,MIN,Minnesota,Starters,153:08,31,64,0.484,7,16,0.438,20,22,0.909,7,29,36,14,12,2,15,13,89
22200370,1610612754,Pacers,IND,Indiana,Starters,171:23,32,58,0.552,18,36,0.5,9,10,0.9,3,18,21,19,7,4,13,12,91
22200370,1610612750,MIN,Minnesota,timberwolves,Bench,86:52,13,29,0.448,1,7,0.143,5,5,1.0,9,6,15,11,3,0,6,8,32
22200370,1610612754,IND,Indiana,pacers,Bench,68:37,7,23,0.304,1,6,0.167,9,14,0.643,1,9,10,3,3,0,6,5,24
22200345,1610612756,Suns,PHX,Phoenix,Starters,124:58,32,57,0.561,13,20,0.65,10,11,0.909,5,14,19,22,0,0,6,11,87
22200345,1610612759,Spurs,SAS,San Antonio,Starters,141:01,27,59,0.458,5,19,0.263,8,10,0.8,6,15,21,14,3,1,10,11,67
22200345,1610612756,PHX,Phoenix,suns,Bench,115:02,17,37,0.459,6,17,0.353,6,9,0.667,9,17,26,16,5,0,5,7,46
22200345,1610612759,SAS,San Antonio,spurs,Bench,98:59,11,28,0.393,1,12,0.083,5,8,0.625,6,13,19,5,2,2,9,13,28
22200344,1610612740,Pelicans,NOP,New Orleans,Starters,134:10,23,48,0.479,1,7,0.143,12,16,0.75,1,15,16,13,5,2,6,10,59
22200344,1610612743,Nuggets,DEN,Denver,Starters,175:07,34,63,0.54,6,22,0.273,14,19,0.737,6,29,35,18,4,3,14,14,88
22200344,1610612740,NOP,New Orleans,pelicans,Bench,105:50,18,33,0.545,10,19,0.526,16,20,0.8,5,15,20,16,5,3,4,12,62
22200344,1610612743,DEN,Denver,nuggets,Bench,64:53,7,18,0.389,2,9,0.222,2,5,0.4,3,5,8,6,1,2,5,8,18
22200350,1610612741,Bulls,CHI,Chicago,Starters,170:46,30,68,0.441,6,17,0.353,15,16,0.938,5,23,28,11,8,5,9,9,81
22200350,1610612758,Kings,SAC,Sacramento,Starters,161:32,22,53,0.415,10,30,0.333,13,14,0.929,5,29,34,17,4,1,11,8,67
22200350,1610612741,CHI,Chicago,bulls,Bench,69:14,8,18,0.444,3,8,0.375,1,3,0.333,2,9,11,6,1,0,7,7,20
22200350,1610612758,SAC,Sacramento,kings,Bench,78:28,18,33,0.545,3,13,0.231,4,5,0.8,0,12,12,13,6,1,7,9,43
22200346,1610612738,Celtics,BOS,Boston,Starters,167:59,26,58,0.448,12,28,0.429,15,17,0.882,5,29,34,8,10,8,13,13,79
22200346,1610612751,Nets,BKN,Brooklyn,Starters,195:28,31,72,0.431,7,23,0.304,8,14,0.571,9,30,39,15,6,6,14,14,77
22200346,1610612738,BOS,Boston,celtics,Bench,72:01,9,23,0.391,3,10,0.3,3,3,1.0,3,11,14,10,1,1,2,6,24
22200346,1610612751,BKN,Brooklyn,nets,Bench,44:34,3,12,0.25,2,3,0.667,7,8,0.875,2,4,6,2,0,1,0,4,15
22200349,1610612747,Lakers,LAL,Los Angeles,Starters,151:06,43,75,0.573,8,19,0.421,15,17,0.882,6,27,33,17,5,4,9,7,109
22200349,1610612764,Wizards,WAS,Washington,Starters,125:27,31,72,0.431,5,27,0.185,9,12,0.75,5,21,26,12,7,3,9,12,76
22200349,1610612747,LAL,Los Angeles,lakers,Bench,88:54,9,21,0.429,2,7,0.286,1,5,0.2,3,15,18,17,0,1,6,7,21
22200349,1610612764,WAS,Washington,wizards,Bench,114:33,18,33,0.545,5,12,0.417,2,3,0.667,6,12,18,12,3,5,1,11,43
22200342,1610612744,Warriors,GSW,Golden State,Starters,154:58,36,64,0.563,22,40,0.55,5,10,0.5,4,24,28,25,5,4,9,10,99
22200342,1610612745,Rockets,HOU,Houston,Starters,133:46,26,62,0.419,1,19,0.053,11,11,1.0,7,13,20,9,3,1,10,9,64
22200342,1610612744,GSW,Golden State,warriors,Bench,85:02,9,21,0.429,3,12,0.25,0,0,0.0,2,5,7,9,3,1,4,14,21
22200342,1610612745,HOU,Houston,rockets,Bench,106:14,14,29,0.483,2,9,0.222,7,9,0.778,7,18,25,8,3,3,5,5,37
22200339,1610612749,Bucks,MIL,Milwaukee,Starters,147:51,27,57,0.474,8,21,0.381,10,13,0.769,6,22,28,18,3,6,13,10,72
22200339,1610612766,Hornets,CHA,Charlotte,Starters,171:10,28,72,0.389,4,20,0.2,20,22,0.909,5,26,31,14,8,4,11,18,80
22200339,1610612749,MIL,Milwaukee,bucks,Bench,92:08,12,26,0.462,4,11,0.364,5,6,0.833,2,17,19,6,2,2,8,7,33
22200339,1610612766,CHA,Charlotte,hornets,Bench,68:50,6,15,0.4,1,4,0.25,3,4,0.75,4,9,13,1,1,0,3,1,16
22200341,1610612750,Timberwolves,MIN,Minnesota,Starters,117:19,30,51,0.588,7,18,0.389,9,13,0.692,4,7,11,11,8,1,13,12,76
22200341,1610612760,Thunder,OKC,Oklahoma City,Starters,148:26,34,66,0.515,7,19,0.368,23,26,0.885,11,21,32,19,8,3,17,12,98
22200341,1610612750,MIN,Minnesota,timberwolves,Bench,122:42,17,38,0.447,3,12,0.25,15,17,0.882,8,25,33,14,5,9,10,11,52
22200341,1610612760,OKC,Oklahoma City,thunder,Bench,91:35,14,27,0.519,4,7,0.571,5,9,0.556,2,8,10,7,3,2,4,6,37
22200338,1610612746,Clippers,LAC,LA,Starters,134:21,15,47,0.319,3,13,0.231,8,12,0.667,10,17,27,5,2,0,7,14,41
22200338,1610612758,Kings,SAC,Sacramento,Starters,138:01,31,52,0.596,8,20,0.4,13,21,0.619,4,21,25,17,4,3,6,10,83
22200338,1610612746,LAC,LA,clippers,Bench,105:39,18,46,0.391,6,20,0.3,13,14,0.929,7,16,23,10,2,3,10,9,55
22200338,1610612758,SAC,Sacramento,kings,Bench,101:59,15,37,0.405,3,12,0.25,7,9,0.778,4,17,21,14,3,3,3,12,40
22200340,1610612753,Magic,ORL,Orlando,Starters,117:44,18,39,0.462,2,10,0.2,10,15,0.667,3,13,16,9,6,2,14,9,48
22200340,1610612761,Raptors,TOR,Toronto,Starters,151:42,36,58,0.621,6,18,0.333,16,21,0.762,9,22,31,25,11,2,8,12,94
22200340,1610612753,ORL,Orlando,magic,Bench,122:16,20,39,0.513,9,18,0.5,11,11,1.0,2,11,13,14,3,0,1,11,60
22200340,1610612761,TOR,Toronto,raptors,Bench,88:18,11,26,0.423,3,11,0.273,2,4,0.5,3,9,12,6,1,2,8,12,27
22200343,1610612757,Trail Blazers,POR,Portland,Starters,191:56,36,66,0.545,9,19,0.474,23,30,0.767,10,27,37,19,4,5,12,13,104
22200343,1610612762,Jazz,UTA,Utah,Starters,169:12,31,63,0.492,12,26,0.462,21,24,0.875,6,24,30,15,7,1,11,14,95
22200343,1610612757,POR,Portland,blazers,Bench,48:04,5,19,0.263,1,6,0.167,1,1,1.0,2,10,12,0,1,1,1,7,12
22200343,1610612762,UTA,Utah,jazz,Bench,70:48,7,21,0.333,1,10,0.1,1,4,0.25,4,10,14,5,1,3,2,8,16
22200337,1610612742,Mavericks,DAL,Dallas,Starters,135:35,30,65,0.462,16,37,0.432,8,10,0.8,10,26,36,19,3,4,8,8,84
22200337,1610612752,Knicks,NYK,New York,Starters,130:07,22,44,0.5,7,17,0.412,10,14,0.714,4,17,21,10,3,1,9,10,61
22200337,1610612742,DAL,Dallas,mavericks,Bench,104:24,13,35,0.371,8,24,0.333,3,4,0.75,4,10,14,8,4,1,3,12,37
22200337,1610612752,NYK,New York,knicks,Bench,109:53,13,33,0.394,3,14,0.214,10,14,0.714,3,21,24,8,4,0,10,7,39
22200330,1610612739,Cavaliers,CLE,Cleveland,Starters,137:26,30,57,0.526,12,23,0.522,7,7,1.0,5,13,18,12,4,3,9,8,79
22200330,1610612753,Magic,ORL,Orlando,Starters,164:12,29,58,0.5,4,12,0.333,5,9,0.556,11,18,29,15,3,3,15,8,67
22200330,1610612739,CLE,Cleveland,cavaliers,Bench,102:34,11,27,0.407,4,19,0.211,2,2,1.0,0,15,15,10,3,2,3,6,28
22200330,1610612753,ORL,Orlando,magic,Bench,75:48,11,23,0.478,4,11,0.364,3,3,1.0,0,11,11,4,3,1,2,5,29
22200334,1610612745,Rockets,HOU,Houston,Starters,152:53,25,58,0.431,7,22,0.318,28,36,0.778,5,14,19,12,7,2,14,8,85
22200334,1610612756,Suns,PHX,Phoenix,Starters,158:39,36,65,0.554,12,24,0.5,10,15,0.667,4,19,23,26,6,3,16,15,94
22200334,1610612745,HOU,Houston,rockets,Bench,87:07,15,23,0.652,1,2,0.5,6,7,0.857,8,14,22,7,5,0,2,14,37
22200334,1610612756,PHX,Phoenix,suns,Bench,81:21,9,20,0.45,5,13,0.385,4,4,1.0,5,9,14,4,3,2,1,13,27
22200336,1610612741,Bulls,CHI,Chicago,Starters,154:21,27,61,0.443,5,18,0.278,16,22,0.727,2,26,28,18,7,1,7,15,75
22200336,1610612744,Warriors,GSW,Golden State,Starters,163:25,27,58,0.466,11,30,0.367,12,17,0.706,6,33,39,26,1,5,13,12,77
22200336,1610612741,CHI,Chicago,bulls,Bench,85:39,16,32,0.5,4,9,0.444,0,2,0.0,4,12,16,10,0,0,5,13,36
22200336,1610612744,GSW,Golden State,warriors,Bench,76:35,15,29,0.517,9,20,0.45,3,6,0.5,1,10,11,6,1,0,6,7,42
22200332,1610612755,76ers,PHI,Philadelphia,Starters,173:32,32,70,0.457,11,23,0.478,14,15,0.933,6,28,34,20,4,5,9,16,89
22200332,1610612763,Grizzlies,MEM,Memphis,Starters,162:50,30,75,0.4,7,20,0.35,17,21,0.81,15,28,43,13,6,7,10,14,84
22200332,1610612755,PHI,Philadelphia,sixers,Bench,66:28,8,21,0.381,3,10,0.3,1,2,0.5,4,4,8,3,3,0,4,5,20
22200332,1610612763,MEM,Memphis,grizzlies,Bench,77:10,12,22,0.545,4,10,0.4,5,7,0.714,4,10,14,9,2,4,2,4,33
22200333,1610612740,Pelicans,NOP,New Orleans,Starters,156:07,27,58,0.466,7,24,0.292,16,17,0.941,7,31,38,19,4,3,7,8,77
22200333,1610612759,Spurs,SAS,San Antonio,Starters,160:09,25,73,0.342,9,31,0.29,7,9,0.778,4,21,25,20,2,1,7,14,66
22200333,1610612740,NOP,New Orleans,pelicans,Bench,83:53,13,34,0.382,5,18,0.278,9,9,1.0,3,12,15,6,5,2,2,10,40
22200333,1610612759,SAS,San Antonio,spurs,Bench,79:51,13,25,0.52,2,8,0.25,5,7,0.714,6,18,24,6,2,3,5,9,33
22200326,1610612764,Wizards,WAS,Washington,Starters,143:33,27,60,0.45,6,22,0.273,20,23,0.87,7,21,28,19,2,2,11,10,80
22200326,1610612766,Hornets,CHA,Charlotte,Starters,177:14,31,76,0.408,10,25,0.4,22,26,0.846,12,18,30,19,5,2,3,17,94
22200326,1610612764,WAS,Washington,wizards,Bench,96:27,12,26,0.462,6,11,0.545,6,12,0.5,11,17,28,4,1,7,3,13,36
22200326,1610612766,CHA,Charlotte,hornets,Bench,62:46,9,19,0.474,2,4,0.5,3,5,0.6,7,8,15,6,1,1,1,7,23
22200327,1610612737,Hawks,ATL,Atlanta,Starters,166:15,38,66,0.576,7,17,0.412,7,12,0.583,10,24,34,17,6,2,5,9,90
22200327,1610612743,Nuggets,DEN,Denver,Starters,163:49,31,58,0.534,7,21,0.333,5,9,0.556,5,17,22,21,6,0,10,9,74
22200327,1610612737,ATL,Atlanta,hawks,Bench,73:46,11,22,0.5,3,11,0.273,2,2,1.0,2,7,9,7,1,1,7,5,27
22200327,1610612743,DEN,Denver,nuggets,Bench,76:11,14,27,0.519,5,11,0.455,2,4,0.5,4,7,11,10,2,0,5,3,35
22200328,1610612738,Celtics,BOS,Boston,Starters,190:49,30,68,0.441,9,34,0.265,18,24,0.75,6,33,39,23,3,1,18,15,87
22200328,1610612748,Heat,MIA,Miami,Starters,177:33,44,80,0.55,9,20,0.45,12,16,0.75,9,24,33,13,5,2,14,14,109
22200328,1610612738,BOS,Boston,celtics,Bench,74:12,10,19,0.526,6,11,0.545,3,4,0.75,1,8,9,3,3,1,2,3,29
22200328,1610612748,MIA,Miami,heat,Bench,87:27,4,21,0.19,2,15,0.133,1,2,0.5,3,14,17,6,6,1,2,10,11
22200329,1610612751,Nets,BKN,Brooklyn,Starters,165:52,33,53,0.623,10,21,0.476,11,17,0.647,4,32,36,21,3,5,10,19,87
22200329,1610612761,Raptors,TOR,Toronto,Starters,171:10,27,65,0.415,3,15,0.2,20,28,0.714,10,22,32,14,5,1,10,15,77
22200329,1610612751,BKN,Brooklyn,nets,Bench,74:08,11,29,0.379,1,11,0.091,4,5,0.8,3,2,5,6,4,0,8,8,27
22200329,1610612761,TOR,Toronto,raptors,Bench,68:51,11,22,0.5,4,9,0.444,2,2,1.0,1,10,11,2,2,1,3,4,28
22200325,1610612742,Mavericks,DAL,Dallas,Starters,158:24,27,55,0.491,15,33,0.455,7,18,0.389,2,11,13,20,6,3,9,13,76
22200325,1610612765,Pistons,DET,Detroit,Starters,151:49,33,51,0.647,11,18,0.611,9,12,0.75,7,26,33,17,3,0,7,14,86
22200325,1610612742,DAL,Dallas,mavericks,Bench,106:36,19,31,0.613,4,13,0.308,7,11,0.636,2,15,17,5,2,4,4,11,49
22200325,1610612765,DET,Detroit,pistons,Bench,113:11,18,43,0.419,4,17,0.235,5,12,0.417,6,13,19,12,6,0,6,12,45
22200546,1610612748,Heat,MIA,Miami,Starters,144:33,31,56,0.554,7,21,0.333,16,20,0.8,6,17,23,21,7,0,9,20,85
22200546,1610612762,Jazz,UTA,Utah,Starters,152:27,20,49,0.408,8,25,0.32,30,37,0.811,9,23,32,18,4,0,14,14,78
22200546,1610612748,MIA,Miami,heat,Bench,95:27,14,33,0.424,6,18,0.333,7,10,0.7,4,10,14,11,3,1,3,12,41
22200546,1610612762,UTA,Utah,jazz,Bench,87:33,15,32,0.469,9,15,0.6,6,7,0.857,7,10,17,5,2,3,2,9,45
22200525,1610612738,Celtics,BOS,Boston,Starters,174:32,38,80,0.475,9,33,0.273,13,18,0.722,5,25,30,18,2,6,9,12,98
22200525,1610612746,Clippers,LAC,LA,Starters,163:21,35,69,0.507,10,28,0.357,3,6,0.5,6,27,33,16,4,3,10,14,83
22200525,1610612738,BOS,Boston,celtics,Bench,65:28,6,11,0.545,2,6,0.333,4,4,1.0,6,13,19,4,1,1,2,5,18
22200525,1610612746,LAC,LA,clippers,Bench,76:39,8,20,0.4,5,11,0.455,6,8,0.75,2,6,8,10,0,1,2,6,27
22200437,1610612743,Nuggets,DEN,Denver,Starters,168:10,30,56,0.536,7,16,0.438,18,24,0.75,4,21,25,20,7,3,16,10,85
22200437,1610612747,Lakers,LAL,Los Angeles,Starters,124:29,27,52,0.519,7,19,0.368,7,8,0.875,2,17,19,15,5,1,7,11,68
22200437,1610612743,DEN,Denver,nuggets,Bench,71:50,9,25,0.36,2,11,0.182,3,4,0.75,5,9,14,5,0,1,3,7,23
22200437,1610612747,LAL,Los Angeles,lakers,Bench,115:31,21,39,0.538,5,14,0.357,11,16,0.688,9,17,26,14,6,3,7,10,58
22200428,1610612737,Hawks,ATL,Atlanta,Starters,141:21,25,46,0.543,9,18,0.5,24,29,0.828,2,22,24,15,2,3,11,9,83
22200428,1610612766,Hornets,CHA,Charlotte,Starters,131:22,23,50,0.46,10,25,0.4,5,8,0.625,4,9,13,21,7,2,9,15,61
22200428,1610612737,ATL,Atlanta,hawks,Bench,98:39,16,29,0.552,6,11,0.545,4,5,0.8,2,15,17,10,1,2,1,13,42
22200428,1610612766,CHA,Charlotte,hornets,Bench,108:38,16,48,0.333,5,18,0.278,8,11,0.727,11,19,30,5,1,3,3,10,45
22200436,1610612742,Mavericks,DAL,Dallas,Starters,120:37,25,42,0.595,12,24,0.5,12,14,0.857,1,13,14,18,4,1,7,11,74
22200436,1610612757,Trail Blazers,POR,Portland,Starters,112:38,20,44,0.455,6,18,0.333,14,18,0.778,4,9,13,9,1,0,7,11,60
22200436,1610612742,DAL,Dallas,mavericks,Bench,119:23,20,39,0.513,6,19,0.316,10,12,0.833,2,24,26,7,0,4,5,8,56
22200436,1610612757,POR,Portland,blazers,Bench,127:22,19,45,0.422,7,19,0.368,5,7,0.714,6,23,29,12,3,2,5,11,50
22200362,1610612742,Mavericks,DAL,Dallas,Starters,155:10,25,53,0.472,16,29,0.552,25,29,0.862,3,20,23,25,8,2,12,18,91
22200362,1610612743,Nuggets,DEN,Denver,Starters,155:45,27,53,0.509,6,18,0.333,21,26,0.808,5,21,26,22,6,2,10,16,81
22200362,1610612742,DAL,Dallas,mavericks,Bench,84:50,11,19,0.579,1,7,0.143,2,2,1.0,1,11,12,2,2,2,3,14,25
22200362,1610612743,DEN,Denver,nuggets,Bench,84:15,13,25,0.52,7,14,0.5,1,2,0.5,3,7,10,8,2,2,7,12,34
22200348,1610612739,Cavaliers,CLE,Cleveland,Starters,156:00,21,59,0.356,5,23,0.217,12,16,0.75,8,16,24,11,3,6,8,6,59
22200348,1610612752,Knicks,NYK,New York,Starters,172:47,23,58,0.397,5,22,0.227,14,17,0.824,7,29,36,10,6,3,15,9,65
22200348,1610612739,CLE,Cleveland,cavaliers,Bench,84:00,8,24,0.333,3,12,0.25,3,4,0.75,0,15,15,6,4,0,9,9,22
22200348,1610612752,NYK,New York,knicks,Bench,67:13,12,28,0.429,0,7,0.0,3,4,0.75,7,11,18,7,0,0,5,7,27
22200335,1610612754,Pacers,IND,Indiana,Starters,137:13,22,54,0.407,9,27,0.333,12,13,0.923,4,13,17,16,6,3,14,15,65
22200335,1610612762,Jazz,UTA,Utah,Starters,131:54,25,46,0.543,7,15,0.467,22,25,0.88,3,21,24,14,5,0,16,15,79
22200335,1610612754,IND,Indiana,pacers,Bench,102:47,18,38,0.474,3,7,0.429,15,20,0.75,5,13,18,9,6,2,4,20,54
22200335,1610612762,UTA,Utah,jazz,Bench,108:06,21,37,0.568,8,19,0.421,10,12,0.833,5,18,23,15,2,2,8,13,60
22200331,1610612747,Lakers,LAL,Los Angeles,Starters,158:05,41,74,0.554,9,19,0.474,11,13,0.846,5,23,28,17,5,4,2,9,102
22200331,1610612749,Bucks,MIL,Milwaukee,Starters,160:46,40,67,0.597,14,28,0.5,12,15,0.8,5,22,27,23,1,4,7,10,106
22200331,1610612747,LAL,Los Angeles,lakers,Bench,81:55,11,22,0.5,2,7,0.286,7,11,0.636,7,9,16,15,1,0,2,7,31
22200331,1610612749,MIL,Milwaukee,bucks,Bench,79:14,10,27,0.37,3,15,0.2,0,0,0.0,5,10,15,6,1,1,2,8,23
