GROUP_SET,TEAM_ID,TEAM_ABBREVIATION,TEAM_NAME,VS_PLAYER_ID,VS_PLAYER_NAME,COURT_STATUS,GP,MIN,PLUS_MINUS,OFF_RATING,DEF_RATING,NET_RATING
On/Off Court,1610612737,ATL,Atlanta Hawks,1630180,"Bey, Saddiq",On,25,629.0,7.6,122.2,114.3,8.0
On/Off Court,1610612737,ATL,Atlanta Hawks,203992,"Bogdanović, Bogdan",On,54,1509.0,2.0,117.3,116.1,1.2
On/Off Court,1610612737,ATL,Atlanta Hawks,203991,"Capela, Clint",On,65,1730.0,-0.8,115.3,116.4,-1.1
On/Off Court,1610612737,ATL,Atlanta Hawks,1628381,"Collins, John",On,71,2130.0,-0.5,115.0,115.2,-0.2
On/Off Court,1610612737,ATL,Atlanta Hawks,1629633,"Culver, Jarrett",On,10,137.0,-6.7,108.5,114.1,-5.7
On/Off Court,1610612737,ATL,Atlanta Hawks,1628981,"Fernando, Bruno",On,8,41.0,-4.6,96.6,102.3,-5.6
On/Off Court,1610612737,ATL,Atlanta Hawks,1630235,"Forrest, Trent",On,23,277.0,-10.1,104.3,114.4,-10.1
On/Off Court,1610612737,ATL,Atlanta Hawks,1631100,"Griffin, AJ",On,72,1401.0,2.2,113.6,112.0,1.5
On/Off Court,1610612737,ATL,Atlanta Hawks,1628988,"Holiday, Aaron",On,63,845.0,1.0,110.8,110.0,0.9
On/Off Court,1610612737,ATL,Atlanta Hawks,203200,"Holiday, Justin",On,28,411.0,-7.7,103.9,111.9,-7.9
On/Off Court,1610612737,ATL,Atlanta Hawks,1629631,"Hunter, De'Andre",On,67,2126.0,-0.4,114.9,115.5,-0.6
On/Off Court,1610612737,ATL,Atlanta Hawks,1630552,"Johnson, Jalen",On,70,1042.0,-0.5,111.1,110.8,0.3
On/Off Court,1610612737,ATL,Atlanta Hawks,1626163,"Kaminsky, Frank",On,26,176.0,0.3,110.3,111.5,-1.2
On/Off Court,1610612737,ATL,Atlanta Hawks,1630249,"Krejčí, Vít",On,29,165.0,-0.9,107.7,109.5,-1.8
On/Off Court,1610612737,ATL,Atlanta Hawks,1631213,"Martin, Tyrese",On,16,66.0,0.7,106.7,104.4,2.3
On/Off Court,1610612737,ATL,Atlanta Hawks,1629726,"Mathews, Garrison",On,9,84.0,-2.3,113.5,116.4,-2.9
On/Off Court,1610612737,ATL,Atlanta Hawks,1627749,"Murray, Dejounte",On,74,2693.0,-1.1,114.3,115.4,-1.1
On/Off Court,1610612737,ATL,Atlanta Hawks,1630168,"Okongwu, Onyeka",On,80,1849.0,1.6,114.2,112.4,1.8
On/Off Court,1610612737,ATL,Atlanta Hawks,1631495,"Williams, Donovan",On,2,4.0,67.8,120.0,60.0,60.0
On/Off Court,1610612737,ATL,Atlanta Hawks,1629027,"Young, Trae",On,73,2541.0,1.9,115.9,114.6,1.3
On/Off Court,1610612738,BOS,Boston Celtics,1627763,"Brogdon, Malcolm",On,67,1744.0,5.0,114.4,109.3,5.1
On/Off Court,1610612738,BOS,Boston Celtics,1627759,"Brown, Jaylen",On,67,2405.0,5.1,116.6,111.2,5.4
On/Off Court,1610612738,BOS,Boston Celtics,1630551,"Champagnie, Justin",On,2,23.0,-4.1,116.7,128.9,-12.2
On/Off Court,1610612738,BOS,Boston Celtics,1631120,"Davison, JD",On,12,66.0,-4.4,102.9,108.7,-5.8
On/Off Court,1610612738,BOS,Boston Celtics,201933,"Griffin, Blake",On,41,569.0,8.9,116.5,106.6,9.9
On/Off Court,1610612738,BOS,Boston Celtics,1630573,"Hauser, Sam",On,80,1290.0,8.1,114.1,106.4,7.7
On/Off Court,1610612738,BOS,Boston Celtics,201143,"Horford, Al",On,63,1921.0,7.7,118.9,111.1,7.8
On/Off Court,1610612738,BOS,Boston Celtics,1628382,"Jackson, Justin",On,23,107.0,-31.7,83.0,111.3,-28.3
On/Off Court,1610612738,BOS,Boston Celtics,1629662,"Kabengele, Mfiondu",On,4,36.0,-6.6,108.3,115.3,-6.9
On/Off Court,1610612738,BOS,Boston Celtics,1628436,"Kornet, Luke",On,69,804.0,3.6,111.8,107.9,3.9
On/Off Court,1610612738,BOS,Boston Celtics,203488,"Muscala, Mike",On,20,323.0,7.6,117.4,109.7,7.6
On/Off Court,1610612738,BOS,Boston Celtics,1630202,"Pritchard, Payton",On,48,643.0,0.9,107.9,106.5,1.4
On/Off Court,1610612738,BOS,Boston Celtics,203935,"Smart, Marcus",On,61,1957.0,5.9,118.1,111.7,6.3
On/Off Court,1610612738,BOS,Boston Celtics,1628369,"Tatum, Jayson",On,74,2732.0,8.3,119.2,110.8,8.5
On/Off Court,1610612738,BOS,Boston Celtics,203943,"Vonleh, Noah",On,23,172.0,-3.6,111.8,113.2,-1.4
On/Off Court,1610612738,BOS,Boston Celtics,1628401,"White, Derrick",On,82,2319.0,10.1,118.2,107.2,11.0
On/Off Court,1610612738,BOS,Boston Celtics,1629057,"Williams III, Robert",On,35,824.0,10.1,116.3,105.0,11.4
On/Off Court,1610612738,BOS,Boston Celtics,1629684,"Williams, Grant",On,79,2045.0,4.8,114.9,109.0,5.9
On/Off Court,1610612739,CLE,Cleveland Cavaliers,1628386,"Allen, Jarrett",On,68,2220.0,7.5,116.5,108.8,7.7
On/Off Court,1610612739,CLE,Cleveland Cavaliers,1629603,"Diakite, Mamadi",On,22,176.0,-2.5,104.6,103.9,0.7
On/Off Court,1610612739,CLE,Cleveland Cavaliers,1629636,"Garland, Darius",On,69,2447.0,8.6,116.9,108.8,8.0
On/Off Court,1610612739,CLE,Cleveland Cavaliers,201980,"Green, Danny",On,8,95.0,-7.1,105.5,111.9,-6.4
On/Off Court,1610612739,CLE,Cleveland Cavaliers,1627747,"LeVert, Caris",On,74,2237.0,4.2,113.0,108.5,4.5
On/Off Court,1610612739,CLE,Cleveland Cavaliers,201577,"Lopez, Robin",On,37,298.0,-9.3,102.3,111.0,-8.7
On/Off Court,1610612739,CLE,Cleveland Cavaliers,201567,"Love, Kevin",On,41,821.0,4.9,112.5,108.5,4.0
On/Off Court,1610612739,CLE,Cleveland Cavaliers,1630241,"Merrill, Sam",On,5,59.0,-4.1,99.2,102.5,-3.3
On/Off Court,1610612739,CLE,Cleveland Cavaliers,1628378,"Mitchell, Donovan",On,68,2432.0,6.7,116.3,110.4,5.9
On/Off Court,1610612739,CLE,Cleveland Cavaliers,1630596,"Mobley, Evan",On,79,2715.0,6.0,115.5,109.0,6.5
On/Off Court,1610612739,CLE,Cleveland Cavaliers,1630600,"Mobley, Isaiah",On,12,84.0,17.7,105.9,86.1,19.8
On/Off Court,1610612739,CLE,Cleveland Cavaliers,203526,"Neto, Raul",On,48,505.0,1.0,111.2,109.8,1.4
On/Off Court,1610612739,CLE,Cleveland Cavaliers,1630171,"Okoro, Isaac",On,76,1653.0,3.7,114.5,109.0,5.4
On/Off Court,1610612739,CLE,Cleveland Cavaliers,1626224,"Osman, Cedi",On,77,1548.0,7.1,115.4,108.0,7.5
On/Off Court,1610612739,CLE,Cleveland Cavaliers,201937,"Rubio, Ricky",On,33,566.0,3.8,107.2,104.2,3.0
On/Off Court,1610612739,CLE,Cleveland Cavaliers,1630205,"Stevens, Lamar",On,62,1120.0,0.3,112.2,111.1,1.2
On/Off Court,1610612739,CLE,Cleveland Cavaliers,1629731,"Wade, Dean",On,44,892.0,5.8,109.7,103.2,6.5
On/Off Court,1610612739,CLE,Cleveland Cavaliers,1629685,"Windler, Dylan",On,3,10.0,-4.6,94.4,90.0,4.4
On/Off Court,1610612740,NOP,New Orleans Pelicans,1630631,"Alvarado, Jose",On,61,1310.0,3.8,112.1,108.4,3.7
On/Off Court,1610612740,NOP,New Orleans Pelicans,1630700,"Daniels, Dyson",On,59,1042.0,-0.3,107.1,106.7,0.4
On/Off Court,1610612740,NOP,New Orleans Pelicans,1628984,"Graham, Devonte'",On,53,811.0,1.6,109.4,108.1,1.3
On/Off Court,1610612740,NOP,New Orleans Pelicans,1629637,"Hayes, Jaxson",On,47,610.0,-5.5,103.4,108.8,-5.4
On/Off Court,1610612740,NOP,New Orleans Pelicans,1626195,"Hernangomez, Willy",On,38,458.0,2.0,108.5,106.8,1.7
On/Off Court,1610612740,NOP,New Orleans Pelicans,1627742,"Ingram, Brandon",On,45,1538.0,3.0,115.5,112.5,3.0
On/Off Court,1610612740,NOP,New Orleans Pelicans,1630529,"Jones, Herbert",On,66,1951.0,3.7,115.8,111.8,3.9
On/Off Court,1610612740,NOP,New Orleans Pelicans,1630184,"Lewis Jr., Kira",On,25,235.0,12.7,115.2,104.0,11.2
On/Off Court,1610612740,NOP,New Orleans Pelicans,1630230,"Marshall, Naji",On,77,1792.0,0.2,111.2,111.4,-0.1
On/Off Court,1610612740,NOP,New Orleans Pelicans,203468,"McCollum, CJ",On,75,2649.0,1.1,114.5,113.5,1.1
On/Off Court,1610612740,NOP,New Orleans Pelicans,1630530,"Murphy III, Trey",On,79,2448.0,0.7,113.3,112.8,0.5
On/Off Court,1610612740,NOP,New Orleans Pelicans,1626204,"Nance Jr., Larry",On,65,1381.0,6.4,114.1,107.4,6.7
On/Off Court,1610612740,NOP,New Orleans Pelicans,1626196,"Richardson, Josh",On,23,533.0,-2.3,105.7,107.6,-1.9
On/Off Court,1610612740,NOP,New Orleans Pelicans,1631220,"Seabron, Dereon",On,5,12.0,41.4,116.0,79.2,36.8
On/Off Court,1610612740,NOP,New Orleans Pelicans,202066,"Temple, Garrett",On,25,162.0,-5.0,100.3,105.5,-5.3
On/Off Court,1610612740,NOP,New Orleans Pelicans,202685,"Valančiūnas, Jonas",On,79,1968.0,-0.2,112.8,113.5,-0.7
On/Off Court,1610612740,NOP,New Orleans Pelicans,1629627,"Williamson, Zion",On,29,956.0,7.5,116.2,108.4,7.8
On/Off Court,1610612741,CHI,Chicago Bulls,201976,"Beverley, Patrick",On,22,605.0,0.8,112.1,110.6,1.6
On/Off Court,1610612741,CHI,Chicago Bulls,1628396,"Bradley, Tony",On,12,33.0,15.8,106.1,96.2,9.9
On/Off Court,1610612741,CHI,Chicago Bulls,1627936,"Caruso, Alex",On,67,1575.0,6.1,112.6,106.5,6.1
On/Off Court,1610612741,CHI,Chicago Bulls,201942,"DeRozan, DeMar",On,74,2682.0,1.2,112.2,110.7,1.5
On/Off Court,1610612741,CHI,Chicago Bulls,1630245,"Dosunmu, Ayo",On,80,2098.0,-1.8,108.8,110.1,-1.3
On/Off Court,1610612741,CHI,Chicago Bulls,201609,"Dragic, Goran",On,51,787.0,1.9,111.9,110.6,1.2
On/Off Court,1610612741,CHI,Chicago Bulls,203083,"Drummond, Andre",On,67,849.0,1.4,108.7,106.0,2.6
On/Off Court,1610612741,CHI,Chicago Bulls,1629750,"Green, Javonte",On,32,480.0,4.8,112.4,106.5,5.9
On/Off Court,1610612741,CHI,Chicago Bulls,1630792,"Hill, Malcolm",On,5,9.0,47.2,104.3,65.2,39.1
On/Off Court,1610612741,CHI,Chicago Bulls,1627884,"Jones Jr., Derrick",On,64,893.0,6.6,112.8,106.0,6.7
On/Off Court,1610612741,CHI,Chicago Bulls,1630637,"Jones, Carlik",On,7,56.0,22.3,114.0,93.3,20.7
On/Off Court,1610612741,CHI,Chicago Bulls,203897,"LaVine, Zach",On,77,2768.0,0.3,112.0,111.7,0.3
On/Off Court,1610612741,CHI,Chicago Bulls,1630250,"Simonovic, Marko",On,7,20.0,36.7,108.2,80.9,27.3
On/Off Court,1610612741,CHI,Chicago Bulls,1630678,"Taylor, Terry",On,5,36.0,44.3,125.7,80.0,45.7
On/Off Court,1610612741,CHI,Chicago Bulls,1631207,"Terry, Dalen",On,38,214.0,2.7,104.8,101.5,3.3
On/Off Court,1610612741,CHI,Chicago Bulls,202696,"Vučević, Nikola",On,82,2746.0,-0.3,112.3,112.8,-0.5
On/Off Court,1610612741,CHI,Chicago Bulls,1629632,"White, Coby",On,74,1730.0,4.0,114.0,110.1,4.0
On/Off Court,1610612741,CHI,Chicago Bulls,1630172,"Williams, Patrick",On,82,2323.0,-2.9,110.7,113.2,-2.4
On/Off Court,1610612742,DAL,Dallas Mavericks,202722,"Bertans, Davis",On,45,492.0,-3.6,110.6,114.8,-4.3
On/Off Court,1610612742,DAL,Dallas Mavericks,203493,"Bullock Jr., Reggie",On,78,2364.0,-1.8,114.7,116.5,-1.8
On/Off Court,1610612742,DAL,Dallas Mavericks,1630267,"Campazzo, Facundo",On,8,52.0,10.1,100.0,89.0,11.0
On/Off Court,1610612742,DAL,Dallas Mavericks,203915,"Dinwiddie, Spencer",On,53,1808.0,-2.0,113.7,115.8,-2.1
On/Off Court,1610612742,DAL,Dallas Mavericks,1629029,"Dončić, Luka",On,66,2390.0,2.6,118.1,116.0,2.1
On/Off Court,1610612742,DAL,Dallas Mavericks,1628416,"Dorsey, Tyler",On,3,8.0,11.6,88.2,81.3,7.0
On/Off Court,1610612742,DAL,Dallas Mavericks,1627827,"Finney-Smith, Dorian",On,40,1288.0,0.6,115.4,115.0,0.4
On/Off Court,1610612742,DAL,Dallas Mavericks,1630182,"Green, Josh",On,60,1539.0,2.4,115.3,112.8,2.5
On/Off Court,1610612742,DAL,Dallas Mavericks,203501,"Hardaway Jr., Tim",On,71,2152.0,3.6,117.9,114.5,3.4
On/Off Court,1610612742,DAL,Dallas Mavericks,1630702,"Hardy, Jaden",On,48,708.0,-2.2,112.5,115.6,-3.1
On/Off Court,1610612742,DAL,Dallas Mavericks,203200,"Holiday, Justin",On,18,295.0,-10.2,106.0,116.7,-10.7
On/Off Court,1610612742,DAL,Dallas Mavericks,202681,"Irving, Kyrie",On,20,763.0,6.0,121.4,115.7,5.8
On/Off Court,1610612742,DAL,Dallas Mavericks,1628467,"Kleber, Maxi",On,37,930.0,-2.2,110.7,113.6,-2.9
On/Off Court,1610612742,DAL,Dallas Mavericks,1630639,"Lawson, A.J.",On,14,107.0,-18.5,97.4,115.9,-18.4
On/Off Court,1610612742,DAL,Dallas Mavericks,201580,"McGee, JaVale",On,42,355.0,-7.7,106.1,113.4,-7.3
On/Off Court,1610612742,DAL,Dallas Mavericks,202693,"Morris, Markieff",On,8,70.0,-13.8,105.5,119.3,-13.7
On/Off Court,1610612742,DAL,Dallas Mavericks,1628373,"Ntilikina, Frank",On,47,608.0,2.8,113.5,108.4,5.1
On/Off Court,1610612742,DAL,Dallas Mavericks,1629033,"Pinson, Theo",On,40,323.0,-7.4,108.6,116.2,-7.6
On/Off Court,1610612742,DAL,Dallas Mavericks,203939,"Powell, Dwight",On,76,1458.0,5.5,119.4,113.2,6.2
On/Off Court,1610612742,DAL,Dallas Mavericks,1629735,"Silva, Chris",On,1,3.0,15.9,100.0,87.5,12.5
On/Off Court,1610612742,DAL,Dallas Mavericks,202689,"Walker, Kemba",On,9,144.0,-0.3,110.5,112.4,-1.9
On/Off Court,1610612742,DAL,Dallas Mavericks,1626174,"Wood, Christian",On,67,1738.0,-1.3,115.4,116.7,-1.3
On/Off Court,1610612742,DAL,Dallas Mavericks,1630593,"Wright IV, McKinley",On,27,335.0,-15.8,102.7,117.6,-14.9
On/Off Court,1610612743,DEN,Denver Nuggets,1631128,"Braun, Christian",On,76,1181.0,-4.6,107.0,111.3,-4.3
On/Off Court,1610612743,DEN,Denver Nuggets,1628971,"Brown, Bruce",On,80,2279.0,0.7,113.8,113.0,0.8
On/Off Court,1610612743,DEN,Denver Nuggets,1628418,"Bryant, Thomas",On,18,205.0,-13.3,96.0,111.0,-15.0
On/Off Court,1610612743,DEN,Denver Nuggets,203484,"Caldwell-Pope, Kentavious",On,76,2381.0,9.9,121.4,111.5,9.8
On/Off Court,1610612743,DEN,Denver Nuggets,203932,"Gordon, Aaron",On,68,2055.0,12.1,123.0,110.9,12.1
On/Off Court,1610612743,DEN,Denver Nuggets,201145,"Green, Jeff",On,56,1091.0,-8.5,107.1,115.0,-8.0
On/Off Court,1610612743,DEN,Denver Nuggets,1630538,"Hyland, Bones",On,42,820.0,-8.4,110.8,119.2,-8.4
On/Off Court,1610612743,DEN,Denver Nuggets,202704,"Jackson, Reggie",On,16,319.0,-7.8,107.6,114.7,-7.1
On/Off Court,1610612743,DEN,Denver Nuggets,203999,"Jokić, Nikola",On,69,2323.0,13.2,124.2,111.6,12.5
On/Off Court,1610612743,DEN,Denver Nuggets,201599,"Jordan, DeAndre",On,39,586.0,-9.7,107.0,115.4,-8.4
On/Off Court,1610612743,DEN,Denver Nuggets,1627750,"Murray, Jamal",On,65,2133.0,6.7,118.9,112.5,6.4
On/Off Court,1610612743,DEN,Denver Nuggets,1630192,"Nnaji, Zeke",On,53,728.0,-6.4,101.5,107.4,-5.9
On/Off Court,1610612743,DEN,Denver Nuggets,1629008,"Porter Jr., Michael",On,62,1798.0,11.2,122.6,112.2,10.4
On/Off Court,1610612743,DEN,Denver Nuggets,1628432,"Reed, Davon",On,35,315.0,-14.2,96.7,111.2,-14.5
On/Off Court,1610612743,DEN,Denver Nuggets,202397,"Smith, Ish",On,43,398.0,-4.3,102.3,107.5,-5.3
On/Off Court,1610612743,DEN,Denver Nuggets,1631212,"Watson, Peyton",On,23,186.0,-12.1,101.6,113.5,-12.0
On/Off Court,1610612743,DEN,Denver Nuggets,1631298,"White, Jack",On,17,66.0,-12.4,90.4,104.5,-14.1
On/Off Court,1610612743,DEN,Denver Nuggets,1628427,"Čančar, Vlatko",On,60,889.0,-3.6,109.1,113.1,-3.9
On/Off Court,1610612744,GSW,Golden State Warriors,1631116,"Baldwin Jr., Patrick",On,31,226.0,-10.8,100.8,113.2,-12.3
On/Off Court,1610612744,GSW,Golden State Warriors,201939,"Curry, Stephen",On,56,1941.0,6.6,118.1,112.4,5.8
On/Off Court,1610612744,GSW,Golden State Warriors,1628978,"DiVincenzo, Donte",On,72,1894.0,3.1,113.5,110.6,2.9
On/Off Court,1610612744,GSW,Golden State Warriors,203110,"Green, Draymond",On,73,2298.0,7.2,116.2,109.2,7.0
On/Off Court,1610612744,GSW,Golden State Warriors,203210,"Green, JaMychal",On,57,797.0,-9.4,108.3,116.4,-8.2
On/Off Court,1610612744,GSW,Golden State Warriors,2738,"Iguodala, Andre",On,8,113.0,14.9,116.7,104.7,12.0
On/Off Court,1610612744,GSW,Golden State Warriors,1629660,"Jerome, Ty",On,45,816.0,-5.4,110.7,116.3,-5.6
On/Off Court,1610612744,GSW,Golden State Warriors,1630228,"Kuminga, Jonathan",On,67,1394.0,-1.8,111.7,113.0,-1.4
On/Off Court,1610612744,GSW,Golden State Warriors,1630237,"Lamb, Anthony",On,62,1195.0,1.3,112.5,110.8,1.7
On/Off Court,1610612744,GSW,Golden State Warriors,1626172,"Looney, Kevon",On,82,1958.0,3.8,116.4,112.0,4.4
On/Off Court,1610612744,GSW,Golden State Warriors,1630541,"Moody, Moses",On,63,817.0,-0.4,110.7,111.3,-0.6
On/Off Court,1610612744,GSW,Golden State Warriors,1627780,"Payton II, Gary",On,7,112.0,6.4,120.3,113.0,7.3
On/Off Court,1610612744,GSW,Golden State Warriors,1629673,"Poole, Jordan",On,82,2458.0,-0.2,111.0,111.8,-0.8
On/Off Court,1610612744,GSW,Golden State Warriors,1631311,"Quinones, Lester",On,4,18.0,15.9,112.2,97.6,14.6
On/Off Court,1610612744,GSW,Golden State Warriors,1631157,"Rollins, Ryan",On,12,62.0,-36.3,73.2,111.3,-38.1
On/Off Court,1610612744,GSW,Golden State Warriors,202691,"Thompson, Klay",On,69,2279.0,3.4,115.4,112.6,2.9
On/Off Court,1610612744,GSW,Golden State Warriors,203952,"Wiggins, Andrew",On,37,1190.0,4.8,116.2,110.9,5.2
On/Off Court,1610612744,GSW,Golden State Warriors,1630164,"Wiseman, James",On,21,262.0,-19.6,103.9,123.2,-19.3
On/Off Court,1610612745,HOU,Houston Rockets,1630528,"Christopher, Josh",On,64,786.0,-13.7,105.4,119.3,-13.9
On/Off Court,1610612745,HOU,Houston Rockets,1630620,"Days, Darius",On,4,25.0,1.9,109.4,109.6,-0.2
On/Off Court,1610612745,HOU,Houston Rockets,1631106,"Eason, Tari",On,82,1767.0,-4.3,108.6,113.4,-4.8
On/Off Court,1610612745,HOU,Houston Rockets,1628981,"Fernando, Bruno",On,31,364.0,-9.4,106.1,115.3,-9.3
On/Off Court,1610612745,HOU,Houston Rockets,1630586,"Garuba, Usman",On,75,970.0,-12.5,103.3,115.5,-12.2
On/Off Court,1610612745,HOU,Houston Rockets,201569,"Gordon, Eric",On,47,1418.0,-7.0,107.9,115.6,-7.7
On/Off Court,1610612745,HOU,Houston Rockets,1630224,"Green, Jalen",On,76,2602.0,-8.2,111.2,120.0,-8.7
On/Off Court,1610612745,HOU,Houston Rockets,1631309,"Hudgins, Trevor",On,5,28.0,5.1,105.3,98.3,7.0
On/Off Court,1610612745,HOU,Houston Rockets,1626163,"Kaminsky, Frank",On,10,59.0,-4.1,106.5,110.6,-4.1
On/Off Court,1610612745,HOU,Houston Rockets,1626246,"Marjanović, Boban",On,31,171.0,18.5,114.6,96.1,18.5
On/Off Court,1610612745,HOU,Houston Rockets,1630231,"Martin, KJ",On,82,2292.0,-7.7,110.6,118.7,-8.0
On/Off Court,1610612745,HOU,Houston Rockets,1629726,"Mathews, Garrison",On,45,602.0,-6.6,101.6,108.5,-6.9
On/Off Court,1610612745,HOU,Houston Rockets,1630227,"Nix, Daishen",On,57,914.0,-7.9,106.2,114.4,-8.2
On/Off Court,1610612745,HOU,Houston Rockets,1629645,"Porter Jr., Kevin",On,59,2024.0,-8.1,111.2,119.5,-8.3
On/Off Court,1610612745,HOU,Houston Rockets,1630578,"Sengun, Alperen",On,75,2171.0,-6.3,112.5,120.3,-7.8
On/Off Court,1610612745,HOU,Houston Rockets,1631095,"Smith Jr., Jabari",On,79,2451.0,-10.9,109.1,120.4,-11.3
On/Off Court,1610612745,HOU,Houston Rockets,1630256,"Tate, Jae'Sean",On,31,677.0,-6.7,107.5,114.8,-7.3
On/Off Court,1610612745,HOU,Houston Rockets,1631102,"Washington Jr., TyTy",On,31,433.0,-5.2,104.9,111.0,-6.1
On/Off Court,1610612746,LAC,LA Clippers,201587,"Batum, Nicolas",On,78,1710.0,4.6,114.5,110.0,4.5
On/Off Court,1610612746,LAC,LA Clippers,1630527,"Boston, Brandon",On,22,248.0,-8.5,106.8,114.5,-7.7
On/Off Court,1610612746,LAC,LA Clippers,1629650,"Brown, Moses",On,34,288.0,5.5,113.0,108.5,4.5
On/Off Court,1610612746,LAC,LA Clippers,1629599,"Coffey, Amir",On,50,625.0,-8.8,104.2,113.1,-8.9
On/Off Court,1610612746,LAC,LA Clippers,203496,"Covington, Robert",On,48,779.0,-0.4,109.2,110.2,-1.0
On/Off Court,1610612746,LAC,LA Clippers,1631217,"Diabate, Moussa",On,22,195.0,-5.4,109.2,112.4,-3.2
On/Off Court,1610612746,LAC,LA Clippers,202331,"George, Paul",On,56,1939.0,3.9,116.5,112.5,4.0
On/Off Court,1610612746,LAC,LA Clippers,201569,"Gordon, Eric",On,22,547.0,-0.2,117.4,118.3,-0.9
On/Off Court,1610612746,LAC,LA Clippers,1630538,"Hyland, Bones",On,14,265.0,2.7,118.3,114.4,3.9
On/Off Court,1610612746,LAC,LA Clippers,202704,"Jackson, Reggie",On,52,1338.0,-1.0,110.0,111.0,-1.0
On/Off Court,1610612746,LAC,LA Clippers,1628379,"Kennard, Luke",On,35,725.0,6.2,111.7,105.9,5.7
On/Off Court,1610612746,LAC,LA Clippers,202695,"Leonard, Kawhi",On,52,1747.0,6.0,118.2,112.1,6.1
On/Off Court,1610612746,LAC,LA Clippers,1629611,"Mann, Terance",On,81,1872.0,0.1,113.7,113.5,0.3
On/Off Court,1610612746,LAC,LA Clippers,1629875,"Moon, Xavier",On,4,20.0,7.4,92.3,82.5,9.8
On/Off Court,1610612746,LAC,LA Clippers,202694,"Morris Sr., Marcus",On,65,1825.0,-0.4,113.7,113.9,-0.3
On/Off Court,1610612746,LAC,LA Clippers,203486,"Plumlee, Mason",On,23,457.0,-0.1,115.8,115.8,0.0
On/Off Court,1610612746,LAC,LA Clippers,1626181,"Powell, Norman",On,60,1567.0,-3.8,109.2,113.0,-3.8
On/Off Court,1610612746,LAC,LA Clippers,1630554,"Preston, Jason",On,14,124.0,-4.3,110.0,111.6,-1.6
On/Off Court,1610612746,LAC,LA Clippers,202322,"Wall, John",On,34,755.0,-6.7,105.0,111.6,-6.6
On/Off Court,1610612746,LAC,LA Clippers,201566,"Westbrook, Russell",On,21,635.0,1.7,115.9,114.0,1.9
On/Off Court,1610612746,LAC,LA Clippers,1627826,"Zubac, Ivica",On,76,2169.0,-0.7,112.8,113.4,-0.6
On/Off Court,1610612747,LAL,Los Angeles Lakers,1628964,"Bamba, Mo",On,9,88.0,-4.9,100.5,104.7,-4.2
On/Off Court,1610612747,LAL,Los Angeles Lakers,1627736,"Beasley, Malik",On,26,621.0,-1.2,108.9,111.1,-2.2
On/Off Court,1610612747,LAL,Los Angeles Lakers,201976,"Beverley, Patrick",On,45,1211.0,-3.6,111.4,114.3,-2.9
On/Off Court,1610612747,LAL,Los Angeles Lakers,1628972,"Brown Jr., Troy",On,76,1860.0,-0.4,112.0,112.5,-0.5
On/Off Court,1610612747,LAL,Los Angeles Lakers,1628425,"Brown, Sterling",On,4,24.0,-7.9,106.8,106.3,0.4
On/Off Court,1610612747,LAL,Los Angeles Lakers,1628418,"Bryant, Thomas",On,41,876.0,-2.0,114.6,116.9,-2.3
On/Off Court,1610612747,LAL,Los Angeles Lakers,1631108,"Christie, Max",On,41,512.0,-7.2,106.1,113.2,-7.1
On/Off Court,1610612747,LAL,Los Angeles Lakers,203076,"Davis, Anthony",On,56,1905.0,5.2,114.3,109.5,4.8
On/Off Court,1610612747,LAL,Los Angeles Lakers,1629117,"Gabriel, Wenyen",On,68,1024.0,-1.5,111.2,111.4,-0.2
On/Off Court,1610612747,LAL,Los Angeles Lakers,1629060,"Hachimura, Rui",On,33,738.0,2.7,111.0,108.8,2.2
On/Off Court,1610612747,LAL,Los Angeles Lakers,2544,"James, LeBron",On,55,1954.0,5.3,115.6,111.0,4.6
On/Off Court,1610612747,LAL,Los Angeles Lakers,1627745,"Jones, Damian",On,22,176.0,-9.3,97.7,108.2,-10.5
On/Off Court,1610612747,LAL,Los Angeles Lakers,1629134,"Nunn, Kendrick",On,39,528.0,-1.9,107.3,108.9,-1.6
On/Off Court,1610612747,LAL,Los Angeles Lakers,1630590,"Pippen Jr., Scotty",On,6,32.0,-1.5,89.4,90.9,-1.5
On/Off Court,1610612747,LAL,Los Angeles Lakers,1630559,"Reaves, Austin",On,64,1843.0,5.6,115.4,110.5,4.9
On/Off Court,1610612747,LAL,Los Angeles Lakers,1628432,"Reed, Davon",On,8,27.0,-10.6,106.7,116.7,-10.0
On/Off Court,1610612747,LAL,Los Angeles Lakers,1626156,"Russell, D'Angelo",On,17,526.0,13.0,120.4,108.2,12.2
On/Off Court,1610612747,LAL,Los Angeles Lakers,1630346,"Ryan, Matt",On,12,129.0,0.0,101.4,102.8,-1.4
On/Off Court,1610612747,LAL,Los Angeles Lakers,203471,"Schröder, Dennis",On,66,1986.0,3.0,115.0,112.2,2.8
On/Off Court,1610612747,LAL,Los Angeles Lakers,1631306,"Swider, Cole",On,7,41.0,3.5,116.5,113.2,3.3
On/Off Court,1610612747,LAL,Los Angeles Lakers,1629308,"Toscano-Anderson, Juan",On,30,365.0,-11.2,102.0,113.1,-11.0
On/Off Court,1610612747,LAL,Los Angeles Lakers,1629020,"Vanderbilt, Jarred",On,26,625.0,-2.5,111.2,112.1,-1.0
On/Off Court,1610612747,LAL,Los Angeles Lakers,1629022,"Walker IV, Lonnie",On,56,1297.0,-7.7,108.8,116.1,-7.3
On/Off Court,1610612747,LAL,Los Angeles Lakers,201566,"Westbrook, Russell",On,52,1491.0,-1.4,113.4,114.4,-1.0
On/Off Court,1610612748,MIA,Miami Heat,1628389,"Adebayo, Bam",On,75,2598.0,2.2,113.0,111.2,1.8
On/Off Court,1610612748,MIA,Miami Heat,1631123,"Bouyea, Jamaree",On,4,65.0,-15.5,105.5,124.0,-18.5
On/Off Court,1610612748,MIA,Miami Heat,202710,"Butler, Jimmy",On,64,2138.0,1.1,114.9,113.7,1.2
On/Off Court,1610612748,MIA,Miami Heat,1631288,"Cain, Jamal",On,18,240.0,4.4,108.0,102.5,5.5
On/Off Court,1610612748,MIA,Miami Heat,203473,"Dedmon, Dewayne",On,30,350.0,-13.9,98.5,108.9,-10.4
On/Off Court,1610612748,MIA,Miami Heat,2617,"Haslem, Udonis",On,7,72.0,-16.6,103.9,115.7,-11.8
On/Off Court,1610612748,MIA,Miami Heat,1629639,"Herro, Tyler",On,67,2335.0,3.5,113.9,111.3,2.7
On/Off Court,1610612748,MIA,Miami Heat,1629312,"Highsmith, Haywood",On,54,969.0,-5.1,104.8,110.0,-5.2
On/Off Court,1610612748,MIA,Miami Heat,1631107,"Jović, Nikola",On,15,204.0,-3.8,105.7,109.2,-3.5
On/Off Court,1610612748,MIA,Miami Heat,201567,"Love, Kevin",On,21,419.0,3.0,116.2,112.4,3.8
On/Off Court,1610612748,MIA,Miami Heat,200768,"Lowry, Kyle",On,55,1718.0,1.5,112.4,111.3,1.1
On/Off Court,1610612748,MIA,Miami Heat,1628997,"Martin, Caleb",On,71,2078.0,-0.2,110.7,110.7,0.0
On/Off Court,1610612748,MIA,Miami Heat,203506,"Oladipo, Victor",On,42,1106.0,-1.5,110.1,111.5,-1.5
On/Off Court,1610612748,MIA,Miami Heat,1629130,"Robinson, Duncan",On,42,690.0,-3.9,108.8,113.8,-5.0
On/Off Court,1610612748,MIA,Miami Heat,1631115,"Robinson, Orlando",On,31,425.0,3.0,110.3,106.6,3.8
On/Off Court,1610612748,MIA,Miami Heat,1630696,"Smith, Dru",On,5,67.0,-12.2,101.5,113.0,-11.6
On/Off Court,1610612748,MIA,Miami Heat,1629622,"Strus, Max",On,80,2272.0,-3.1,109.3,113.1,-3.8
On/Off Court,1610612748,MIA,Miami Heat,1629216,"Vincent, Gabe",On,68,1759.0,-0.8,111.0,111.7,-0.7
On/Off Court,1610612748,MIA,Miami Heat,1630209,"Yurtseven, Omer",On,9,83.0,5.8,117.2,115.5,1.7
On/Off Court,1610612748,MIA,Miami Heat,203469,"Zeller, Cody",On,15,217.0,-10.6,108.8,119.0,-10.3
On/Off Court,1610612749,MIL,Milwaukee Bucks,1628960,"Allen, Grayson",On,72,1972.0,5.5,113.9,109.1,4.9
On/Off Court,1610612749,MIL,Milwaukee Bucks,203507,"Antetokounmpo, Giannis",On,63,2024.0,8.1,116.4,109.2,7.2
On/Off Court,1610612749,MIL,Milwaukee Bucks,203648,"Antetokounmpo, Thanasis",On,37,206.0,-26.5,93.6,120.1,-26.6
On/Off Court,1610612749,MIL,Milwaukee Bucks,1630699,"Beauchamp, MarJon",On,52,701.0,-6.8,105.8,112.9,-7.2
On/Off Court,1610612749,MIL,Milwaukee Bucks,1628975,"Carter, Jevon",On,81,1812.0,1.7,109.2,107.2,1.9
On/Off Court,1610612749,MIL,Milwaukee Bucks,1626192,"Connaughton, Pat",On,61,1443.0,4.5,113.3,109.9,3.4
On/Off Court,1610612749,MIL,Milwaukee Bucks,203109,"Crowder, Jae",On,18,340.0,0.0,111.0,111.8,-0.8
On/Off Court,1610612749,MIL,Milwaukee Bucks,201609,"Dragic, Goran",On,7,83.0,-15.0,108.7,127.0,-18.3
On/Off Court,1610612749,MIL,Milwaukee Bucks,1631260,"Green, AJ",On,35,345.0,-3.6,107.9,112.8,-4.9
On/Off Court,1610612749,MIL,Milwaukee Bucks,201588,"Hill, George",On,35,667.0,1.3,106.8,106.6,0.2
On/Off Court,1610612749,MIL,Milwaukee Bucks,201950,"Holiday, Jrue",On,67,2183.0,10.6,117.0,107.9,9.2
On/Off Court,1610612749,MIL,Milwaukee Bucks,201586,"Ibaka, Serge",On,16,185.0,-6.5,101.0,107.6,-6.5
On/Off Court,1610612749,MIL,Milwaukee Bucks,204060,"Ingles, Joe",On,46,1043.0,3.7,114.9,112.4,2.5
On/Off Court,1610612749,MIL,Milwaukee Bucks,203086,"Leonard, Meyers",On,9,114.0,-11.4,109.8,122.2,-12.5
On/Off Court,1610612749,MIL,Milwaukee Bucks,201572,"Lopez, Brook",On,78,2372.0,8.1,113.7,106.6,7.1
On/Off Court,1610612749,MIL,Milwaukee Bucks,1630572,"Mamukelashvili, Sandro",On,24,217.0,0.4,100.0,103.4,-3.4
On/Off Court,1610612749,MIL,Milwaukee Bucks,202083,"Matthews, Wesley",On,52,820.0,3.1,111.1,108.3,2.8
On/Off Court,1610612749,MIL,Milwaukee Bucks,203114,"Middleton, Khris",On,33,801.0,7.9,114.9,108.8,6.1
On/Off Court,1610612749,MIL,Milwaukee Bucks,1629670,"Nwora, Jordan",On,38,597.0,-8.0,104.4,112.9,-8.5
On/Off Court,1610612749,MIL,Milwaukee Bucks,1626171,"Portis, Bobby",On,70,1818.0,0.4,111.8,112.0,-0.1
On/Off Court,1610612749,MIL,Milwaukee Bucks,1629623,"Wigginton, Lindell",On,7,87.0,-21.6,101.6,121.8,-20.2
On/Off Court,1610612750,MIN,Minnesota Timberwolves,1629638,"Alexander-Walker, Nickeil",On,23,356.0,-4.5,109.6,113.3,-3.7
On/Off Court,1610612750,MIN,Minnesota Timberwolves,203937,"Anderson, Kyle",On,69,1957.0,2.2,113.9,111.7,2.3
On/Off Court,1610612750,MIN,Minnesota Timberwolves,201144,"Conley, Mike",On,24,753.0,2.0,115.3,113.7,1.5
On/Off Court,1610612750,MIN,Minnesota Timberwolves,1630162,"Edwards, Anthony",On,79,2841.0,1.6,113.8,111.9,1.9
On/Off Court,1610612750,MIN,Minnesota Timberwolves,1627854,"Forbes, Bryn",On,25,268.0,-8.6,107.8,116.2,-8.5
On/Off Court,1610612750,MIN,Minnesota Timberwolves,1630568,"Garza, Luka",On,28,243.0,3.5,121.4,119.4,2.0
On/Off Court,1610612750,MIN,Minnesota Timberwolves,203497,"Gobert, Rudy",On,70,2148.0,-0.2,110.8,110.3,0.4
On/Off Court,1610612750,MIN,Minnesota Timberwolves,1630233,"Knight, Nathan",On,38,291.0,-1.5,109.6,111.9,-2.3
On/Off Court,1610612750,MIN,Minnesota Timberwolves,1630639,"Lawson, A.J.",On,1,2.0,-135.8,40.0,140.0,-100.0
On/Off Court,1610612750,MIN,Minnesota Timberwolves,1630183,"McDaniels, Jaden",On,79,2416.0,1.4,113.6,111.6,2.0
On/Off Court,1610612750,MIN,Minnesota Timberwolves,1629162,"McLaughlin, Jordan",On,43,678.0,5.9,111.7,105.9,5.8
On/Off Court,1610612750,MIN,Minnesota Timberwolves,1631169,"Minott, Josh",On,15,96.0,12.0,116.3,105.9,10.4
On/Off Court,1610612750,MIN,Minnesota Timberwolves,1631111,"Moore Jr., Wendell",On,29,153.0,-16.7,99.4,112.9,-13.5
On/Off Court,1610612750,MIN,Minnesota Timberwolves,1629669,"Nowell, Jaylen",On,65,1252.0,-0.3,111.2,111.3,0.0
On/Off Court,1610612750,MIN,Minnesota Timberwolves,1627752,"Prince, Taurean",On,54,1193.0,0.0,111.9,111.0,0.9
On/Off Court,1610612750,MIN,Minnesota Timberwolves,1629675,"Reid, Naz",On,68,1251.0,-4.9,109.2,113.3,-4.2
On/Off Court,1610612750,MIN,Minnesota Timberwolves,203085,"Rivers, Austin",On,52,1016.0,-6.7,109.8,114.8,-4.9
On/Off Court,1610612750,MIN,Minnesota Timberwolves,1626156,"Russell, D'Angelo",On,54,1778.0,-1.6,111.6,113.2,-1.6
On/Off Court,1610612750,MIN,Minnesota Timberwolves,1630346,"Ryan, Matt",On,22,181.0,5.6,120.1,115.2,4.9
On/Off Court,1610612750,MIN,Minnesota Timberwolves,1626157,"Towns, Karl-Anthony",On,29,957.0,2.0,111.2,109.4,1.8
On/Off Court,1610612751,BKN,Brooklyn Nets,1628969,"Bridges, Mikal",On,27,923.0,-0.4,112.3,112.6,-0.3
On/Off Court,1610612751,BKN,Brooklyn Nets,1629650,"Brown, Moses",On,2,6.0,-45.0,33.3,83.3,-50.0
On/Off Court,1610612751,BKN,Brooklyn Nets,1629651,"Claxton, Nic",On,76,2271.0,2.5,115.1,111.3,3.7
On/Off Court,1610612751,BKN,Brooklyn Nets,203552,"Curry, Seth",On,61,1211.0,-2.7,110.4,113.9,-3.5
On/Off Court,1610612751,BKN,Brooklyn Nets,203915,"Dinwiddie, Spencer",On,26,917.0,3.5,114.8,111.1,3.7
On/Off Court,1610612751,BKN,Brooklyn Nets,1630561,"Duke Jr., David",On,23,228.0,-7.4,105.2,111.5,-6.3
On/Off Court,1610612751,BKN,Brooklyn Nets,201142,"Durant, Kevin",On,39,1403.0,6.5,117.0,111.0,6.1
On/Off Court,1610612751,BKN,Brooklyn Nets,1630556,"Edwards, Kessler",On,14,80.0,1.8,116.8,115.7,1.1
On/Off Court,1610612751,BKN,Brooklyn Nets,1627827,"Finney-Smith, Dorian",On,26,721.0,-1.6,111.5,113.0,-1.5
On/Off Court,1610612751,BKN,Brooklyn Nets,1630564,"Gray, RaiQuan",On,1,35.0,-19.2,108.2,125.7,-17.5
On/Off Court,1610612751,BKN,Brooklyn Nets,203925,"Harris, Joe",On,74,1527.0,-0.8,112.1,113.2,-1.0
On/Off Court,1610612751,BKN,Brooklyn Nets,202681,"Irving, Kyrie",On,40,1478.0,4.1,116.0,111.9,4.2
On/Off Court,1610612751,BKN,Brooklyn Nets,1629661,"Johnson, Cameron",On,25,770.0,3.6,115.0,111.0,4.0
On/Off Court,1610612751,BKN,Brooklyn Nets,201988,"Mills, Patty",On,40,567.0,-5.6,111.2,117.0,-5.8
On/Off Court,1610612751,BKN,Brooklyn Nets,202693,"Morris, Markieff",On,27,285.0,5.0,112.7,107.0,5.7
On/Off Court,1610612751,BKN,Brooklyn Nets,203457,"Noel, Nerlens",On,3,43.0,-14.5,90.5,105.3,-14.8
On/Off Court,1610612751,BKN,Brooklyn Nets,1626220,"O'Neale, Royce",On,76,2409.0,1.6,113.9,111.8,2.1
On/Off Court,1610612751,BKN,Brooklyn Nets,1630549,"Sharpe, Day'Ron",On,48,552.0,-8.8,110.3,119.0,-8.8
On/Off Court,1610612751,BKN,Brooklyn Nets,1627732,"Simmons, Ben",On,42,1105.0,1.7,114.7,112.5,2.1
On/Off Court,1610612751,BKN,Brooklyn Nets,1630696,"Smith, Dru",On,10,92.0,-5.8,99.5,106.2,-6.7
On/Off Court,1610612751,BKN,Brooklyn Nets,1628410,"Sumner, Edmond",On,53,736.0,1.6,111.7,110.1,1.7
On/Off Court,1610612751,BKN,Brooklyn Nets,1630560,"Thomas, Cam",On,57,948.0,-0.2,112.1,113.7,-1.6
On/Off Court,1610612751,BKN,Brooklyn Nets,203933,"Warren, T.J.",On,26,490.0,0.1,112.3,111.9,0.4
On/Off Court,1610612751,BKN,Brooklyn Nets,1629139,"Watanabe, Yuta",On,58,928.0,-0.4,112.3,112.9,-0.6
On/Off Court,1610612751,BKN,Brooklyn Nets,1631214,"Williams, Alondes",On,1,5.0,-45.6,83.3,136.4,-53.0
On/Off Court,1610612752,NYK,New York Knicks,1627853,"Arcidiacono, Ryan",On,11,26.0,7.3,86.7,85.7,1.0
On/Off Court,1610612752,NYK,New York Knicks,1629628,"Barrett, RJ",On,73,2475.0,-1.2,115.3,116.5,-1.2
On/Off Court,1610612752,NYK,New York Knicks,1628973,"Brunson, Jalen",On,68,2379.0,3.1,119.2,117.1,2.1
On/Off Court,1610612752,NYK,New York Knicks,203095,"Fournier, Evan",On,27,459.0,-5.7,109.1,113.8,-4.7
On/Off Court,1610612752,NYK,New York Knicks,1629656,"Grimes, Quentin",On,71,2121.0,4.2,118.6,114.2,4.4
On/Off Court,1610612752,NYK,New York Knicks,1628404,"Hart, Josh",On,25,750.0,12.2,123.1,111.2,11.9
On/Off Court,1610612752,NYK,New York Knicks,1628392,"Hartenstein, Isaiah",On,82,1628.0,4.5,114.6,110.2,4.4
On/Off Court,1610612752,NYK,New York Knicks,1631211,"Keels, Trevor",On,3,8.0,-107.5,42.1,136.8,-94.7
On/Off Court,1610612752,NYK,New York Knicks,1630540,"McBride, Miles",On,64,760.0,3.3,110.9,107.3,3.6
On/Off Court,1610612752,NYK,New York Knicks,1629004,"Mykhailiuk, Svi",On,13,40.0,24.0,95.6,77.9,17.7
On/Off Court,1610612752,NYK,New York Knicks,1630193,"Quickley, Immanuel",On,81,2344.0,6.5,114.3,108.1,6.2
On/Off Court,1610612752,NYK,New York Knicks,203944,"Randle, Julius",On,77,2737.0,3.0,118.1,115.4,2.7
On/Off Court,1610612752,NYK,New York Knicks,1629629,"Reddish, Cam",On,20,438.0,-1.2,114.3,115.9,-1.6
On/Off Court,1610612752,NYK,New York Knicks,1629011,"Robinson, Mitchell",On,59,1589.0,5.6,119.9,112.6,7.3
On/Off Court,1610612752,NYK,New York Knicks,201565,"Rose, Derrick",On,27,338.0,-4.1,104.3,107.8,-3.5
On/Off Court,1610612752,NYK,New York Knicks,1630579,"Sims, Jericho",On,52,812.0,-6.7,108.1,114.9,-6.7
On/Off Court,1610612752,NYK,New York Knicks,1630167,"Toppin, Obi",On,67,1051.0,2.6,112.8,110.4,2.4
On/Off Court,1610612753,ORL,Orlando Magic,1630175,"Anthony, Cole",On,60,1552.0,-0.8,112.4,112.5,-0.1
On/Off Court,1610612753,ORL,Orlando Magic,1628964,"Bamba, Mo",On,40,681.0,1.2,114.6,112.4,2.3
On/Off Court,1610612753,ORL,Orlando Magic,1631094,"Banchero, Paolo",On,72,2430.0,-4.2,111.1,115.3,-4.2
On/Off Court,1610612753,ORL,Orlando Magic,1629048,"Bitadze, Goga",On,17,255.0,2.1,107.7,104.8,2.9
On/Off Court,1610612753,ORL,Orlando Magic,1629626,"Bol, Bol",On,70,1505.0,-4.7,107.6,112.0,-4.4
On/Off Court,1610612753,ORL,Orlando Magic,1628976,"Carter Jr., Wendell",On,57,1690.0,-1.2,110.5,111.4,-0.8
On/Off Court,1610612753,ORL,Orlando Magic,203487,"Carter-Williams, Michael",On,4,44.0,-28.1,95.7,128.1,-32.4
On/Off Court,1610612753,ORL,Orlando Magic,1628365,"Fultz, Markelle",On,60,1778.0,-3.5,110.3,114.0,-3.7
On/Off Court,1610612753,ORL,Orlando Magic,1630181,"Hampton, R.J.",On,26,361.0,-4.8,107.9,113.3,-5.4
On/Off Court,1610612753,ORL,Orlando Magic,203914,"Harris, Gary",On,48,1184.0,-3.4,113.0,115.8,-2.8
On/Off Court,1610612753,ORL,Orlando Magic,1630284,"Harris, Kevon",On,34,457.0,0.0,110.0,109.7,0.3
On/Off Court,1610612753,ORL,Orlando Magic,1631216,"Houstan, Caleb",On,51,812.0,-5.0,107.6,112.9,-5.3
On/Off Court,1610612753,ORL,Orlando Magic,1628371,"Isaac, Jonathan",On,11,124.0,-7.4,102.0,107.7,-5.8
On/Off Court,1610612753,ORL,Orlando Magic,1629643,"Okeke, Chuma",On,27,518.0,-10.9,105.7,116.5,-10.8
On/Off Court,1610612753,ORL,Orlando Magic,203082,"Ross, Terrence",On,42,944.0,-2.1,110.6,112.6,-2.0
On/Off Court,1610612753,ORL,Orlando Magic,1629678,"Schofield, Admiral",On,37,451.0,-8.4,104.7,113.0,-8.3
On/Off Court,1610612753,ORL,Orlando Magic,1630206,"Scrubb, Jay",On,2,30.0,-25.5,98.5,127.0,-28.5
On/Off Court,1610612753,ORL,Orlando Magic,1630591,"Suggs, Jalen",On,53,1246.0,-1.5,109.7,111.0,-1.3
On/Off Court,1610612753,ORL,Orlando Magic,1630532,"Wagner, Franz",On,80,2609.0,0.9,111.3,110.1,1.2
On/Off Court,1610612753,ORL,Orlando Magic,1629021,"Wagner, Moritz",On,57,1109.0,-1.2,109.4,110.6,-1.1
On/Off Court,1610612754,IND,Indiana Pacers,1629048,"Bitadze, Goga",On,21,202.0,3.6,111.0,106.2,4.7
On/Off Court,1610612754,IND,Indiana Pacers,1629052,"Brissett, Oshae",On,65,1083.0,1.0,112.4,111.8,0.6
On/Off Court,1610612754,IND,Indiana Pacers,1631112,"Brown, Kendall",On,6,40.0,4.8,107.2,99.0,8.2
On/Off Court,1610612754,IND,Indiana Pacers,1630537,"Duarte, Chris",On,46,897.0,-6.1,109.4,115.6,-6.2
On/Off Court,1610612754,IND,Indiana Pacers,1630169,"Haliburton, Tyrese",On,56,1883.0,-0.9,116.9,117.9,-1.0
On/Off Court,1610612754,IND,Indiana Pacers,1627741,"Hield, Buddy",On,80,2482.0,-1.6,114.4,116.3,-1.9
On/Off Court,1610612754,IND,Indiana Pacers,201588,"Hill, George",On,11,166.0,6.6,116.3,107.9,8.4
On/Off Court,1610612754,IND,Indiana Pacers,1630543,"Jackson, Isaiah",On,63,1042.0,-5.7,109.5,115.2,-5.6
On/Off Court,1610612754,IND,Indiana Pacers,201949,"Johnson, James",On,18,162.0,-2.1,102.8,103.9,-1.1
On/Off Court,1610612754,IND,Indiana Pacers,1631097,"Mathurin, Bennedict",On,78,2222.0,-3.9,111.5,115.8,-4.3
On/Off Court,1610612754,IND,Indiana Pacers,204456,"McConnell, T.J.",On,75,1526.0,-1.9,110.5,112.9,-2.4
On/Off Court,1610612754,IND,Indiana Pacers,1629614,"Nembhard, Andrew",On,75,2074.0,-6.1,112.3,118.2,-5.9
On/Off Court,1610612754,IND,Indiana Pacers,1630174,"Nesmith, Aaron",On,73,1816.0,-5.6,113.8,118.5,-4.7
On/Off Court,1610612754,IND,Indiana Pacers,1629670,"Nwora, Jordan",On,24,591.0,-12.3,109.6,121.4,-11.8
On/Off Court,1610612754,IND,Indiana Pacers,1630243,"Queen, Trevelin",On,7,70.0,9.6,107.2,98.0,9.2
On/Off Court,1610612754,IND,Indiana Pacers,1630188,"Smith, Jalen",On,68,1279.0,-3.6,111.4,115.3,-3.8
On/Off Court,1610612754,IND,Indiana Pacers,1630678,"Taylor, Terry",On,26,228.0,-3.2,111.4,113.0,-1.6
On/Off Court,1610612754,IND,Indiana Pacers,1628464,"Theis, Daniel",On,7,109.0,-8.4,107.3,115.5,-8.2
On/Off Court,1610612754,IND,Indiana Pacers,1626167,"Turner, Myles",On,62,1825.0,-1.2,115.1,116.3,-1.2
On/Off Court,1610612754,IND,Indiana Pacers,1628221,"York, Gabe",On,3,56.0,20.6,127.7,110.3,17.4
On/Off Court,1610612755,PHI,Philadelphia 76ers,1630577,"Champagnie, Julian",On,2,7.0,-28.8,127.3,150.0,-22.7
On/Off Court,1610612755,PHI,Philadelphia 76ers,203473,"Dedmon, Dewayne",On,8,76.0,-14.5,103.2,114.8,-11.7
On/Off Court,1610612755,PHI,Philadelphia 76ers,203954,"Embiid, Joel",On,66,2284.0,8.9,119.0,110.2,8.8
On/Off Court,1610612755,PHI,Philadelphia 76ers,1630701,"Foster Jr., Michael",On,1,1.0,-92.9,0.0,100.0,-100.0
On/Off Court,1610612755,PHI,Philadelphia 76ers,201935,"Harden, James",On,58,2135.0,6.2,119.4,113.3,6.1
On/Off Court,1610612755,PHI,Philadelphia 76ers,1626149,"Harrell, Montrezl",On,57,681.0,1.3,111.9,109.6,2.2
On/Off Court,1610612755,PHI,Philadelphia 76ers,202699,"Harris, Tobias",On,74,2436.0,5.8,117.2,111.7,5.5
On/Off Court,1610612755,PHI,Philadelphia 76ers,1627863,"House Jr., Danuel",On,56,807.0,-1.0,112.8,112.5,0.3
On/Off Court,1610612755,PHI,Philadelphia 76ers,1629663,"King, Louis",On,1,29.0,3.3,125.8,120.6,5.2
On/Off Court,1610612755,PHI,Philadelphia 76ers,1627788,"Korkmaz, Furkan",On,37,353.0,0.3,105.0,103.7,1.4
On/Off Court,1610612755,PHI,Philadelphia 76ers,1630240,"Lee, Saben",On,2,10.0,23.7,119.0,105.3,13.8
On/Off Court,1610612755,PHI,Philadelphia 76ers,1630178,"Maxey, Tyrese",On,60,2016.0,5.7,118.0,112.6,5.4
On/Off Court,1610612755,PHI,Philadelphia 76ers,1630644,"McClung, Mac",On,2,41.0,21.0,115.2,95.7,19.6
On/Off Court,1610612755,PHI,Philadelphia 76ers,1629667,"McDaniels, Jalen",On,24,419.0,2.3,118.9,115.9,3.1
On/Off Court,1610612755,PHI,Philadelphia 76ers,1629001,"Melton, De'Anthony",On,77,2150.0,2.3,115.5,112.8,2.7
On/Off Court,1610612755,PHI,Philadelphia 76ers,1629003,"Milton, Shake",On,76,1567.0,4.4,114.1,110.2,3.9
On/Off Court,1610612755,PHI,Philadelphia 76ers,1627777,"Niang, Georges",On,78,1512.0,2.4,112.5,111.1,1.3
On/Off Court,1610612755,PHI,Philadelphia 76ers,1630194,"Reed, Paul",On,69,755.0,-1.1,111.0,111.5,-0.4
On/Off Court,1610612755,PHI,Philadelphia 76ers,1630531,"Springer, Jaden",On,16,89.0,-1.6,108.8,110.9,-2.1
On/Off Court,1610612755,PHI,Philadelphia 76ers,1629680,"Thybulle, Matisse",On,49,591.0,6.1,110.2,104.2,6.0
On/Off Court,1610612755,PHI,Philadelphia 76ers,200782,"Tucker, P.J.",On,75,1920.0,3.4,117.3,113.3,4.0
On/Off Court,1610612756,PHX,Phoenix Suns,1629028,"Ayton, Deandre",On,67,2035.0,-0.2,113.2,113.2,0.0
On/Off Court,1610612756,PHX,Phoenix Suns,1629647,"Bazley, Darius",On,7,61.0,-29.2,99.2,122.4,-23.2
On/Off Court,1610612756,PHX,Phoenix Suns,202687,"Biyombo, Bismack",On,61,874.0,2.6,112.7,109.7,3.1
On/Off Court,1610612756,PHX,Phoenix Suns,1626164,"Booker, Devin",On,53,1835.0,6.5,119.6,113.4,6.2
On/Off Court,1610612756,PHX,Phoenix Suns,1628969,"Bridges, Mikal",On,56,2040.0,1.0,114.8,113.5,1.3
On/Off Court,1610612756,PHX,Phoenix Suns,1628470,"Craig, Torrey",On,79,1948.0,-4.4,111.9,115.5,-3.7
On/Off Court,1610612756,PHX,Phoenix Suns,201142,"Durant, Kevin",On,8,269.0,12.3,117.7,107.0,10.7
On/Off Court,1610612756,PHX,Phoenix Suns,1629661,"Johnson, Cameron",On,17,429.0,10.8,115.8,104.7,11.1
On/Off Court,1610612756,PHX,Phoenix Suns,1629111,"Landale, Jock",On,69,978.0,6.9,113.0,105.1,7.9
On/Off Court,1610612756,PHX,Phoenix Suns,1627814,"Lee, Damion",On,74,1506.0,2.5,110.1,107.3,2.7
On/Off Court,1610612756,PHX,Phoenix Suns,1630240,"Lee, Saben",On,23,363.0,-4.6,100.3,105.1,-4.8
On/Off Court,1610612756,PHX,Phoenix Suns,1629006,"Okogie, Josh",On,72,1351.0,3.8,112.9,108.0,4.9
On/Off Court,1610612756,PHX,Phoenix Suns,101108,"Paul, Chris",On,59,1889.0,2.1,114.9,112.5,2.3
On/Off Court,1610612756,PHX,Phoenix Suns,1626166,"Payne, Cameron",On,48,968.0,3.8,115.4,111.4,4.1
On/Off Court,1610612756,PHX,Phoenix Suns,203082,"Ross, Terrence",On,21,386.0,-4.3,115.6,119.5,-4.0
On/Off Court,1610612756,PHX,Phoenix Suns,1629013,"Shamet, Landry",On,40,807.0,2.3,109.9,107.7,2.2
On/Off Court,1610612756,PHX,Phoenix Suns,1630688,"Wainright, Ish",On,60,915.0,4.8,112.7,106.6,6.1
On/Off Court,1610612756,PHX,Phoenix Suns,203933,"Warren, T.J.",On,16,197.0,13.2,114.0,99.5,14.5
On/Off Court,1610612756,PHX,Phoenix Suns,1630613,"Washington Jr., Duane",On,31,394.0,-0.7,107.4,107.9,-0.5
On/Off Court,1610612756,PHX,Phoenix Suns,203967,"Šarić, Dario",On,37,533.0,-2.5,111.3,114.7,-3.5
On/Off Court,1610612757,POR,Portland Trail Blazers,1627853,"Arcidiacono, Ryan",On,9,146.0,-14.5,94.4,109.5,-15.1
On/Off Court,1610612757,POR,Portland Trail Blazers,1630535,"Brown III, Greg",On,16,93.0,-2.6,89.2,92.6,-3.4
On/Off Court,1610612757,POR,Portland Trail Blazers,1631219,"Butler Jr., John",On,19,221.0,-15.2,100.6,116.7,-16.1
On/Off Court,1610612757,POR,Portland Trail Blazers,1628435,"Comanche, Chance",On,1,21.0,-67.0,95.6,163.6,-68.1
On/Off Court,1610612757,POR,Portland Trail Blazers,1629234,"Eubanks, Drew",On,78,1584.0,-4.0,113.0,117.1,-4.1
On/Off Court,1610612757,POR,Portland Trail Blazers,203924,"Grant, Jerami",On,63,2246.0,-0.7,116.1,117.3,-1.2
On/Off Court,1610612757,POR,Portland Trail Blazers,1627885,"Harrison, Shaquille",On,5,120.0,-0.4,113.0,113.4,-0.4
On/Off Court,1610612757,POR,Portland Trail Blazers,1628404,"Hart, Josh",On,51,1704.0,3.5,117.8,114.5,3.3
On/Off Court,1610612757,POR,Portland Trail Blazers,1630553,"Johnson, Keon",On,40,416.0,-17.6,103.2,119.3,-16.2
On/Off Court,1610612757,POR,Portland Trail Blazers,1628995,"Knox II, Kevin",On,21,359.0,-18.7,103.2,121.9,-18.7
On/Off Court,1610612757,POR,Portland Trail Blazers,203081,"Lillard, Damian",On,58,2107.0,2.4,119.5,117.4,2.1
On/Off Court,1610612757,POR,Portland Trail Blazers,1629642,"Little, Nassir",On,54,976.0,-9.3,111.1,119.9,-8.8
On/Off Court,1610612757,POR,Portland Trail Blazers,1630219,"Mays, Skylar",On,6,189.0,-18.8,108.4,124.8,-16.3
On/Off Court,1610612757,POR,Portland Trail Blazers,1631303,"Minaya, Justin",On,4,89.0,-10.8,108.2,120.2,-12.0
On/Off Court,1610612757,POR,Portland Trail Blazers,203994,"Nurkić, Jusuf",On,52,1391.0,0.3,114.6,114.3,0.3
On/Off Court,1610612757,POR,Portland Trail Blazers,1627780,"Payton II, Gary",On,15,255.0,4.5,125.3,120.7,4.6
On/Off Court,1610612757,POR,Portland Trail Blazers,1629629,"Reddish, Cam",On,20,552.0,-15.8,104.5,119.3,-14.9
On/Off Court,1610612757,POR,Portland Trail Blazers,1631101,"Sharpe, Shaedon",On,80,1779.0,-8.0,110.8,118.4,-7.6
On/Off Court,1610612757,POR,Portland Trail Blazers,1629014,"Simons, Anfernee",On,62,2171.0,-1.7,114.1,115.7,-1.6
On/Off Court,1610612757,POR,Portland Trail Blazers,1629680,"Thybulle, Matisse",On,22,609.0,-7.0,109.5,116.4,-6.9
On/Off Court,1610612757,POR,Portland Trail Blazers,1631133,"Walker, Jabari",On,56,619.0,-8.9,104.8,113.8,-9.0
On/Off Court,1610612757,POR,Portland Trail Blazers,1630570,"Watford, Trendon",On,62,1182.0,-7.4,110.8,117.9,-7.1
On/Off Court,1610612757,POR,Portland Trail Blazers,1631466,"Williams, Nate",On,5,127.0,-14.4,109.7,120.7,-11.0
On/Off Court,1610612757,POR,Portland Trail Blazers,1626159,"Winslow, Justise",On,29,776.0,-2.4,109.8,112.3,-2.6
On/Off Court,1610612758,SAC,Sacramento Kings,203084,"Barnes, Harrison",On,82,2662.0,4.6,120.0,115.2,4.8
On/Off Court,1610612758,SAC,Sacramento Kings,1629126,"Burton, Deonte",On,2,6.0,36.9,164.3,112.5,51.8
On/Off Court,1610612758,SAC,Sacramento Kings,1629056,"Davis, Terence",On,64,841.0,2.7,115.4,111.4,4.0
On/Off Court,1610612758,SAC,Sacramento Kings,203521,"Dellavedova, Matthew",On,32,213.0,-11.5,98.3,107.1,-8.8
On/Off Court,1610612758,SAC,Sacramento Kings,1628408,"Dozier, PJ",On,16,79.0,-13.9,94.1,107.0,-12.9
On/Off Court,1610612758,SAC,Sacramento Kings,1630556,"Edwards, Kessler",On,22,306.0,0.3,118.4,115.9,2.5
On/Off Court,1610612758,SAC,Sacramento Kings,1631165,"Ellis, Keon",On,16,71.0,-14.2,98.0,112.2,-14.3
On/Off Court,1610612758,SAC,Sacramento Kings,1628368,"Fox, De'Aaron",On,73,2435.0,3.5,119.9,116.8,3.1
On/Off Court,1610612758,SAC,Sacramento Kings,1626158,"Holmes, Richaun",On,42,348.0,-9.5,104.2,113.5,-9.3
On/Off Court,1610612758,SAC,Sacramento Kings,1628989,"Huerter, Kevin",On,75,2203.0,4.8,121.0,116.6,4.5
On/Off Court,1610612758,SAC,Sacramento Kings,203458,"Len, Alex",On,26,161.0,5.7,106.6,100.0,6.6
On/Off Court,1610612758,SAC,Sacramento Kings,1626168,"Lyles, Trey",On,74,1247.0,4.0,116.3,112.3,4.0
On/Off Court,1610612758,SAC,Sacramento Kings,1629002,"Metu, Chimezie",On,66,689.0,6.1,113.9,107.3,6.7
On/Off Court,1610612758,SAC,Sacramento Kings,1630558,"Mitchell, Davion",On,80,1447.0,0.0,114.4,111.8,2.7
On/Off Court,1610612758,SAC,Sacramento Kings,1631320,"Moneke, Chima",On,2,8.0,-54.5,72.2,129.4,-57.2
On/Off Court,1610612758,SAC,Sacramento Kings,1628370,"Monk, Malik",On,77,1719.0,1.9,113.8,112.7,1.0
On/Off Court,1610612758,SAC,Sacramento Kings,1631099,"Murray, Keegan",On,80,2382.0,2.0,118.8,117.1,1.7
On/Off Court,1610612758,SAC,Sacramento Kings,1629644,"Okpala, KZ",On,35,248.0,-2.1,106.4,105.0,1.5
On/Off Court,1610612758,SAC,Sacramento Kings,1629674,"Queta, Neemias",On,5,29.0,-50.2,78.3,121.7,-43.5
On/Off Court,1610612758,SAC,Sacramento Kings,1627734,"Sabonis, Domantas",On,79,2736.0,3.7,120.7,116.8,3.9
On/Off Court,1610612759,SAS,San Antonio Spurs,1631230,"Barlow, Dominick",On,28,408.0,-12.7,105.2,115.9,-10.7
On/Off Court,1610612759,SAS,San Antonio Spurs,1629646,"Bassey, Charles",On,35,508.0,-3.0,109.1,111.5,-2.4
On/Off Court,1610612759,SAS,San Antonio Spurs,1628966,"Bates-Diop, Keita",On,67,1453.0,-8.8,108.1,116.6,-8.5
On/Off Court,1610612759,SAS,San Antonio Spurs,1631103,"Branham, Malaki",On,66,1550.0,-11.3,108.3,119.4,-11.1
On/Off Court,1610612759,SAS,San Antonio Spurs,1630577,"Champagnie, Julian",On,15,313.0,-10.7,107.9,118.2,-10.4
On/Off Court,1610612759,SAS,San Antonio Spurs,1628380,"Collins, Zach",On,63,1441.0,-8.0,108.7,116.3,-7.5
On/Off Court,1610612759,SAS,San Antonio Spurs,203476,"Dieng, Gorgui",On,31,358.0,-20.4,99.6,118.2,-18.6
On/Off Court,1610612759,SAS,San Antonio Spurs,1628984,"Graham, Devonte'",On,20,527.0,-16.9,104.6,122.1,-17.6
On/Off Court,1610612759,SAS,San Antonio Spurs,1631160,"Hall, Jordan",On,9,83.0,-13.9,94.9,108.0,-13.1
On/Off Court,1610612759,SAS,San Antonio Spurs,1628993,"Johnson, Alize",On,4,30.0,19.5,111.1,92.1,19.0
On/Off Court,1610612759,SAS,San Antonio Spurs,1629640,"Johnson, Keldon",On,63,2063.0,-11.4,110.2,121.4,-11.3
On/Off Court,1610612759,SAS,San Antonio Spurs,1626169,"Johnson, Stanley",On,30,469.0,-9.4,111.5,118.5,-7.0
On/Off Court,1610612759,SAS,San Antonio Spurs,1630200,"Jones, Tre",On,68,1984.0,-7.9,110.9,118.8,-7.8
On/Off Court,1610612759,SAS,San Antonio Spurs,1629641,"Langford, Romeo",On,43,844.0,-10.2,107.0,115.5,-8.5
On/Off Court,1610612759,SAS,San Antonio Spurs,1630572,"Mamukelashvili, Sandro",On,19,443.0,-12.6,109.3,122.4,-13.0
On/Off Court,1610612759,SAS,San Antonio Spurs,203926,"McDermott, Doug",On,64,1314.0,-8.7,108.7,118.4,-9.7
On/Off Court,1610612759,SAS,San Antonio Spurs,1627751,"Poeltl, Jakob",On,46,1199.0,-10.8,109.4,119.5,-10.1
On/Off Court,1610612759,SAS,San Antonio Spurs,1630563,"Primo, Joshua",On,4,93.0,-1.0,112.7,111.0,1.7
On/Off Court,1610612759,SAS,San Antonio Spurs,1626196,"Richardson, Josh",On,42,997.0,-6.5,109.8,116.7,-6.9
On/Off Court,1610612759,SAS,San Antonio Spurs,1629676,"Roby, Isaiah",On,42,474.0,-11.1,102.5,112.9,-10.4
On/Off Court,1610612759,SAS,San Antonio Spurs,1631110,"Sochan, Jeremy",On,56,1458.0,-7.7,110.6,117.6,-7.0
On/Off Court,1610612759,SAS,San Antonio Spurs,1630170,"Vassell, Devin",On,38,1178.0,-12.0,107.1,118.8,-11.7
On/Off Court,1610612759,SAS,San Antonio Spurs,1631104,"Wesley, Blake",On,37,669.0,-14.2,103.3,116.7,-13.4
On/Off Court,1610612760,OKC,Oklahoma City Thunder,1629647,"Bazley, Darius",On,36,555.0,-2.9,106.2,107.7,-1.4
On/Off Court,1610612760,OKC,Oklahoma City Thunder,1630215,"Butler, Jared",On,6,77.0,-0.6,106.2,103.6,2.6
On/Off Court,1610612760,OKC,Oklahoma City Thunder,1631172,"Dieng, Ousmane",On,39,569.0,3.3,110.3,107.4,2.9
On/Off Court,1610612760,OKC,Oklahoma City Thunder,1629652,"Dort, Luguentz",On,73,2242.0,0.8,115.2,114.1,1.1
On/Off Court,1610612760,OKC,Oklahoma City Thunder,1630581,"Giddey, Josh",On,76,2367.0,-2.1,111.8,114.0,-2.2
On/Off Court,1610612760,OKC,Oklahoma City Thunder,1628983,"Gilgeous-Alexander, Shai",On,68,2416.0,3.0,116.1,113.3,2.7
On/Off Court,1610612760,OKC,Oklahoma City Thunder,1630198,"Joe, Isaiah",On,72,1369.0,7.6,117.5,112.1,5.3
On/Off Court,1610612760,OKC,Oklahoma City Thunder,1630544,"Mann, Tre",On,66,1165.0,1.8,109.2,108.7,0.5
On/Off Court,1610612760,OKC,Oklahoma City Thunder,203488,"Muscala, Mike",On,42,611.0,12.3,116.6,106.7,9.8
On/Off Court,1610612760,OKC,Oklahoma City Thunder,1630647,"Omoruyi, Eugene",On,22,256.0,-2.4,110.0,111.0,-1.0
On/Off Court,1610612760,OKC,Oklahoma City Thunder,1630197,"Pokusevski, Aleksej",On,33,679.0,-14.1,105.5,118.7,-13.2
On/Off Court,1610612760,OKC,Oklahoma City Thunder,1630526,"Robinson-Earl, Jeremiah",On,43,814.0,-0.6,112.9,113.8,-0.9
On/Off Court,1610612760,OKC,Oklahoma City Thunder,1630846,"Sarr, Olivier",On,9,114.0,5.9,110.9,104.2,6.8
On/Off Court,1610612760,OKC,Oklahoma City Thunder,1630322,"Waters III, Lindy",On,40,513.0,11.9,115.5,105.7,9.8
On/Off Court,1610612760,OKC,Oklahoma City Thunder,1630598,"Wiggins, Aaron",On,69,1276.0,-0.1,112.8,111.7,1.0
On/Off Court,1610612760,OKC,Oklahoma City Thunder,1631114,"Williams, Jalen",On,74,2246.0,-1.0,111.8,112.6,-0.8
On/Off Court,1610612760,OKC,Oklahoma City Thunder,1631119,"Williams, Jaylin",On,48,899.0,-5.1,111.0,116.0,-5.0
On/Off Court,1610612760,OKC,Oklahoma City Thunder,1629026,"Williams, Kenrich",On,52,1174.0,2.9,113.7,109.6,4.0
On/Off Court,1610612760,OKC,Oklahoma City Thunder,203967,"Šarić, Dario",On,20,273.0,11.4,115.6,104.6,11.0
On/Off Court,1610612761,TOR,Toronto Raptors,1630173,"Achiuwa, Precious",On,55,1141.0,-1.6,114.0,115.6,-1.6
On/Off Court,1610612761,TOR,Toronto Raptors,1628384,"Anunoby, OG",On,67,2386.0,2.7,114.4,111.4,3.0
On/Off Court,1610612761,TOR,Toronto Raptors,1630625,"Banton, Dalano",On,31,279.0,-5.9,104.4,110.9,-6.5
On/Off Court,1610612761,TOR,Toronto Raptors,1630567,"Barnes, Scottie",On,77,2678.0,3.1,114.8,111.6,3.2
On/Off Court,1610612761,TOR,Toronto Raptors,203115,"Barton, Will",On,16,211.0,-7.7,102.5,109.6,-7.1
On/Off Court,1610612761,TOR,Toronto Raptors,203920,"Birch, Khem",On,20,162.0,1.8,110.6,107.8,2.8
On/Off Court,1610612761,TOR,Toronto Raptors,1628449,"Boucher, Chris",On,76,1523.0,-0.6,110.4,111.6,-1.3
On/Off Court,1610612761,TOR,Toronto Raptors,1630551,"Champagnie, Justin",On,3,11.0,-8.8,119.0,122.7,-3.7
On/Off Court,1610612761,TOR,Toronto Raptors,1630288,"Dowtin Jr., Jeff",On,25,259.0,-1.7,112.7,113.3,-0.6
On/Off Court,1610612761,TOR,Toronto Raptors,1630201,"Flynn, Malachi",On,53,691.0,-2.8,109.9,113.4,-3.5
On/Off Court,1610612761,TOR,Toronto Raptors,1631199,"Harper Jr., Ron",On,9,48.0,19.2,119.8,98.0,21.8
On/Off Court,1610612761,TOR,Toronto Raptors,1627823,"Hernangomez, Juancho",On,42,613.0,1.0,114.3,113.8,0.5
On/Off Court,1610612761,TOR,Toronto Raptors,1631132,"Koloko, Christian",On,58,802.0,9.3,112.7,103.7,9.0
On/Off Court,1610612761,TOR,Toronto Raptors,1627751,"Poeltl, Jakob",On,26,707.0,8.4,117.6,108.5,9.1
On/Off Court,1610612761,TOR,Toronto Raptors,203490,"Porter Jr., Otto",On,8,146.0,-6.9,109.5,114.6,-5.0
On/Off Court,1610612761,TOR,Toronto Raptors,1627783,"Siakam, Pascal",On,71,2652.0,2.2,115.6,113.3,2.4
On/Off Court,1610612761,TOR,Toronto Raptors,1629018,"Trent Jr., Gary",On,66,2118.0,-1.2,111.8,113.8,-2.1
On/Off Court,1610612761,TOR,Toronto Raptors,1627832,"VanVleet, Fred",On,69,2535.0,3.7,116.1,112.8,3.3
On/Off Court,1610612761,TOR,Toronto Raptors,1630580,"Wieskamp, Joe",On,9,50.0,1.9,93.5,92.5,1.0
On/Off Court,1610612761,TOR,Toronto Raptors,201152,"Young, Thaddeus",On,54,795.0,-5.6,109.4,115.0,-5.6
On/Off Court,1610612762,UTA,Utah Jazz,1630534,"Agbaji, Ochai",On,59,1209.0,-0.8,114.4,114.6,-0.2
On/Off Court,1610612762,UTA,Utah Jazz,1629638,"Alexander-Walker, Nickeil",On,36,528.0,-1.6,109.9,110.7,-0.8
On/Off Court,1610612762,UTA,Utah Jazz,1628962,"Azubuike, Udoka",On,36,359.0,-11.1,103.2,114.9,-11.7
On/Off Court,1610612762,UTA,Utah Jazz,1627736,"Beasley, Malik",On,55,1472.0,-2.3,113.9,116.1,-2.2
On/Off Court,1610612762,UTA,Utah Jazz,1630195,"Bolmaro, Leandro",On,14,68.0,1.4,98.7,98.0,0.7
On/Off Court,1610612762,UTA,Utah Jazz,1629714,"Brantley, Jarrell",On,4,39.0,18.5,111.1,94.9,16.2
On/Off Court,1610612762,UTA,Utah Jazz,203903,"Clarkson, Jordan",On,61,1988.0,0.8,117.4,116.6,0.8
On/Off Court,1610612762,UTA,Utah Jazz,201144,"Conley, Mike",On,43,1275.0,1.1,118.5,117.4,1.1
On/Off Court,1610612762,UTA,Utah Jazz,1627739,"Dunn, Kris",On,22,568.0,-5.2,111.6,115.9,-4.3
On/Off Court,1610612762,UTA,Utah Jazz,1631323,"Fontecchio, Simone",On,52,766.0,-12.8,105.2,118.3,-13.1
On/Off Court,1610612762,UTA,Utah Jazz,200752,"Gay, Rudy",On,56,816.0,3.4,111.5,108.6,2.9
On/Off Court,1610612762,UTA,Utah Jazz,1629659,"Horton-Tucker, Talen",On,65,1313.0,-0.3,112.0,112.0,0.1
On/Off Court,1610612762,UTA,Utah Jazz,1628402,"Jackson, Frank",On,1,5.0,-19.0,100.0,122.2,-22.2
On/Off Court,1610612762,UTA,Utah Jazz,1627745,"Jones, Damian",On,19,301.0,-7.8,107.1,115.2,-8.1
On/Off Court,1610612762,UTA,Utah Jazz,1630548,"Juzang, Johnny",On,18,232.0,-18.0,97.8,115.6,-17.7
On/Off Court,1610612762,UTA,Utah Jazz,1631117,"Kessler, Walker",On,74,1703.0,2.0,115.7,112.7,3.0
On/Off Court,1610612762,UTA,Utah Jazz,1628374,"Markkanen, Lauri",On,66,2272.0,3.4,117.4,113.6,3.8
On/Off Court,1610612762,UTA,Utah Jazz,203482,"Olynyk, Kelly",On,68,1942.0,0.3,116.4,116.0,0.4
On/Off Court,1610612762,UTA,Utah Jazz,1630695,"Potter, Micah",On,7,52.0,-2.7,95.8,100.0,-4.2
On/Off Court,1610612762,UTA,Utah Jazz,1629677,"Samanic, Luka",On,7,161.0,-1.8,109.6,111.3,-1.7
On/Off Court,1610612762,UTA,Utah Jazz,1629012,"Sexton, Collin",On,48,1145.0,-1.2,116.4,116.3,0.1
On/Off Court,1610612762,UTA,Utah Jazz,1629308,"Toscano-Anderson, Juan",On,22,335.0,-8.9,105.6,114.4,-8.8
On/Off Court,1610612762,UTA,Utah Jazz,1629020,"Vanderbilt, Jarred",On,52,1254.0,-2.6,116.5,118.3,-1.8
On/Off Court,1610612763,MEM,Memphis Grizzlies,203500,"Adams, Steven",On,42,1133.0,10.3,118.7,109.0,9.7
On/Off Court,1610612763,MEM,Memphis Grizzlies,1630583,"Aldama, Santi",On,77,1682.0,2.6,112.7,110.2,2.6
On/Off Court,1610612763,MEM,Memphis Grizzlies,1630217,"Bane, Desmond",On,58,1841.0,9.3,116.4,107.4,9.0
On/Off Court,1610612763,MEM,Memphis Grizzlies,1628415,"Brooks, Dillon",On,73,2214.0,4.4,113.4,108.5,4.9
On/Off Court,1610612763,MEM,Memphis Grizzlies,1631113,"Chandler, Kennedy",On,36,282.0,-7.0,103.0,108.4,-5.4
On/Off Court,1610612763,MEM,Memphis Grizzlies,1629634,"Clarke, Brandon",On,56,1090.0,-0.6,109.0,108.3,0.7
On/Off Court,1610612763,MEM,Memphis Grizzlies,1631367,"Gilyard, Jacob",On,1,41.0,-15.3,101.1,116.1,-14.9
On/Off Court,1610612763,MEM,Memphis Grizzlies,201980,"Green, Danny",On,3,43.0,-3.3,102.2,105.6,-3.4
On/Off Court,1610612763,MEM,Memphis Grizzlies,1628991,"Jackson Jr., Jaren",On,63,1788.0,9.8,116.4,106.6,9.8
On/Off Court,1610612763,MEM,Memphis Grizzlies,1626145,"Jones, Tyus",On,80,1939.0,2.4,113.6,111.6,2.0
On/Off Court,1610612763,MEM,Memphis Grizzlies,1628379,"Kennard, Luke",On,24,590.0,9.5,122.3,113.1,9.2
On/Off Court,1610612763,MEM,Memphis Grizzlies,1629723,"Konchar, John",On,72,1494.0,6.7,114.6,107.5,7.0
On/Off Court,1610612763,MEM,Memphis Grizzlies,1631222,"LaRavia, Jake",On,35,414.0,-9.0,106.4,113.9,-7.6
On/Off Court,1610612763,MEM,Memphis Grizzlies,1631254,"Lofton Jr., Kenneth",On,24,176.0,-13.1,103.3,116.7,-13.4
On/Off Court,1610612763,MEM,Memphis Grizzlies,1629630,"Morant, Ja",On,61,1948.0,7.4,115.8,108.5,7.3
On/Off Court,1610612763,MEM,Memphis Grizzlies,1631223,"Roddy, David",On,70,1259.0,-2.3,110.6,112.5,-1.9
On/Off Court,1610612763,MEM,Memphis Grizzlies,1630214,"Tillman, Xavier",On,61,1180.0,0.0,110.9,110.1,0.7
On/Off Court,1610612763,MEM,Memphis Grizzlies,1631246,"Williams Jr., Vince",On,15,105.0,-15.6,89.2,104.0,-14.8
On/Off Court,1610612763,MEM,Memphis Grizzlies,1630533,"Williams, Ziaire",On,37,561.0,-6.5,106.9,112.2,-5.2
On/Off Court,1610612764,WAS,Washington Wizards,1630166,"Avdija, Deni",On,76,2020.0,-1.2,113.3,114.1,-0.8
On/Off Court,1610612764,WAS,Washington Wizards,203115,"Barton, Will",On,40,782.0,-8.2,105.5,114.2,-8.7
On/Off Court,1610612764,WAS,Washington Wizards,203078,"Beal, Bradley",On,50,1673.0,1.2,116.6,115.9,0.7
On/Off Court,1610612764,WAS,Washington Wizards,1631123,"Bouyea, Jamaree",On,1,6.0,34.7,118.2,75.0,43.2
On/Off Court,1610612764,WAS,Washington Wizards,1630176,"Carey Jr., Vernon",On,11,28.0,-16.9,74.6,91.9,-17.3
On/Off Court,1610612764,WAS,Washington Wizards,1641645,"Cooks, Xavier",On,10,126.0,7.3,114.8,107.3,7.4
On/Off Court,1610612764,WAS,Washington Wizards,1631098,"Davis, Johnny",On,28,423.0,-6.1,101.7,107.9,-6.2
On/Off Court,1610612764,WAS,Washington Wizards,1629653,"Dotson, Devon",On,6,53.0,-2.7,101.8,107.5,-5.7
On/Off Court,1610612764,WAS,Washington Wizards,1629655,"Gafford, Daniel",On,78,1604.0,-2.7,111.7,114.3,-2.5
On/Off Court,1610612764,WAS,Washington Wizards,201959,"Gibson, Taj",On,49,480.0,-0.4,110.6,111.7,-1.1
On/Off Court,1610612764,WAS,Washington Wizards,1630264,"Gill, Anthony",On,59,625.0,-0.9,109.5,110.4,-0.8
On/Off Court,1610612764,WAS,Washington Wizards,1630692,"Goodwin, Jordan",On,62,1105.0,-5.1,107.1,111.7,-4.5
On/Off Court,1610612764,WAS,Washington Wizards,1629060,"Hachimura, Rui",On,30,728.0,-4.6,105.9,110.6,-4.7
On/Off Court,1610612764,WAS,Washington Wizards,1630643,"Huff, Jay",On,7,95.0,-3.5,117.5,118.5,-1.1
On/Off Court,1610612764,WAS,Washington Wizards,1631245,"Jackson, Quenton",On,9,135.0,-6.1,104.6,111.3,-6.7
On/Off Court,1610612764,WAS,Washington Wizards,1630557,"Kispert, Corey",On,74,2093.0,-2.8,112.4,115.6,-3.2
On/Off Court,1610612764,WAS,Washington Wizards,1628398,"Kuzma, Kyle",On,64,2239.0,0.2,112.9,112.6,0.3
On/Off Court,1610612764,WAS,Washington Wizards,1628420,"Morris, Monté",On,62,1696.0,0.2,117.4,117.3,0.1
On/Off Court,1610612764,WAS,Washington Wizards,1629134,"Nunn, Kendrick",On,31,436.0,-3.6,114.1,117.3,-3.2
On/Off Court,1610612764,WAS,Washington Wizards,204001,"Porziņģis, Kristaps",On,65,2120.0,1.8,116.2,114.8,1.4
On/Off Court,1610612764,WAS,Washington Wizards,1630648,"Schakel, Jordan",On,2,6.0,46.2,133.3,83.3,50.0
On/Off Court,1610612764,WAS,Washington Wizards,1630225,"Todd, Isaiah",On,6,61.0,-5.5,97.1,103.7,-6.7
On/Off Court,1610612764,WAS,Washington Wizards,1626153,"Wright, Delon",On,50,1221.0,2.7,114.1,110.9,3.2
On/Off Court,1610612765,DET,Detroit Pistons,1628963,"Bagley III, Marvin",On,42,990.0,-11.1,107.3,117.9,-10.6
On/Off Court,1610612765,DET,Detroit Pistons,1630180,"Bey, Saddiq",On,52,1500.0,-7.9,110.3,118.1,-7.8
On/Off Court,1610612765,DET,Detroit Pistons,1631205,"Boeheim, Buddy",On,10,90.0,1.6,105.9,103.2,2.7
On/Off Court,1610612765,DET,Detroit Pistons,202711,"Bogdanović, Bojan",On,59,1893.0,-8.4,111.3,119.5,-8.2
On/Off Court,1610612765,DET,Detroit Pistons,202692,"Burks, Alec",On,51,1122.0,-0.3,112.9,113.9,-1.0
On/Off Court,1610612765,DET,Detroit Pistons,1630595,"Cunningham, Cade",On,12,400.0,-7.2,111.2,117.3,-6.1
On/Off Court,1610612765,DET,Detroit Pistons,1628977,"Diallo, Hamidou",On,56,996.0,-0.8,108.9,109.5,-0.6
On/Off Court,1610612765,DET,Detroit Pistons,1631105,"Duren, Jalen",On,67,1670.0,-8.0,108.0,116.2,-8.3
On/Off Court,1610612765,DET,Detroit Pistons,1630181,"Hampton, R.J.",On,21,389.0,-12.8,106.4,118.2,-11.8
On/Off Court,1610612765,DET,Detroit Pistons,1630165,"Hayes, Killian",On,76,2154.0,-11.1,106.7,117.6,-10.9
On/Off Court,1610612765,DET,Detroit Pistons,1631093,"Ivey, Jaden",On,74,2304.0,-13.4,107.1,120.1,-13.0
On/Off Court,1610612765,DET,Detroit Pistons,202709,"Joseph, Cory",On,62,1227.0,-4.3,109.7,113.8,-4.1
On/Off Court,1610612765,DET,Detroit Pistons,1630296,"Key, Braxton",On,3,9.0,-15.8,100.0,104.5,-4.5
On/Off Court,1610612765,DET,Detroit Pistons,1628995,"Knox II, Kevin",On,42,593.0,-7.0,105.0,112.0,-7.0
On/Off Court,1610612765,DET,Detroit Pistons,1630587,"Livers, Isaiah",On,52,1199.0,-8.1,107.9,115.6,-7.8
On/Off Court,1610612765,DET,Detroit Pistons,203585,"McGruder, Rodney",On,32,524.0,-4.0,111.5,114.9,-3.5
On/Off Court,1610612765,DET,Detroit Pistons,203457,"Noel, Nerlens",On,14,152.0,-19.6,99.4,116.7,-17.3
On/Off Court,1610612765,DET,Detroit Pistons,1630647,"Omoruyi, Eugene",On,17,373.0,-3.9,111.5,114.4,-2.9
On/Off Court,1610612765,DET,Detroit Pistons,1631197,"Rhoden, Jared",On,14,198.0,5.1,114.9,110.6,4.3
On/Off Court,1610612765,DET,Detroit Pistons,1630191,"Stewart, Isaiah",On,50,1414.0,-7.7,108.9,116.9,-8.0
On/Off Court,1610612765,DET,Detroit Pistons,1630649,"Umude, Stanley",On,1,2.0,68.0,175.0,80.0,95.0
On/Off Court,1610612765,DET,Detroit Pistons,1630164,"Wiseman, James",On,24,605.0,-17.5,105.0,121.3,-16.3
On/Off Court,1610612766,CHA,Charlotte Hornets,1630163,"Ball, LaMelo",On,36,1268.0,-5.7,112.5,117.3,-4.7
On/Off Court,1610612766,CHA,Charlotte Hornets,1630547,"Bouknight, James",On,34,515.0,-9.0,102.6,110.9,-8.3
On/Off Court,1610612766,CHA,Charlotte Hornets,202330,"Hayward, Gordon",On,50,1577.0,-3.3,108.4,111.7,-3.3
On/Off Court,1610612766,CHA,Charlotte Hornets,1630539,"Jones, Kai",On,46,550.0,-2.8,105.3,108.4,-3.1
On/Off Court,1610612766,CHA,Charlotte Hornets,1630177,"Maledon, Theo",On,44,854.0,-8.3,106.9,115.8,-8.9
On/Off Court,1610612766,CHA,Charlotte Hornets,1628998,"Martin, Cody",On,7,134.0,-9.3,107.6,117.3,-9.7
On/Off Court,1610612766,CHA,Charlotte Hornets,1629667,"McDaniels, Jalen",On,56,1494.0,-5.4,108.2,113.4,-5.1
On/Off Court,1610612766,CHA,Charlotte Hornets,1631121,"McGowens, Bryce",On,46,787.0,-9.1,102.6,112.3,-9.7
On/Off Court,1610612766,CHA,Charlotte Hornets,1629004,"Mykhailiuk, Svi",On,19,428.0,0.0,111.0,111.5,-0.5
On/Off Court,1610612766,CHA,Charlotte Hornets,1626162,"Oubre Jr., Kelly",On,48,1548.0,-8.6,107.6,115.3,-7.7
On/Off Court,1610612766,CHA,Charlotte Hornets,203486,"Plumlee, Mason",On,56,1596.0,-8.1,110.3,117.9,-7.6
On/Off Court,1610612766,CHA,Charlotte Hornets,1630208,"Richards, Nick",On,65,1218.0,-4.5,107.5,112.0,-4.5
On/Off Court,1610612766,CHA,Charlotte Hornets,1626179,"Rozier, Terry",On,63,2221.0,-6.2,109.3,115.6,-6.2
On/Off Court,1610612766,CHA,Charlotte Hornets,1628424,"Simmons, Kobi",On,5,28.0,-32.8,80.3,115.3,-34.9
On/Off Court,1610612766,CHA,Charlotte Hornets,1628372,"Smith Jr., Dennis",On,54,1390.0,-2.4,103.6,106.2,-2.6
On/Off Court,1610612766,CHA,Charlotte Hornets,1630270,"Sneed, Xavier",On,4,48.0,-27.9,85.6,110.4,-24.8
On/Off Court,1610612766,CHA,Charlotte Hornets,1630550,"Thor, JT",On,69,969.0,-8.1,102.7,110.2,-7.5
On/Off Court,1610612766,CHA,Charlotte Hornets,1629023,"Washington, P.J.",On,73,2380.0,-7.6,107.5,114.8,-7.2
On/Off Court,1610612766,CHA,Charlotte Hornets,1631109,"Williams, Mark",On,43,828.0,-4.6,105.6,110.3,-4.7
