GAME_ID,TEAM_ID,TEAM_NAME,TEAM_ABBREVIATION,TEAM_CITY,MIN,FGM,FGA,FG_PCT,FG3M,FG3A,FG3_PCT,FTM,FTA,FT_PCT,OREB,DREB,REB,AST,STL,BLK,TO,PF,PTS,PLUS_MINUS
22200767,1610612749,Bucks,MIL,Milwaukee,240:00,43,105,0.41,15,44,0.341,23,27,0.852,16,50,66,18,7,8,12,21,124,9
22200767,1610612766,Hornets,CHA,Charlotte,240:00,42,111,0.378,11,39,0.282,20,26,0.769,18,44,62,27,6,6,11,24,115,-9
22200765,1610612752,Knicks,NYK,New York,265:00,44,98,0.449,7,34,0.206,28,32,0.875,13,32,45,27,6,3,9,24,123,-6
22200765,1610612747,Lakers,LAL,Los Angeles,265:00,48,93,0.516,11,33,0.333,22,31,0.71,11,33,44,29,6,1,14,23,129,6
22200768,1610612740,Pelicans,NOP,New Orleans,240:00,42,85,0.494,8,27,0.296,21,25,0.84,8,28,36,28,13,2,15,24,113,-9
22200768,1610612743,Nuggets,DEN,Denver,240:00,43,87,0.494,16,36,0.444,20,24,0.833,10,34,44,33,7,3,18,21,122,9
22200764,1610612748,Heat,MIA,Miami,240:00,34,78,0.436,14,31,0.452,18,25,0.72,9,36,45,21,7,3,13,17,100,3
22200764,1610612739,Cavaliers,CLE,Cleveland,240:00,40,83,0.482,11,40,0.275,6,12,0.5,5,34,39,32,9,6,13,20,97,-3
22200766,1610612746,Clippers,LAC,LA,240:00,37,93,0.398,12,44,0.273,22,26,0.846,11,33,44,24,15,6,8,16,108,5
22200766,1610612741,Bulls,CHI,Chicago,240:00,38,77,0.494,12,24,0.5,15,21,0.714,6,45,51,26,6,6,20,19,103,-5
22200759,1610612760,Thunder,OKC,Oklahoma City,240:00,46,93,0.495,11,24,0.458,17,20,0.85,8,35,43,23,10,4,16,18,120,-8
22200759,1610612744,Warriors,GSW,Golden State,240:00,46,90,0.511,20,47,0.426,16,20,0.8,6,38,44,37,9,4,15,18,128,8
22200756,1610612755,76ers,PHI,Philadelphia,240:00,40,85,0.471,11,30,0.367,18,23,0.783,8,37,45,28,8,3,19,25,109,-10
22200756,1610612753,Magic,ORL,Orlando,240:00,42,99,0.424,11,29,0.379,24,30,0.8,15,35,50,23,11,6,10,16,119,10
22200758,1610612758,Kings,SAC,Sacramento,265:00,47,99,0.475,9,30,0.3,15,22,0.682,10,40,50,20,15,3,12,21,118,7
22200758,1610612750,Timberwolves,MIN,Minnesota,265:00,43,92,0.467,12,39,0.308,13,25,0.52,8,41,49,26,7,3,18,16,111,-7
22200763,1610612757,Trail Blazers,POR,Portland,240:00,43,79,0.544,19,40,0.475,24,27,0.889,3,29,32,24,2,7,8,21,129,4
22200763,1610612737,Hawks,ATL,Atlanta,240:00,44,94,0.468,13,30,0.433,24,30,0.8,17,28,45,26,5,0,6,21,125,-4
22200761,1610612765,Pistons,DET,Detroit,240:00,36,79,0.456,14,39,0.359,19,27,0.704,9,31,40,18,9,6,14,31,105,-6
22200761,1610612742,Mavericks,DAL,Dallas,240:00,39,79,0.494,10,34,0.294,23,33,0.697,9,31,40,17,6,1,10,18,111,6
22200762,1610612761,Raptors,TOR,Toronto,240:00,40,89,0.449,9,33,0.273,17,19,0.895,16,28,44,19,9,4,13,19,106,-8
22200762,1610612756,Suns,PHX,Phoenix,240:00,43,87,0.494,11,28,0.393,17,21,0.81,13,29,42,28,10,4,12,16,114,8
22200760,1610612764,Wizards,WAS,Washington,240:00,48,86,0.558,16,30,0.533,15,17,0.882,5,40,45,32,7,8,13,19,127,21
22200760,1610612759,Spurs,SAS,San Antonio,240:00,42,97,0.433,7,29,0.241,15,23,0.652,14,29,43,26,6,6,10,20,106,-21
22200753,1610612763,Grizzlies,MEM,Memphis,240:00,43,89,0.483,9,37,0.243,17,22,0.773,15,26,41,29,10,8,7,21,112,12
22200753,1610612754,Pacers,IND,Indiana,240:00,36,79,0.456,9,32,0.281,19,21,0.905,11,27,38,21,4,6,17,22,100,-12
22200754,1610612746,Clippers,LAC,LA,240:00,37,89,0.416,2,19,0.105,23,27,0.852,15,30,45,17,6,0,13,19,99,-23
22200754,1610612739,Cavaliers,CLE,Cleveland,240:00,44,78,0.564,20,33,0.606,14,19,0.737,4,31,35,35,9,7,10,23,122,23
22200755,1610612740,Pelicans,NOP,New Orleans,240:00,41,93,0.441,13,34,0.382,15,21,0.714,8,30,38,25,7,3,12,20,110,-25
22200755,1610612749,Bucks,MIL,Milwaukee,240:00,53,96,0.552,17,43,0.395,12,20,0.6,12,45,57,27,7,4,11,18,135,25
22200749,1610612747,Lakers,LAL,Los Angeles,265:00,47,105,0.448,12,42,0.286,15,20,0.75,11,36,47,30,4,0,12,23,121,-4
22200749,1610612738,Celtics,BOS,Boston,265:00,39,84,0.464,13,40,0.325,34,39,0.872,7,39,46,18,8,9,12,22,125,4
22200746,1610612758,Kings,SAC,Sacramento,240:00,37,82,0.451,9,33,0.273,27,36,0.75,10,26,36,23,5,0,9,21,110,-7
22200746,1610612750,Timberwolves,MIN,Minnesota,240:00,42,80,0.525,17,37,0.459,16,21,0.762,9,35,44,25,5,2,19,26,117,7
22200751,1610612761,Raptors,TOR,Toronto,240:00,48,92,0.522,10,30,0.333,17,18,0.944,15,30,45,24,6,3,6,18,123,18
22200751,1610612757,Trail Blazers,POR,Portland,240:00,40,76,0.526,7,24,0.292,18,23,0.783,3,24,27,18,3,6,11,16,105,-18
22200743,1610612745,Rockets,HOU,Houston,240:00,44,92,0.478,8,27,0.296,21,27,0.778,16,32,48,20,8,4,17,20,117,3
22200743,1610612765,Pistons,DET,Detroit,240:00,38,83,0.458,14,38,0.368,24,31,0.774,8,27,35,23,10,5,16,25,114,-3
22200742,1610612752,Knicks,NYK,New York,240:00,45,88,0.511,10,28,0.357,15,19,0.789,14,31,45,19,4,4,10,14,115,-7
22200742,1610612751,Nets,BKN,Brooklyn,240:00,46,87,0.529,22,40,0.55,8,14,0.571,9,26,35,31,5,3,8,17,122,7
22200750,1610612762,Jazz,UTA,Utah,240:00,39,82,0.476,13,36,0.361,17,24,0.708,13,36,49,26,9,6,16,23,108,8
22200750,1610612742,Mavericks,DAL,Dallas,240:00,35,80,0.438,18,46,0.391,12,17,0.706,7,24,31,26,7,3,14,18,100,-8
22200741,1610612755,76ers,PHI,Philadelphia,240:00,46,89,0.517,18,35,0.514,16,24,0.667,12,27,39,31,10,2,11,15,126,7
22200741,1610612743,Nuggets,DEN,Denver,240:00,44,81,0.543,14,34,0.412,17,20,0.85,6,30,36,28,6,6,14,14,119,-7
22200748,1610612759,Spurs,SAS,San Antonio,265:00,48,109,0.44,10,29,0.345,12,17,0.706,17,36,53,32,6,4,13,20,118,-10
22200748,1610612756,Suns,PHX,Phoenix,265:00,50,103,0.485,8,24,0.333,20,26,0.769,17,35,52,31,7,6,9,19,128,10
22200747,1610612764,Wizards,WAS,Washington,240:00,40,88,0.455,11,36,0.306,22,29,0.759,13,40,53,18,5,8,16,17,113,10
22200747,1610612740,Pelicans,NOP,New Orleans,240:00,39,92,0.424,8,29,0.276,17,19,0.895,8,34,42,21,9,8,10,26,103,-10
22200744,1610612753,Magic,ORL,Orlando,240:00,41,83,0.494,10,28,0.357,17,24,0.708,6,30,36,29,5,0,12,18,109,-19
22200744,1610612741,Bulls,CHI,Chicago,240:00,48,81,0.593,16,35,0.457,16,19,0.842,4,34,38,30,5,6,12,22,128,19
22200745,1610612746,Clippers,LAC,LA,240:00,42,80,0.525,19,39,0.487,17,19,0.895,6,31,37,25,5,5,14,15,120,7
22200745,1610612737,Hawks,ATL,Atlanta,240:00,45,95,0.474,7,27,0.259,16,20,0.8,15,32,47,24,12,2,8,18,113,-7
22200740,1610612761,Raptors,TOR,Toronto,240:00,46,101,0.455,12,33,0.364,13,21,0.619,14,32,46,24,5,4,10,17,117,-12
22200740,1610612744,Warriors,GSW,Golden State,240:00,50,90,0.556,18,43,0.419,11,15,0.733,5,38,43,40,5,1,12,18,129,12
22200730,1610612752,Knicks,NYK,New York,265:00,44,96,0.458,13,38,0.342,19,23,0.826,10,40,50,17,5,5,8,20,120,3
22200730,1610612738,Celtics,BOS,Boston,265:00,41,100,0.41,16,46,0.348,19,23,0.826,15,39,54,22,4,4,13,19,117,-3
22200731,1610612765,Pistons,DET,Detroit,240:00,48,95,0.505,11,27,0.407,23,26,0.885,15,33,48,27,12,5,11,22,130,8
22200731,1610612751,Nets,BKN,Brooklyn,240:00,43,94,0.457,13,38,0.342,23,27,0.852,15,25,40,24,5,6,16,23,122,-8
22200734,1610612756,Suns,PHX,Phoenix,240:00,35,86,0.407,13,32,0.406,12,16,0.75,13,37,50,24,4,6,7,21,95,-4
22200734,1610612742,Mavericks,DAL,Dallas,240:00,33,77,0.429,13,34,0.382,20,28,0.714,7,36,43,20,3,3,7,10,99,4
22200735,1610612759,Spurs,SAS,San Antonio,240:00,37,82,0.451,8,24,0.333,18,28,0.643,11,31,42,24,2,1,12,18,100,-38
22200735,1610612746,Clippers,LAC,LA,240:00,52,89,0.584,18,38,0.474,16,21,0.762,6,31,37,26,9,9,5,21,138,38
22200732,1610612741,Bulls,CHI,Chicago,240:00,37,91,0.407,4,25,0.16,18,22,0.818,7,36,43,16,8,2,13,20,96,-15
22200732,1610612766,Hornets,CHA,Charlotte,240:00,39,84,0.464,7,32,0.219,26,31,0.839,6,46,52,24,8,5,14,19,111,15
22200733,1610612745,Rockets,HOU,Houston,240:00,39,76,0.513,5,21,0.238,12,20,0.6,10,36,46,24,5,6,22,20,95,-18
22200733,1610612739,Cavaliers,CLE,Cleveland,240:00,40,87,0.46,15,36,0.417,18,22,0.818,11,25,36,29,12,4,9,16,113,18
22200724,1610612740,Pelicans,NOP,New Orleans,240:00,37,85,0.435,12,38,0.316,16,21,0.762,8,34,42,25,4,7,14,21,102,-9
22200724,1610612750,Timberwolves,MIN,Minnesota,240:00,40,82,0.488,11,29,0.379,20,28,0.714,4,32,36,23,8,5,9,18,111,9
22200720,1610612753,Magic,ORL,Orlando,240:00,46,82,0.561,15,28,0.536,19,25,0.76,9,25,34,34,8,7,17,22,126,6
22200720,1610612754,Pacers,IND,Indiana,240:00,41,85,0.482,15,35,0.429,23,29,0.793,10,22,32,25,14,5,14,20,120,-6
22200721,1610612755,76ers,PHI,Philadelphia,240:00,42,82,0.512,18,38,0.474,35,36,0.972,11,25,36,26,10,4,9,19,137,4
22200721,1610612751,Nets,BKN,Brooklyn,240:00,49,76,0.645,14,26,0.538,21,27,0.778,6,25,31,29,3,4,16,26,133,-4
22200728,1610612761,Raptors,TOR,Toronto,240:00,48,97,0.495,12,40,0.3,5,7,0.714,11,30,41,28,12,8,9,17,113,18
22200728,1610612758,Kings,SAC,Sacramento,240:00,35,73,0.479,13,32,0.406,12,13,0.923,4,30,34,29,6,2,19,12,95,-18
22200726,1610612763,Grizzlies,MEM,Memphis,240:00,42,88,0.477,10,31,0.323,26,37,0.703,11,25,36,26,10,3,13,26,120,-2
22200726,1610612744,Warriors,GSW,Golden State,240:00,43,85,0.506,14,32,0.438,22,28,0.786,14,30,44,33,7,5,21,27,122,2
22200725,1610612760,Thunder,OKC,Oklahoma City,240:00,53,102,0.52,15,34,0.441,11,16,0.688,12,25,37,31,12,2,11,23,132,-5
22200725,1610612737,Hawks,ATL,Atlanta,240:00,50,84,0.595,11,29,0.379,26,33,0.788,11,35,46,26,5,6,16,16,137,5
22200723,1610612749,Bucks,MIL,Milwaukee,240:00,37,78,0.474,13,30,0.433,20,28,0.714,7,42,49,16,11,7,22,15,107,8
22200723,1610612743,Nuggets,DEN,Denver,240:00,38,97,0.392,11,34,0.324,12,16,0.75,15,36,51,21,9,5,19,21,99,-8
22200729,1610612759,Spurs,SAS,San Antonio,240:00,40,106,0.377,8,34,0.235,16,18,0.889,17,31,48,22,11,2,14,19,104,-9
22200729,1610612747,Lakers,LAL,Los Angeles,240:00,40,90,0.444,10,33,0.303,23,30,0.767,11,45,56,25,12,9,19,13,113,9
22200722,1610612764,Wizards,WAS,Washington,240:00,39,98,0.398,12,38,0.316,18,23,0.783,15,33,48,27,13,7,7,16,108,5
22200722,1610612745,Rockets,HOU,Houston,240:00,42,97,0.433,5,28,0.179,14,20,0.7,17,40,57,29,5,10,14,15,103,-5
22200708,1610612741,Bulls,CHI,Chicago,240:00,44,95,0.463,11,34,0.324,12,18,0.667,15,32,47,28,13,3,9,20,111,11
22200708,1610612737,Hawks,ATL,Atlanta,240:00,39,85,0.459,10,33,0.303,12,19,0.632,9,34,43,24,6,4,18,14,100,-11
22200705,1610612757,Trail Blazers,POR,Portland,240:00,37,86,0.43,17,46,0.37,21,25,0.84,11,27,38,24,5,7,11,24,112,-9
22200705,1610612747,Lakers,LAL,Los Angeles,240:00,45,86,0.523,10,30,0.333,21,27,0.778,10,41,51,23,5,5,12,19,121,9
22200701,1610612746,Clippers,LAC,LA,240:00,35,77,0.455,12,28,0.429,30,31,0.968,9,37,46,20,6,3,10,23,112,14
22200701,1610612742,Mavericks,DAL,Dallas,240:00,35,80,0.438,13,35,0.371,15,26,0.577,12,26,38,15,3,3,10,21,98,-14
22200700,1610612761,Raptors,TOR,Toronto,240:00,41,90,0.456,15,34,0.441,28,35,0.8,17,28,45,21,12,4,7,20,125,9
22200700,1610612752,Knicks,NYK,New York,240:00,40,82,0.488,18,41,0.439,18,26,0.692,14,33,47,30,4,4,16,24,116,-9
22200699,1610612740,Pelicans,NOP,New Orleans,240:00,37,78,0.474,8,30,0.267,14,18,0.778,8,33,41,24,17,4,24,22,96,-4
22200699,1610612748,Heat,MIA,Miami,240:00,35,80,0.438,8,34,0.235,22,27,0.815,12,30,42,17,16,1,21,14,100,4
22200704,1610612744,Warriors,GSW,Golden State,240:00,41,90,0.456,13,32,0.406,21,27,0.778,10,32,42,28,10,2,10,24,116,-4
22200704,1610612751,Nets,BKN,Brooklyn,240:00,43,79,0.544,14,27,0.519,20,31,0.645,9,33,42,30,4,7,15,22,120,4
22200703,1610612756,Suns,PHX,Phoenix,240:00,39,88,0.443,13,35,0.371,21,25,0.84,6,34,40,25,10,5,16,26,112,2
22200703,1610612763,Grizzlies,MEM,Memphis,240:00,40,92,0.435,11,32,0.344,19,27,0.704,15,37,52,28,8,4,20,22,110,-2
22200702,1610612760,Thunder,OKC,Oklahoma City,240:00,40,89,0.449,7,26,0.269,14,16,0.875,14,36,50,21,4,5,8,24,101,2
22200702,1610612743,Nuggets,DEN,Denver,240:00,36,82,0.439,10,28,0.357,17,33,0.515,10,32,42,22,7,5,9,16,99,-2
22200695,1610612749,Bucks,MIL,Milwaukee,240:00,39,86,0.453,14,39,0.359,10,11,0.909,7,29,36,24,3,6,14,17,102,-12
22200695,1610612739,Cavaliers,CLE,Cleveland,240:00,48,86,0.558,7,22,0.318,11,17,0.647,9,32,41,33,9,3,9,13,114,12
22200697,1610612756,Suns,PHX,Phoenix,240:00,38,91,0.418,12,31,0.387,24,35,0.686,14,41,55,27,9,8,15,20,112,5
22200697,1610612754,Pacers,IND,Indiana,240:00,36,96,0.375,13,37,0.351,22,26,0.846,11,37,48,22,10,4,14,29,107,-5
22200693,1610612764,Wizards,WAS,Washington,240:00,51,95,0.537,18,34,0.529,18,25,0.72,9,37,46,34,6,5,8,18,138,20
22200693,1610612753,Magic,ORL,Orlando,240:00,42,90,0.467,14,34,0.412,20,24,0.833,9,32,41,24,3,10,10,19,118,-20
22200698,1610612758,Kings,SAC,Sacramento,240:00,46,84,0.548,13,33,0.394,22,29,0.759,4,25,29,28,6,5,8,20,127,-2
22200698,1610612755,76ers,PHI,Philadelphia,240:00,49,93,0.527,12,28,0.429,19,23,0.826,16,30,46,27,4,3,15,26,129,2
22200694,1610612766,Hornets,CHA,Charlotte,240:00,45,89,0.506,13,34,0.382,19,22,0.864,6,30,36,28,11,2,12,18,122,4
22200694,1610612737,Hawks,ATL,Atlanta,240:00,45,83,0.542,11,25,0.44,17,20,0.85,6,34,40,24,5,4,16,20,118,-4
22200696,1610612750,Timberwolves,MIN,Minnesota,240:00,38,83,0.458,17,41,0.415,20,24,0.833,3,27,30,20,12,9,11,26,113,9
22200696,1610612745,Rockets,HOU,Houston,240:00,38,79,0.481,9,24,0.375,19,33,0.576,15,41,56,24,4,6,21,19,104,-9
22200692,1610612761,Raptors,TOR,Toronto,240:00,46,86,0.535,7,19,0.368,5,7,0.714,6,35,41,24,7,9,14,13,104,-2
22200692,1610612738,Celtics,BOS,Boston,240:00,38,85,0.447,16,35,0.457,14,15,0.933,11,30,41,25,9,8,15,17,106,2
22200686,1610612748,Heat,MIA,Miami,240:00,33,69,0.478,4,20,0.2,20,27,0.741,5,34,39,15,3,1,15,22,90,-25
22200686,1610612742,Mavericks,DAL,Dallas,240:00,37,80,0.463,18,38,0.474,23,28,0.821,10,27,37,21,7,1,10,22,115,25
22200688,1610612754,Pacers,IND,Indiana,240:00,37,84,0.44,8,32,0.25,29,37,0.784,16,23,39,23,7,2,21,18,111,-23
22200688,1610612743,Nuggets,DEN,Denver,240:00,51,83,0.614,14,28,0.5,18,26,0.692,12,26,38,38,16,4,16,28,134,23
22200685,1610612744,Warriors,GSW,Golden State,240:00,42,86,0.488,23,43,0.535,13,19,0.684,14,31,45,25,9,4,17,19,120,6
22200685,1610612739,Cavaliers,CLE,Cleveland,240:00,42,84,0.5,14,33,0.424,16,19,0.842,10,25,35,24,7,8,15,15,114,-6
22200689,1610612762,Jazz,UTA,Utah,240:00,37,88,0.42,16,39,0.41,16,23,0.696,13,33,46,24,6,1,10,18,106,-11
22200689,1610612751,Nets,BKN,Brooklyn,240:00,43,80,0.538,18,41,0.439,13,20,0.65,6,36,42,26,7,6,9,18,117,11
22200691,1610612758,Kings,SAC,Sacramento,240:00,41,87,0.471,12,38,0.316,24,28,0.857,13,40,53,25,1,2,15,17,118,5
22200691,1610612760,Thunder,OKC,Oklahoma City,240:00,45,93,0.484,16,40,0.4,7,11,0.636,8,28,36,21,4,1,9,20,113,-5
22200687,1610612759,Spurs,SAS,San Antonio,240:00,51,89,0.573,14,26,0.538,10,14,0.714,12,22,34,34,3,1,6,15,126,-5
22200687,1610612746,Clippers,LAC,LA,240:00,51,81,0.63,15,28,0.536,14,20,0.7,11,21,32,31,4,2,9,13,131,5
22200684,1610612752,Knicks,NYK,New York,240:00,49,83,0.59,13,30,0.433,13,17,0.765,9,25,34,27,5,3,12,15,124,-15
22200684,1610612737,Hawks,ATL,Atlanta,240:00,56,100,0.56,13,34,0.382,14,16,0.875,14,25,39,27,6,4,7,16,139,15
22200683,1610612753,Magic,ORL,Orlando,240:00,39,75,0.52,15,30,0.5,30,34,0.882,5,37,42,28,2,5,14,18,123,13
22200683,1610612740,Pelicans,NOP,New Orleans,240:00,41,91,0.451,10,35,0.286,18,24,0.75,11,28,39,29,9,5,10,21,110,-13
22200690,1610612763,Grizzlies,MEM,Memphis,240:00,43,102,0.422,9,29,0.31,26,40,0.65,24,39,63,24,6,7,14,31,121,-1
22200690,1610612747,Lakers,LAL,Los Angeles,240:00,38,93,0.409,13,41,0.317,33,41,0.805,10,37,47,24,7,7,9,26,122,1
22200682,1610612757,Trail Blazers,POR,Portland,240:00,32,85,0.376,9,37,0.243,22,29,0.759,13,31,44,19,4,3,15,15,95,-10
22200682,1610612755,76ers,PHI,Philadelphia,240:00,41,81,0.506,8,26,0.308,15,19,0.789,5,38,43,24,8,8,12,23,105,10
22200678,1610612765,Pistons,DET,Detroit,240:00,39,97,0.402,8,34,0.235,22,27,0.815,17,32,49,25,7,3,15,15,108,-18
22200678,1610612741,Bulls,CHI,Chicago,240:00,50,92,0.543,7,23,0.304,19,21,0.905,11,37,48,23,11,8,14,17,126,18
22200680,1610612761,Raptors,TOR,Toronto,240:00,46,87,0.529,14,28,0.5,20,27,0.741,8,30,38,26,8,6,16,19,126,-2
22200680,1610612750,Timberwolves,MIN,Minnesota,240:00,45,89,0.506,17,40,0.425,21,23,0.913,8,29,37,31,12,5,15,20,128,2
22200681,1610612756,Suns,PHX,Phoenix,240:00,39,85,0.459,11,28,0.393,28,41,0.683,12,37,49,30,4,3,16,23,117,5
22200681,1610612751,Nets,BKN,Brooklyn,240:00,43,82,0.524,11,26,0.423,15,25,0.6,2,32,34,27,10,6,12,34,112,-5
22200672,1610612763,Grizzlies,MEM,Memphis,240:00,44,97,0.454,11,34,0.324,16,22,0.727,15,27,42,22,10,7,8,19,115,1
22200672,1610612739,Cavaliers,CLE,Cleveland,240:00,42,82,0.512,16,35,0.457,14,21,0.667,11,36,47,29,4,7,16,17,114,-1
22200670,1610612742,Mavericks,DAL,Dallas,240:00,44,84,0.524,16,42,0.381,18,24,0.75,10,21,31,26,5,3,16,19,122,-8
22200670,1610612737,Hawks,ATL,Atlanta,240:00,49,86,0.57,13,26,0.5,19,20,0.95,7,28,35,28,7,4,12,23,130,8
22200676,1610612750,Timberwolves,MIN,Minnesota,240:00,42,81,0.519,12,32,0.375,22,28,0.786,12,24,36,26,6,10,17,27,118,-4
22200676,1610612743,Nuggets,DEN,Denver,240:00,45,85,0.529,8,21,0.381,24,32,0.75,8,26,34,27,10,2,14,19,122,4
22200673,1610612740,Pelicans,NOP,New Orleans,240:00,37,80,0.463,13,30,0.433,11,18,0.611,9,29,38,27,5,3,18,17,98,-26
22200673,1610612748,Heat,MIA,Miami,240:00,50,94,0.532,12,35,0.343,12,16,0.75,10,33,43,37,11,2,9,17,124,26
22200669,1610612764,Wizards,WAS,Washington,240:00,42,95,0.442,16,42,0.381,16,19,0.842,18,34,52,28,5,9,13,23,116,11
22200669,1610612752,Knicks,NYK,New York,240:00,40,96,0.417,7,26,0.269,18,27,0.667,20,29,49,14,9,4,9,20,105,-11
22200675,1610612762,Jazz,UTA,Utah,240:00,45,87,0.517,19,32,0.594,17,22,0.773,9,35,44,26,4,7,8,19,126,23
22200675,1610612746,Clippers,LAC,LA,240:00,37,92,0.402,15,34,0.441,14,21,0.667,16,34,50,23,1,6,13,20,103,-23
22200671,1610612745,Rockets,HOU,Houston,240:00,46,91,0.505,10,32,0.313,15,20,0.75,12,35,47,21,4,5,19,22,117,-5
22200671,1610612766,Hornets,CHA,Charlotte,240:00,48,96,0.5,9,36,0.25,17,25,0.68,11,26,37,27,14,10,9,20,122,5
22200674,1610612760,Thunder,OKC,Oklahoma City,240:00,47,93,0.505,16,38,0.421,16,21,0.762,13,29,42,41,12,7,17,25,126,20
22200674,1610612754,Pacers,IND,Indiana,240:00,39,94,0.415,12,33,0.364,16,24,0.667,20,28,48,23,9,10,23,19,106,-20
22200677,1610612758,Kings,SAC,Sacramento,240:00,43,87,0.494,9,30,0.3,21,27,0.778,14,33,47,23,3,5,11,14,116,5
22200677,1610612747,Lakers,LAL,Los Angeles,240:00,43,89,0.483,11,34,0.324,14,18,0.778,6,30,36,26,9,3,6,20,111,-5
22200667,1610612757,Trail Blazers,POR,Portland,240:00,38,83,0.458,13,40,0.325,24,25,0.96,5,30,35,21,3,4,13,24,113,-9
22200667,1610612743,Nuggets,DEN,Denver,240:00,44,88,0.5,11,32,0.344,23,28,0.821,11,31,42,32,8,6,11,15,122,9
22200666,1610612759,Spurs,SAS,San Antonio,240:00,37,97,0.381,7,34,0.206,25,28,0.893,13,41,54,23,12,4,15,22,106,8
22200666,1610612751,Nets,BKN,Brooklyn,240:00,37,88,0.42,3,23,0.13,21,24,0.875,10,39,49,22,10,8,21,26,98,-8
22200668,1610612755,76ers,PHI,Philadelphia,240:00,39,73,0.534,13,31,0.419,29,34,0.853,8,25,33,25,12,4,14,17,120,10
22200668,1610612746,Clippers,LAC,LA,240:00,41,82,0.5,12,34,0.353,16,20,0.8,8,25,33,20,4,5,18,23,110,-10
22200665,1610612761,Raptors,TOR,Toronto,240:00,46,101,0.455,13,35,0.371,17,27,0.63,20,30,50,20,7,5,9,14,122,-8
22200665,1610612749,Bucks,MIL,Milwaukee,240:00,46,86,0.535,19,39,0.487,19,21,0.905,6,36,42,24,5,5,11,19,130,8
22200660,1610612764,Wizards,WAS,Washington,240:00,42,86,0.488,14,35,0.4,20,23,0.87,6,30,36,31,7,2,14,21,118,-9
22200660,1610612744,Warriors,GSW,Golden State,240:00,45,91,0.495,18,44,0.409,19,21,0.905,9,34,43,28,8,1,12,23,127,9
22200657,1610612749,Bucks,MIL,Milwaukee,240:00,48,91,0.527,23,46,0.5,13,15,0.867,9,32,41,32,9,1,13,14,132,13
22200657,1610612754,Pacers,IND,Indiana,240:00,43,84,0.512,19,40,0.475,14,15,0.933,4,33,37,29,6,5,15,17,119,-13
22200662,1610612762,Jazz,UTA,Utah,240:00,45,84,0.536,13,34,0.382,23,28,0.821,14,36,50,25,0,5,18,12,126,1
22200662,1610612750,Timberwolves,MIN,Minnesota,240:00,46,101,0.455,18,41,0.439,15,18,0.833,16,25,41,28,9,6,5,20,125,-1
22200658,1610612740,Pelicans,NOP,New Orleans,240:00,38,75,0.507,10,27,0.37,17,22,0.773,3,25,28,26,9,1,17,23,103,-10
22200658,1610612739,Cavaliers,CLE,Cleveland,240:00,39,80,0.488,9,28,0.321,26,33,0.788,13,30,43,22,5,4,15,19,113,10
22200656,1610612766,Hornets,CHA,Charlotte,240:00,41,90,0.456,13,31,0.419,23,30,0.767,13,25,38,26,7,2,5,18,118,-12
22200656,1610612738,Celtics,BOS,Boston,240:00,43,87,0.494,20,43,0.465,24,25,0.96,14,33,47,34,1,4,11,21,130,12
22200664,1610612747,Lakers,LAL,Los Angeles,240:00,49,91,0.538,12,33,0.364,30,35,0.857,9,30,39,23,4,5,2,19,140,8
22200664,1610612745,Rockets,HOU,Houston,240:00,49,100,0.49,11,30,0.367,23,31,0.742,17,31,48,28,0,7,8,25,132,-8
22200663,1610612756,Suns,PHX,Phoenix,240:00,39,89,0.438,10,33,0.303,18,19,0.947,9,28,37,33,4,4,15,22,106,-30
22200663,1610612763,Grizzlies,MEM,Memphis,240:00,52,98,0.531,16,37,0.432,16,20,0.8,13,38,51,29,8,6,10,19,136,30
22200661,1610612748,Heat,MIA,Miami,240:00,43,89,0.483,8,31,0.258,19,20,0.95,12,29,41,30,10,4,14,22,113,-8
22200661,1610612737,Hawks,ATL,Atlanta,240:00,45,76,0.592,13,27,0.481,18,22,0.818,2,26,28,27,9,5,16,17,121,8
22200653,1610612753,Magic,ORL,Orlando,240:00,41,84,0.488,7,29,0.241,27,34,0.794,10,29,39,24,7,2,13,17,116,-3
22200653,1610612743,Nuggets,DEN,Denver,240:00,48,89,0.539,13,39,0.333,10,19,0.526,12,29,41,32,10,5,15,22,119,3
22200655,1610612755,76ers,PHI,Philadelphia,240:00,43,85,0.506,12,34,0.353,15,19,0.789,5,33,38,29,3,7,9,16,113,1
22200655,1610612747,Lakers,LAL,Los Angeles,240:00,48,87,0.552,6,20,0.3,10,13,0.769,4,34,38,28,4,6,9,19,112,-1
22200649,1610612746,Clippers,LAC,LA,240:00,46,88,0.523,14,32,0.438,15,21,0.714,11,33,44,21,13,6,15,16,121,21
22200649,1610612745,Rockets,HOU,Houston,240:00,38,84,0.452,7,31,0.226,17,23,0.739,10,29,39,22,8,6,20,17,100,-21
22200652,1610612759,Spurs,SAS,San Antonio,240:00,48,93,0.516,10,26,0.385,13,20,0.65,11,29,40,27,1,3,10,21,119,-13
22200652,1610612758,Kings,SAC,Sacramento,240:00,49,89,0.551,14,30,0.467,20,25,0.8,7,31,38,24,5,2,5,19,132,13
22200654,1610612757,Trail Blazers,POR,Portland,240:00,43,85,0.506,17,44,0.386,37,42,0.881,8,33,41,28,3,6,7,29,140,17
22200654,1610612742,Mavericks,DAL,Dallas,240:00,41,89,0.461,14,42,0.333,27,33,0.818,13,26,39,31,3,2,9,29,123,-17
22200650,1610612744,Warriors,GSW,Golden State,240:00,41,83,0.494,21,51,0.412,15,22,0.682,7,33,40,35,6,4,23,22,118,-14
22200650,1610612741,Bulls,CHI,Chicago,240:00,48,95,0.505,15,39,0.385,21,24,0.875,7,31,38,29,12,1,10,18,132,14
22200651,1610612760,Thunder,OKC,Oklahoma City,240:00,40,90,0.444,12,31,0.387,20,26,0.769,11,39,50,21,5,7,8,14,112,10
22200651,1610612751,Nets,BKN,Brooklyn,240:00,39,91,0.429,12,41,0.293,12,19,0.632,14,37,51,24,4,7,15,21,102,-10
22200648,1610612752,Knicks,NYK,New York,240:00,40,88,0.455,12,30,0.4,25,31,0.806,18,34,52,17,3,6,6,12,117,13
22200648,1610612765,Pistons,DET,Detroit,240:00,37,83,0.446,18,44,0.409,12,15,0.8,9,29,38,23,4,4,11,22,104,-13
22200643,1610612763,Grizzlies,MEM,Memphis,240:00,48,87,0.552,12,32,0.375,22,28,0.786,7,38,45,32,11,8,15,21,130,18
22200643,1610612754,Pacers,IND,Indiana,240:00,38,103,0.369,11,47,0.234,25,28,0.893,16,33,49,26,5,8,19,20,112,-18
22200646,1610612762,Jazz,UTA,Utah,240:00,43,90,0.478,12,40,0.3,19,23,0.826,10,38,48,20,5,6,10,24,117,-1
22200646,1610612755,76ers,PHI,Philadelphia,240:00,40,89,0.449,17,39,0.436,21,26,0.808,9,28,37,23,5,5,8,17,118,1
22200641,1610612749,Bucks,MIL,Milwaukee,240:00,34,84,0.405,19,48,0.396,8,12,0.667,7,25,32,26,7,2,10,13,95,-16
22200641,1610612748,Heat,MIA,Miami,240:00,45,87,0.517,11,22,0.5,10,12,0.833,13,38,51,17,9,3,11,14,111,16
22200644,1610612761,Raptors,TOR,Toronto,240:00,36,87,0.414,7,29,0.241,24,30,0.8,11,32,43,19,9,3,12,19,103,-11
22200644,1610612737,Hawks,ATL,Atlanta,240:00,43,84,0.512,11,27,0.407,17,18,0.944,5,35,40,19,6,4,11,22,114,11
22200647,1610612757,Trail Blazers,POR,Portland,240:00,49,88,0.557,17,41,0.415,21,22,0.955,10,37,47,34,7,4,9,20,136,17
22200647,1610612742,Mavericks,DAL,Dallas,240:00,43,82,0.524,22,46,0.478,11,19,0.579,2,23,25,28,4,3,10,18,119,-17
22200642,1610612766,Hornets,CHA,Charlotte,240:00,41,88,0.466,8,27,0.296,16,19,0.842,10,36,46,21,3,2,11,11,106,-16
22200642,1610612738,Celtics,BOS,Boston,240:00,47,99,0.475,19,53,0.358,9,10,0.9,14,32,46,35,8,4,7,15,122,16
22200633,1610612754,Pacers,IND,Indiana,240:00,40,101,0.396,7,30,0.233,24,29,0.828,19,32,51,24,8,9,12,22,111,-2
22200633,1610612737,Hawks,ATL,Atlanta,240:00,41,94,0.436,16,33,0.485,15,21,0.714,14,36,50,26,6,9,13,22,113,2
22200637,1610612756,Suns,PHX,Phoenix,240:00,41,86,0.477,14,23,0.609,20,24,0.833,9,34,43,28,10,3,19,20,116,-5
22200637,1610612750,Timberwolves,MIN,Minnesota,240:00,47,90,0.522,10,28,0.357,17,20,0.85,4,33,37,24,13,3,14,22,121,5
22200634,1610612764,Wizards,WAS,Washington,240:00,36,93,0.387,13,42,0.31,23,26,0.885,12,38,50,18,3,4,7,23,108,-4
22200634,1610612752,Knicks,NYK,New York,240:00,41,92,0.446,8,29,0.276,22,31,0.71,14,40,54,15,3,6,7,23,112,4
22200640,1610612758,Kings,SAC,Sacramento,240:00,47,86,0.547,20,40,0.5,25,29,0.862,14,32,46,34,10,8,14,19,139,25
22200640,1610612745,Rockets,HOU,Houston,240:00,43,91,0.473,12,37,0.324,16,25,0.64,12,22,34,23,10,4,15,24,114,-25
22200632,1610612740,Pelicans,NOP,New Orleans,240:00,42,86,0.488,11,31,0.355,21,30,0.7,8,40,48,29,7,3,16,21,116,6
22200632,1610612765,Pistons,DET,Detroit,240:00,43,90,0.478,7,30,0.233,17,24,0.708,7,35,42,20,7,3,13,23,110,-6
22200635,1610612759,Spurs,SAS,San Antonio,240:00,40,88,0.455,8,22,0.364,25,34,0.735,7,31,38,26,6,3,15,19,113,-31
22200635,1610612744,Warriors,GSW,Golden State,240:00,55,101,0.545,18,48,0.375,16,20,0.8,12,43,55,33,9,6,12,26,144,31
22200638,1610612762,Jazz,UTA,Utah,240:00,36,83,0.434,11,35,0.314,29,40,0.725,17,42,59,15,9,11,24,18,112,4
22200638,1610612753,Magic,ORL,Orlando,240:00,42,96,0.438,14,36,0.389,10,16,0.625,11,29,40,23,13,3,15,25,108,-4
22200636,1610612760,Thunder,OKC,Oklahoma City,240:00,47,92,0.511,11,33,0.333,19,22,0.864,12,34,46,22,12,6,10,19,124,14
22200636,1610612741,Bulls,CHI,Chicago,240:00,38,85,0.447,12,38,0.316,22,24,0.917,10,32,42,30,7,5,16,17,110,-14
22200639,1610612746,Clippers,LAC,LA,240:00,41,87,0.471,10,29,0.345,11,14,0.786,11,32,43,20,6,3,12,18,103,-12
22200639,1610612743,Nuggets,DEN,Denver,240:00,41,82,0.5,14,33,0.424,19,25,0.76,10,33,43,24,7,4,10,11,115,12
22200627,1610612738,Celtics,BOS,Boston,240:00,41,86,0.477,12,36,0.333,15,17,0.882,12,36,48,23,4,6,13,15,109,11
22200627,1610612751,Nets,BKN,Brooklyn,240:00,38,84,0.452,13,34,0.382,9,11,0.818,4,27,31,26,8,9,12,19,98,-11
22200629,1610612761,Raptors,TOR,Toronto,240:00,43,83,0.518,10,28,0.357,28,36,0.778,8,24,32,30,15,4,9,23,124,10
22200629,1610612766,Hornets,CHA,Charlotte,240:00,41,77,0.532,13,33,0.394,19,27,0.704,9,33,42,27,6,5,22,30,114,-10
22200630,1610612747,Lakers,LAL,Los Angeles,290:00,44,112,0.393,10,41,0.244,17,27,0.63,14,42,56,24,7,4,9,18,115,-4
22200630,1610612742,Mavericks,DAL,Dallas,290:00,48,96,0.5,14,42,0.333,9,17,0.529,3,51,54,25,4,9,16,26,119,4
22200619,1610612764,Wizards,WAS,Washington,240:00,38,82,0.463,7,23,0.304,17,21,0.81,12,40,52,21,5,3,17,18,100,3
22200619,1610612741,Bulls,CHI,Chicago,240:00,41,88,0.466,9,29,0.31,6,9,0.667,8,31,39,16,7,6,12,19,97,-3
22200620,1610612749,Bucks,MIL,Milwaukee,240:00,45,98,0.459,18,48,0.375,6,11,0.545,14,43,57,28,6,4,10,15,114,9
22200620,1610612737,Hawks,ATL,Atlanta,240:00,39,87,0.448,11,30,0.367,16,18,0.889,6,35,41,25,5,3,11,12,105,-9
22200622,1610612752,Knicks,NYK,New York,240:00,38,84,0.452,15,42,0.357,28,33,0.848,12,38,50,21,9,4,12,16,119,6
22200622,1610612754,Pacers,IND,Indiana,240:00,43,90,0.478,12,39,0.308,15,21,0.714,8,33,41,27,8,5,13,25,113,-6
22200621,1610612740,Pelicans,NOP,New Orleans,240:00,45,87,0.517,11,30,0.367,13,17,0.765,4,29,33,22,5,4,9,17,114,-11
22200621,1610612738,Celtics,BOS,Boston,240:00,44,91,0.484,15,44,0.341,22,25,0.88,11,39,50,24,7,5,9,16,125,11
22200623,1610612759,Spurs,SAS,San Antonio,240:00,50,107,0.467,11,34,0.324,18,23,0.783,17,31,48,33,7,11,12,18,129,-6
22200623,1610612763,Grizzlies,MEM,Memphis,240:00,52,101,0.515,14,22,0.636,17,25,0.68,17,40,57,19,6,8,13,17,135,6
22200624,1610612756,Suns,PHX,Phoenix,240:00,39,90,0.433,9,32,0.281,10,14,0.714,15,29,44,28,4,2,16,17,97,-29
22200624,1610612743,Nuggets,DEN,Denver,240:00,48,85,0.565,15,34,0.441,15,21,0.714,7,31,38,30,9,4,10,20,126,29
22200618,1610612750,Timberwolves,MIN,Minnesota,240:00,43,88,0.489,16,33,0.485,16,21,0.762,13,23,36,22,7,2,18,22,118,-17
22200618,1610612765,Pistons,DET,Detroit,240:00,48,80,0.6,17,32,0.531,22,28,0.786,7,31,38,30,10,7,16,20,135,17
22200625,1610612758,Kings,SAC,Sacramento,240:00,45,94,0.479,19,48,0.396,26,31,0.839,9,36,45,28,4,4,9,19,135,20
22200625,1610612745,Rockets,HOU,Houston,240:00,44,96,0.458,16,41,0.39,11,17,0.647,8,40,48,30,7,3,13,23,115,-20
22200617,1610612746,Clippers,LAC,LA,240:00,39,86,0.453,12,31,0.387,23,30,0.767,12,34,46,20,7,4,9,23,113,12
22200617,1610612742,Mavericks,DAL,Dallas,240:00,30,69,0.435,12,38,0.316,29,36,0.806,3,29,32,15,5,6,11,17,101,-12
22200614,1610612762,Jazz,UTA,Utah,240:00,38,87,0.437,10,36,0.278,30,37,0.811,15,39,54,21,3,3,15,17,116,2
22200614,1610612739,Cavaliers,CLE,Cleveland,240:00,42,90,0.467,10,37,0.27,20,24,0.833,7,30,37,18,7,7,5,25,114,-2
22200611,1610612760,Thunder,OKC,Oklahoma City,240:00,44,91,0.484,9,35,0.257,14,21,0.667,14,30,44,27,8,3,18,27,111,-1
22200611,1610612748,Heat,MIA,Miami,240:00,31,79,0.392,10,33,0.303,40,40,1.0,13,28,41,18,10,4,19,19,112,1
22200616,1610612757,Trail Blazers,POR,Portland,240:00,42,87,0.483,6,35,0.171,16,19,0.842,13,30,43,22,10,7,16,22,106,-3
22200616,1610612753,Magic,ORL,Orlando,240:00,40,78,0.513,9,24,0.375,20,25,0.8,6,29,35,19,10,2,16,20,109,3
22200613,1610612761,Raptors,TOR,Toronto,240:00,45,91,0.495,20,44,0.455,22,27,0.815,18,31,49,32,4,4,11,17,132,12
22200613,1610612766,Hornets,CHA,Charlotte,240:00,47,86,0.547,15,35,0.429,11,15,0.733,6,28,34,33,6,4,9,19,120,-12
22200610,1610612758,Kings,SAC,Sacramento,240:00,52,97,0.536,23,46,0.5,9,12,0.75,11,37,48,39,4,1,11,16,136,25
22200610,1610612753,Magic,ORL,Orlando,240:00,41,90,0.456,14,44,0.318,15,20,0.75,9,32,41,24,7,7,13,18,111,-25
22200608,1610612759,Spurs,SAS,San Antonio,240:00,44,97,0.454,11,32,0.344,14,16,0.875,12,30,42,28,8,1,14,24,113,-8
22200608,1610612763,Grizzlies,MEM,Memphis,240:00,45,91,0.495,11,26,0.423,20,35,0.571,11,39,50,26,9,7,13,15,121,8
22200609,1610612747,Lakers,LAL,Los Angeles,240:00,41,93,0.441,8,28,0.286,19,25,0.76,11,33,44,20,12,2,13,14,109,-13
22200609,1610612743,Nuggets,DEN,Denver,240:00,46,99,0.465,15,42,0.357,15,17,0.882,14,41,55,29,7,11,17,19,122,13
22200607,1610612752,Knicks,NYK,New York,240:00,38,100,0.38,11,41,0.268,20,22,0.909,18,30,48,16,8,1,7,14,107,-4
22200607,1610612749,Bucks,MIL,Milwaukee,240:00,39,89,0.438,19,49,0.388,14,18,0.778,12,36,48,27,3,5,14,17,111,4
22200605,1610612764,Wizards,WAS,Washington,240:00,42,82,0.512,14,34,0.412,14,18,0.778,7,30,37,26,5,1,20,25,112,-20
22200605,1610612740,Pelicans,NOP,New Orleans,240:00,49,93,0.527,10,26,0.385,24,31,0.774,12,32,44,24,9,5,9,21,132,20
22200606,1610612741,Bulls,CHI,Chicago,240:00,39,86,0.453,12,35,0.343,9,14,0.643,6,36,42,19,6,1,7,18,99,-8
22200606,1610612738,Celtics,BOS,Boston,240:00,38,87,0.437,11,41,0.268,20,21,0.952,9,41,50,25,2,7,9,12,107,8
22200596,1610612755,76ers,PHI,Philadelphia,240:00,46,94,0.489,11,37,0.297,20,23,0.87,14,30,44,24,12,5,13,17,123,12
22200596,1610612765,Pistons,DET,Detroit,240:00,44,87,0.506,8,23,0.348,15,18,0.833,10,33,43,25,9,2,23,20,111,-12
22200599,1610612748,Heat,MIA,Miami,240:00,38,92,0.413,13,35,0.371,12,17,0.706,16,25,41,22,8,4,11,17,101,-1
22200599,1610612751,Nets,BKN,Brooklyn,240:00,39,76,0.513,12,33,0.364,12,15,0.8,6,34,40,22,8,8,16,21,102,1
22200598,1610612754,Pacers,IND,Indiana,240:00,38,87,0.437,13,38,0.342,27,33,0.818,8,33,41,27,14,7,16,22,116,5
22200598,1610612766,Hornets,CHA,Charlotte,240:00,38,88,0.432,11,33,0.333,24,27,0.889,13,36,49,25,8,4,18,26,111,-5
22200604,1610612746,Clippers,LAC,LA,240:00,37,95,0.389,10,30,0.333,24,31,0.774,21,38,59,25,6,5,11,19,108,-4
22200604,1610612737,Hawks,ATL,Atlanta,240:00,44,89,0.494,8,26,0.308,16,20,0.8,7,36,43,22,7,9,9,18,112,4
22200602,1610612760,Thunder,OKC,Oklahoma City,240:00,46,95,0.484,12,28,0.429,16,20,0.8,13,35,48,27,5,8,8,26,120,11
22200602,1610612742,Mavericks,DAL,Dallas,240:00,31,73,0.425,14,39,0.359,33,42,0.786,8,31,39,21,3,1,12,19,109,-11
22200603,1610612756,Suns,PHX,Phoenix,240:00,37,84,0.44,14,26,0.538,10,11,0.909,6,30,36,22,7,2,16,14,98,-14
22200603,1610612739,Cavaliers,CLE,Cleveland,240:00,45,78,0.577,11,29,0.379,11,17,0.647,3,36,39,29,8,5,14,12,112,14
22200597,1610612761,Raptors,TOR,Toronto,240:00,40,91,0.44,12,31,0.387,25,29,0.862,13,28,41,26,12,8,10,28,117,12
22200597,1610612757,Trail Blazers,POR,Portland,240:00,34,76,0.447,9,30,0.3,28,37,0.757,10,32,42,19,5,4,22,24,105,-12
22200600,1610612762,Jazz,UTA,Utah,240:00,45,88,0.511,10,32,0.313,18,22,0.818,8,38,46,29,7,9,20,18,118,-5
22200600,1610612763,Grizzlies,MEM,Memphis,240:00,46,102,0.451,15,38,0.395,16,22,0.727,13,26,39,28,16,7,10,19,123,5
22200594,1610612753,Magic,ORL,Orlando,240:00,44,87,0.506,13,32,0.406,14,24,0.583,7,37,44,26,12,2,10,14,115,14
22200594,1610612744,Warriors,GSW,Golden State,240:00,33,88,0.375,18,58,0.31,17,21,0.81,11,38,49,26,7,1,16,17,101,-14
22200592,1610612762,Jazz,UTA,Utah,240:00,46,93,0.495,12,41,0.293,14,18,0.778,7,32,39,36,6,2,10,24,118,-8
22200592,1610612741,Bulls,CHI,Chicago,240:00,44,83,0.53,13,28,0.464,25,32,0.781,7,37,44,22,4,4,10,22,126,8
22200595,1610612758,Kings,SAC,Sacramento,240:00,45,86,0.523,14,32,0.438,30,37,0.811,13,21,34,25,5,4,14,26,134,-2
22200595,1610612747,Lakers,LAL,Los Angeles,240:00,50,82,0.61,9,21,0.429,27,33,0.818,10,28,38,26,4,3,17,25,136,2
22200593,1610612740,Pelicans,NOP,New Orleans,240:00,45,94,0.479,5,29,0.172,22,35,0.629,15,29,44,26,14,4,12,25,117,-10
22200593,1610612742,Mavericks,DAL,Dallas,240:00,42,74,0.568,13,29,0.448,30,38,0.789,5,34,39,23,5,7,17,24,127,10
22200590,1610612747,Lakers,LAL,Los Angeles,240:00,51,93,0.548,16,35,0.457,12,16,0.75,7,44,51,33,6,5,16,18,130,16
22200590,1610612737,Hawks,ATL,Atlanta,240:00,44,96,0.458,9,31,0.29,17,22,0.773,7,32,39,24,8,5,12,15,114,-16
22200584,1610612764,Wizards,WAS,Washington,240:00,38,79,0.481,7,24,0.292,27,36,0.75,11,35,46,21,6,2,20,18,110,-17
22200584,1610612760,Thunder,OKC,Oklahoma City,240:00,50,98,0.51,17,37,0.459,10,14,0.714,11,30,41,30,9,6,9,26,127,17
22200581,1610612755,76ers,PHI,Philadelphia,240:00,40,92,0.435,18,41,0.439,14,18,0.778,12,26,38,28,6,3,7,15,112,-14
22200581,1610612741,Bulls,CHI,Chicago,240:00,48,84,0.571,20,34,0.588,10,17,0.588,8,37,45,33,3,4,11,14,126,14
22200585,1610612759,Spurs,SAS,San Antonio,240:00,45,81,0.556,9,24,0.375,22,26,0.846,7,37,44,27,8,4,17,16,121,12
22200585,1610612765,Pistons,DET,Detroit,240:00,44,93,0.473,11,31,0.355,10,17,0.588,15,22,37,23,11,0,15,22,109,-12
22200582,1610612761,Raptors,TOR,Toronto,240:00,35,83,0.422,10,29,0.345,28,35,0.8,12,34,46,22,7,3,7,23,108,-4
22200582,1610612752,Knicks,NYK,New York,240:00,39,83,0.47,16,37,0.432,18,26,0.692,13,38,51,19,3,4,11,23,112,4
22200580,1610612757,Trail Blazers,POR,Portland,240:00,38,94,0.404,9,33,0.273,14,17,0.824,12,40,52,30,5,1,18,19,99,-9
22200580,1610612754,Pacers,IND,Indiana,240:00,38,84,0.452,7,25,0.28,25,28,0.893,4,37,41,22,11,6,12,22,108,9
22200587,1610612750,Timberwolves,MIN,Minnesota,240:00,46,81,0.568,13,35,0.371,23,29,0.793,10,35,45,28,4,7,19,22,128,13
22200587,1610612746,Clippers,LAC,LA,240:00,44,100,0.44,9,25,0.36,18,27,0.667,18,22,40,22,13,3,8,19,115,-13
22200588,1610612743,Nuggets,DEN,Denver,240:00,43,81,0.531,17,35,0.486,18,23,0.783,13,36,49,28,5,4,12,23,121,13
22200588,1610612739,Cavaliers,CLE,Cleveland,240:00,40,88,0.455,10,26,0.385,18,32,0.563,18,22,40,30,7,5,6,18,108,-13
22200583,1610612749,Bucks,MIL,Milwaukee,240:00,37,84,0.44,20,48,0.417,15,24,0.625,12,33,45,22,5,4,16,18,109,-29
22200583,1610612766,Hornets,CHA,Charlotte,240:00,53,102,0.52,20,48,0.417,12,19,0.632,13,36,49,32,11,3,5,17,138,29
22200586,1610612740,Pelicans,NOP,New Orleans,240:00,35,88,0.398,12,29,0.414,20,25,0.8,14,37,51,16,7,4,15,20,102,-6
22200586,1610612751,Nets,BKN,Brooklyn,240:00,37,85,0.435,15,33,0.455,19,20,0.95,10,33,43,26,8,12,12,23,108,6
22200589,1610612756,Suns,PHX,Phoenix,240:00,34,82,0.415,6,23,0.261,22,25,0.88,8,36,44,22,5,2,14,20,96,-8
22200589,1610612748,Heat,MIA,Miami,240:00,33,78,0.423,12,38,0.316,26,31,0.839,5,32,37,19,10,3,12,14,104,8
22200576,1610612753,Magic,ORL,Orlando,240:00,39,84,0.464,11,36,0.306,26,30,0.867,7,32,39,23,6,3,10,22,115,-8
22200576,1610612763,Grizzlies,MEM,Memphis,240:00,48,92,0.522,12,36,0.333,15,23,0.652,9,40,49,24,5,3,12,22,123,8
22200577,1610612742,Mavericks,DAL,Dallas,240:00,34,90,0.378,7,32,0.219,20,25,0.8,11,31,42,15,4,3,11,19,95,-29
22200577,1610612738,Celtics,BOS,Boston,240:00,41,84,0.488,16,43,0.372,26,31,0.839,10,42,52,29,6,8,11,22,124,29
22200579,1610612746,Clippers,LAC,LA,240:00,34,91,0.374,5,37,0.135,18,25,0.72,8,33,41,24,7,3,7,14,91,-31
22200579,1610612743,Nuggets,DEN,Denver,240:00,45,89,0.506,14,36,0.389,18,21,0.857,10,47,57,28,6,5,11,16,122,31
22200573,1610612744,Warriors,GSW,Golden State,240:00,45,87,0.517,15,40,0.375,14,15,0.933,9,31,40,31,3,4,14,20,119,-3
22200573,1610612765,Pistons,DET,Detroit,240:00,45,92,0.489,16,36,0.444,16,23,0.696,11,30,41,29,9,1,8,11,122,3
22200571,1610612757,Trail Blazers,POR,Portland,240:00,33,75,0.44,9,29,0.31,31,42,0.738,12,27,39,18,8,7,16,30,106,-7
22200571,1610612750,Timberwolves,MIN,Minnesota,240:00,39,76,0.513,9,24,0.375,26,36,0.722,8,25,33,25,8,6,14,30,113,7
22200575,1610612758,Kings,SAC,Sacramento,240:00,41,88,0.466,10,25,0.4,25,27,0.926,10,32,42,26,9,3,10,19,117,-3
22200575,1610612737,Hawks,ATL,Atlanta,240:00,45,84,0.536,10,30,0.333,20,22,0.909,7,37,44,21,9,4,15,21,120,3
22200570,1610612741,Bulls,CHI,Chicago,240:00,43,81,0.531,8,20,0.4,27,29,0.931,6,40,46,21,7,7,15,16,121,9
22200570,1610612751,Nets,BKN,Brooklyn,240:00,42,91,0.462,12,37,0.324,16,21,0.762,5,29,34,24,9,7,10,22,112,-9
22200572,1610612740,Pelicans,NOP,New Orleans,240:00,41,89,0.461,14,38,0.368,23,26,0.885,15,36,51,25,6,6,14,19,119,11
22200572,1610612745,Rockets,HOU,Houston,240:00,39,88,0.443,12,38,0.316,18,27,0.667,12,31,43,25,10,4,13,22,108,-11
22200562,1610612760,Thunder,OKC,Oklahoma City,240:00,58,98,0.592,20,40,0.5,14,22,0.636,9,35,44,31,14,3,13,23,150,33
22200562,1610612738,Celtics,BOS,Boston,240:00,40,88,0.455,12,40,0.3,25,31,0.806,11,27,38,29,4,7,17,15,117,-33
22200563,1610612762,Jazz,UTA,Utah,240:00,38,88,0.432,13,44,0.295,26,29,0.897,12,32,44,21,9,3,16,19,115,-2
22200563,1610612758,Kings,SAC,Sacramento,240:00,46,86,0.535,9,32,0.281,16,18,0.889,7,33,40,23,7,4,17,26,117,2
22200561,1610612764,Wizards,WAS,Washington,240:00,42,97,0.433,8,27,0.296,21,23,0.913,14,32,46,27,9,4,10,16,113,-10
22200561,1610612749,Bucks,MIL,Milwaukee,240:00,48,100,0.48,11,40,0.275,16,17,0.941,15,34,49,27,8,6,12,14,123,10
22200552,1610612739,Cavaliers,CLE,Cleveland,265:00,48,92,0.522,16,46,0.348,33,45,0.733,13,34,47,27,1,3,10,27,145,11
22200552,1610612741,Bulls,CHI,Chicago,265:00,47,95,0.495,10,33,0.303,30,34,0.882,6,36,42,22,8,2,7,33,134,-11
22200553,1610612761,Raptors,TOR,Toronto,240:00,41,91,0.451,14,42,0.333,18,23,0.783,12,24,36,26,5,11,11,27,114,-8
22200553,1610612754,Pacers,IND,Indiana,240:00,45,93,0.484,10,27,0.37,22,26,0.846,15,35,50,24,4,2,12,19,122,8
22200551,1610612747,Lakers,LAL,Los Angeles,240:00,45,93,0.484,10,30,0.333,21,30,0.7,9,44,53,26,6,5,14,21,121,6
22200551,1610612766,Hornets,CHA,Charlotte,240:00,42,93,0.452,11,32,0.344,20,29,0.69,8,39,47,24,8,7,14,22,115,-6
22200558,1610612744,Warriors,GSW,Golden State,290:00,54,121,0.446,19,59,0.322,16,24,0.667,23,46,69,34,9,6,19,23,143,2
22200558,1610612737,Hawks,ATL,Atlanta,290:00,53,109,0.486,11,35,0.314,24,29,0.828,10,43,53,30,9,10,13,17,141,-2
22200557,1610612750,Timberwolves,MIN,Minnesota,240:00,45,87,0.517,13,36,0.361,21,27,0.778,11,30,41,29,7,4,11,22,124,13
22200557,1610612743,Nuggets,DEN,Denver,240:00,42,91,0.462,11,29,0.379,16,20,0.8,18,27,45,27,8,1,14,21,111,-13
22200550,1610612756,Suns,PHX,Phoenix,240:00,34,87,0.391,10,37,0.27,5,7,0.714,5,31,36,22,4,0,8,17,83,-19
22200550,1610612752,Knicks,NYK,New York,240:00,36,74,0.486,13,33,0.394,17,25,0.68,5,40,45,26,1,2,7,13,102,19
22200556,1610612745,Rockets,HOU,Houston,240:00,38,82,0.463,9,29,0.31,21,29,0.724,8,38,46,21,4,4,10,28,106,-5
22200556,1610612742,Mavericks,DAL,Dallas,240:00,34,81,0.42,13,43,0.302,30,34,0.882,8,33,41,19,8,6,8,19,111,5
22200559,1610612757,Trail Blazers,POR,Portland,240:00,48,84,0.571,14,31,0.452,25,35,0.714,6,38,44,29,16,6,18,27,135,29
22200559,1610612765,Pistons,DET,Detroit,240:00,34,82,0.415,6,18,0.333,32,41,0.78,9,36,45,16,8,4,21,27,106,-29
22200555,1610612759,Spurs,SAS,San Antonio,240:00,42,97,0.433,8,31,0.258,11,18,0.611,15,28,43,26,5,4,18,13,103,-36
22200555,1610612751,Nets,BKN,Brooklyn,240:00,58,93,0.624,11,20,0.55,12,15,0.8,7,38,45,31,13,7,12,16,139,36
22200554,1610612755,76ers,PHI,Philadelphia,240:00,41,86,0.477,15,35,0.429,23,28,0.821,7,28,35,26,9,6,9,22,120,9
22200554,1610612740,Pelicans,NOP,New Orleans,240:00,42,84,0.5,11,29,0.379,16,20,0.8,10,39,49,26,3,6,17,22,111,-9
22200560,1610612748,Heat,MIA,Miami,240:00,39,85,0.459,12,36,0.333,20,24,0.833,12,36,48,22,7,2,11,23,110,10
22200560,1610612746,Clippers,LAC,LA,240:00,29,67,0.433,12,29,0.414,30,34,0.882,3,31,34,19,7,1,15,18,100,-10
22200548,1610612764,Wizards,WAS,Washington,240:00,50,94,0.532,7,27,0.259,11,16,0.688,12,42,54,29,9,6,17,10,118,23
22200548,1610612749,Bucks,MIL,Milwaukee,240:00,34,96,0.354,13,49,0.265,14,15,0.933,14,30,44,22,11,3,16,15,95,-23
22200547,1610612758,Kings,SAC,Sacramento,240:00,39,96,0.406,15,43,0.349,15,15,1.0,14,33,47,24,7,4,15,18,108,-10
22200547,1610612763,Grizzlies,MEM,Memphis,240:00,46,100,0.46,10,32,0.313,16,24,0.667,21,36,57,25,11,8,11,18,118,10
22200757,1610612747,Lakers,LAL,Los Angeles,240:00,35,89,0.393,11,29,0.379,23,37,0.622,16,37,53,24,1,3,14,16,104,-17
22200757,1610612751,Nets,BKN,Brooklyn,240:00,45,95,0.474,16,41,0.39,15,19,0.789,12,38,50,24,8,9,9,25,121,17
22200752,1610612748,Heat,MIA,Miami,240:00,45,93,0.484,10,31,0.323,17,23,0.739,10,26,36,26,11,0,10,17,117,-5
22200752,1610612766,Hornets,CHA,Charlotte,240:00,45,83,0.542,15,40,0.375,17,22,0.773,11,36,47,25,6,3,19,18,122,5
22200736,1610612749,Bucks,MIL,Milwaukee,240:00,52,98,0.531,18,43,0.419,19,31,0.613,14,36,50,32,11,3,16,20,141,10
22200736,1610612754,Pacers,IND,Indiana,240:00,49,89,0.551,13,33,0.394,20,28,0.714,5,33,38,22,10,4,13,24,131,-10
22200737,1610612750,Timberwolves,MIN,Minnesota,240:00,44,86,0.512,13,35,0.371,10,15,0.667,9,36,45,31,12,6,19,19,111,11
22200737,1610612763,Grizzlies,MEM,Memphis,240:00,38,93,0.409,8,33,0.242,16,19,0.842,15,32,47,22,14,2,20,12,100,-11
22200739,1610612760,Thunder,OKC,Oklahoma City,240:00,40,76,0.526,10,18,0.556,22,25,0.88,10,36,46,19,5,2,14,17,112,12
22200739,1610612739,Cavaliers,CLE,Cleveland,240:00,39,88,0.443,8,29,0.276,14,18,0.778,11,26,37,27,9,5,10,21,100,-12
22200738,1610612753,Magic,ORL,Orlando,240:00,33,69,0.478,12,34,0.353,27,32,0.844,2,38,40,21,5,3,20,23,105,-5
22200738,1610612748,Heat,MIA,Miami,240:00,39,85,0.459,10,33,0.303,22,26,0.846,5,32,37,28,9,3,11,19,110,5
22200727,1610612762,Jazz,UTA,Utah,240:00,47,90,0.522,20,41,0.488,10,15,0.667,8,27,35,32,5,5,13,18,124,-10
22200727,1610612757,Trail Blazers,POR,Portland,240:00,51,89,0.573,17,36,0.472,15,18,0.833,6,35,41,26,9,4,10,15,134,10
22200713,1610612754,Pacers,IND,Indiana,240:00,42,99,0.424,10,37,0.27,22,28,0.786,14,31,45,24,9,10,6,21,116,6
22200713,1610612741,Bulls,CHI,Chicago,240:00,43,88,0.489,5,24,0.208,19,25,0.76,11,34,45,19,5,5,16,23,110,-6
22200717,1610612764,Wizards,WAS,Washington,240:00,42,83,0.506,11,30,0.367,32,41,0.78,6,35,41,28,7,3,10,22,127,1
22200717,1610612742,Mavericks,DAL,Dallas,240:00,47,89,0.528,10,30,0.333,22,26,0.846,8,30,38,24,6,2,9,25,126,-1
22200718,1610612756,Suns,PHX,Phoenix,240:00,47,94,0.5,22,39,0.564,12,13,0.923,15,40,55,38,3,10,17,21,128,31
22200718,1610612766,Hornets,CHA,Charlotte,240:00,39,96,0.406,6,25,0.24,13,18,0.722,10,30,40,19,10,5,13,21,97,-31
22200719,1610612747,Lakers,LAL,Los Angeles,240:00,42,95,0.442,16,40,0.4,15,24,0.625,9,23,32,21,8,4,6,13,115,-18
22200719,1610612746,Clippers,LAC,LA,240:00,51,84,0.607,19,38,0.5,12,15,0.8,7,40,47,25,4,9,12,20,133,18
22200714,1610612748,Heat,MIA,Miami,240:00,34,94,0.362,12,33,0.364,18,23,0.783,14,37,51,21,7,2,7,18,98,3
22200714,1610612738,Celtics,BOS,Boston,240:00,32,74,0.432,10,32,0.313,21,27,0.778,5,39,44,21,5,6,17,22,95,-3
22200716,1610612740,Pelicans,NOP,New Orleans,240:00,38,85,0.447,5,26,0.192,17,20,0.85,14,29,43,18,5,3,14,14,98,-1
22200716,1610612743,Nuggets,DEN,Denver,240:00,39,80,0.488,11,33,0.333,10,13,0.769,7,27,34,27,8,5,12,20,99,1
22200706,1610612749,Bucks,MIL,Milwaukee,240:00,55,98,0.561,23,52,0.442,17,24,0.708,13,37,50,38,11,6,18,27,150,20
22200706,1610612765,Pistons,DET,Detroit,240:00,43,87,0.494,13,32,0.406,31,40,0.775,11,30,41,26,10,3,20,21,130,-20
22200710,1610612762,Jazz,UTA,Utah,240:00,41,86,0.477,16,40,0.4,22,26,0.846,9,37,46,25,8,4,16,26,120,18
22200710,1610612766,Hornets,CHA,Charlotte,240:00,38,85,0.447,2,16,0.125,24,34,0.706,11,31,42,22,8,7,14,23,102,-18
22200707,1610612753,Magic,ORL,Orlando,240:00,43,84,0.512,11,27,0.407,16,24,0.667,8,32,40,22,10,3,10,12,113,15
22200707,1610612738,Celtics,BOS,Boston,240:00,36,83,0.434,18,46,0.391,8,11,0.727,8,29,37,24,5,4,18,23,98,-15
22200711,1610612759,Spurs,SAS,San Antonio,240:00,47,90,0.522,13,27,0.481,20,26,0.769,14,26,40,30,7,4,15,18,127,-20
22200711,1610612757,Trail Blazers,POR,Portland,240:00,55,92,0.598,20,33,0.606,17,22,0.773,8,28,36,34,11,4,9,16,147,20
22200709,1610612750,Timberwolves,MIN,Minnesota,240:00,41,91,0.451,16,42,0.381,16,22,0.727,12,29,41,19,8,7,19,22,114,-5
22200709,1610612745,Rockets,HOU,Houston,240:00,44,88,0.5,11,30,0.367,20,30,0.667,12,35,47,24,11,5,20,15,119,5
22200679,1610612744,Warriors,GSW,Golden State,265:00,40,100,0.4,18,52,0.346,20,23,0.87,8,39,47,28,10,7,16,26,118,-3
22200679,1610612738,Celtics,BOS,Boston,265:00,43,108,0.398,13,41,0.317,22,30,0.733,18,45,63,21,10,5,17,19,121,3
22200659,1610612761,Raptors,TOR,Toronto,265:00,38,96,0.396,13,44,0.295,34,41,0.829,14,28,42,27,8,12,6,25,123,2
22200659,1610612752,Knicks,NYK,New York,265:00,42,99,0.424,9,31,0.29,28,35,0.8,20,34,54,17,3,5,11,28,121,-2
22200645,1610612750,Timberwolves,MIN,Minnesota,240:00,45,80,0.563,9,28,0.321,11,15,0.733,4,27,31,22,10,5,13,21,110,8
22200645,1610612739,Cavaliers,CLE,Cleveland,240:00,37,76,0.487,8,28,0.286,20,23,0.87,8,32,40,24,5,2,18,17,102,-8
22200628,1610612749,Bucks,MIL,Milwaukee,240:00,35,87,0.402,22,57,0.386,10,15,0.667,8,31,39,20,10,2,10,12,102,-6
22200628,1610612748,Heat,MIA,Miami,240:00,42,95,0.442,9,34,0.265,15,16,0.938,18,43,61,22,8,1,13,8,108,6
22200626,1610612755,76ers,PHI,Philadelphia,240:00,39,88,0.443,11,36,0.306,25,27,0.926,9,30,39,30,4,3,17,29,114,-19
22200626,1610612760,Thunder,OKC,Oklahoma City,240:00,44,86,0.512,14,33,0.424,31,33,0.939,5,34,39,28,7,6,11,22,133,19
22200631,1610612757,Trail Blazers,POR,Portland,240:00,40,78,0.513,11,33,0.333,22,29,0.759,5,31,36,17,6,4,16,27,113,-6
22200631,1610612739,Cavaliers,CLE,Cleveland,240:00,44,89,0.494,7,22,0.318,24,31,0.774,12,32,44,28,6,1,11,19,119,6
22200612,1610612755,76ers,PHI,Philadelphia,240:00,54,89,0.607,11,31,0.355,28,30,0.933,10,45,55,36,7,8,18,29,147,31
22200612,1610612765,Pistons,DET,Detroit,240:00,36,89,0.404,14,39,0.359,30,36,0.833,3,23,26,23,9,5,11,22,116,-31
22200615,1610612756,Suns,PHX,Phoenix,240:00,41,90,0.456,14,31,0.452,29,31,0.935,19,38,57,26,5,7,21,22,125,12
22200615,1610612744,Warriors,GSW,Golden State,240:00,37,96,0.385,18,48,0.375,21,27,0.778,16,29,45,24,13,2,15,26,113,-12
22200601,1610612750,Timberwolves,MIN,Minnesota,240:00,38,80,0.475,10,28,0.357,18,22,0.818,9,35,44,23,8,4,17,18,104,8
22200601,1610612745,Rockets,HOU,Houston,240:00,38,89,0.427,11,36,0.306,9,15,0.6,12,29,41,26,8,7,18,19,96,-8
22200591,1610612759,Spurs,SAS,San Antonio,240:00,49,100,0.49,7,25,0.28,11,14,0.786,12,39,51,25,6,3,13,20,116,-5
22200591,1610612738,Celtics,BOS,Boston,240:00,47,95,0.495,15,34,0.441,12,18,0.667,8,35,43,30,6,10,14,15,121,5
22200578,1610612762,Jazz,UTA,Utah,240:00,46,93,0.495,19,48,0.396,20,21,0.952,9,33,42,33,10,5,8,20,131,17
22200578,1610612745,Rockets,HOU,Houston,240:00,38,92,0.413,15,42,0.357,23,26,0.885,14,35,49,19,4,3,14,21,114,-17
22200569,1610612761,Raptors,TOR,Toronto,265:00,38,116,0.328,9,46,0.196,16,20,0.8,14,33,47,22,10,4,8,23,101,-3
22200569,1610612749,Bucks,MIL,Milwaukee,265:00,35,88,0.398,13,39,0.333,21,30,0.7,13,60,73,26,4,4,25,24,104,3
22200565,1610612756,Suns,PHX,Phoenix,240:00,32,81,0.395,10,28,0.357,14,18,0.778,8,41,49,24,8,3,13,19,88,-2
22200565,1610612739,Cavaliers,CLE,Cleveland,240:00,30,77,0.39,11,36,0.306,19,23,0.826,7,39,46,15,9,4,14,17,90,2
22200566,1610612753,Magic,ORL,Orlando,240:00,42,81,0.519,13,33,0.394,29,36,0.806,13,36,49,26,6,5,16,22,126,11
22200566,1610612760,Thunder,OKC,Oklahoma City,240:00,36,89,0.404,15,37,0.405,28,31,0.903,9,24,33,23,9,3,9,23,115,-11
22200574,1610612748,Heat,MIA,Miami,240:00,43,95,0.453,8,29,0.276,15,21,0.714,14,29,43,24,9,4,13,20,109,-3
22200574,1610612747,Lakers,LAL,Los Angeles,240:00,40,81,0.494,8,27,0.296,24,30,0.8,9,33,42,20,10,4,17,18,112,3
22200568,1610612759,Spurs,SAS,San Antonio,240:00,41,82,0.5,11,28,0.393,21,26,0.808,9,29,38,25,5,3,15,24,114,-3
22200568,1610612752,Knicks,NYK,New York,240:00,45,94,0.479,10,31,0.323,17,26,0.654,14,33,47,16,7,6,12,21,117,3
22200567,1610612755,76ers,PHI,Philadelphia,265:00,48,98,0.49,14,36,0.389,19,22,0.864,14,32,46,24,4,7,9,19,129,3
22200567,1610612754,Pacers,IND,Indiana,265:00,45,95,0.474,13,36,0.361,23,26,0.885,13,32,45,31,7,8,13,18,126,-3
22200564,1610612763,Grizzlies,MEM,Memphis,240:00,47,94,0.5,9,30,0.3,28,37,0.757,11,48,59,28,10,8,14,16,131,24
22200564,1610612766,Hornets,CHA,Charlotte,240:00,38,94,0.404,11,38,0.289,20,24,0.833,10,34,44,25,11,8,12,23,107,-24
22200549,1610612743,Nuggets,DEN,Denver,240:00,45,79,0.57,17,30,0.567,16,18,0.889,1,34,35,31,5,4,14,17,123,12
22200549,1610612738,Celtics,BOS,Boston,240:00,40,87,0.46,9,33,0.273,22,27,0.815,10,31,41,30,8,3,13,15,111,-12
22200715,1610612752,Knicks,NYK,New York,240:00,37,75,0.493,17,33,0.515,14,21,0.667,9,33,42,25,4,3,15,18,105,2
22200715,1610612739,Cavaliers,CLE,Cleveland,240:00,40,87,0.46,12,33,0.364,11,16,0.688,10,31,41,29,8,4,10,19,103,-2
22200712,1610612758,Kings,SAC,Sacramento,240:00,49,88,0.557,22,40,0.55,13,14,0.929,10,43,53,37,10,5,24,11,133,33
22200712,1610612763,Grizzlies,MEM,Memphis,240:00,40,98,0.408,12,36,0.333,8,10,0.8,10,21,31,28,14,3,15,21,100,-33
